Date,Day,Week,Month,Sky,High Temperature (F),Low Temperature (F),Feels Like (F),Wake Up City,Wake Up State,Wake Up Country,Sleep City,Sleep State,Sleep Country,Cities Visited,States Visited,Countries Visited,Wake Up Time,Bedtime,Hours slept,Naps taken,Nap Duration (hours),Morning Phone Battery (%),Fun Meter (1-10),Sick?,Shirt ID,Shirt Type,Shirt Color Primary,Shirt Color Secondary,Shirt Brand,Shirt Design,Shirt Color Short,Pants ID,Pants Type,Pants Color Primary,Pants Color Secondary,Pants Brand,Pants Design,Pants Color Short,Shoe ID,Shoe Type,Shoe Color Primary,Shoe Color Secondary,Shoe Brand,Shoe Design,Shoe Color Short,Underwear Color Primary,Underwear Color Secondary,Underwear Type,Underwear Color Short,Sock ID,Sock Color Primary,Sock Color Secondary,Sock Brand,Sock Design,Sock Color Short,Contacts/Glasses?,Glasses Color,Hat?,Hat ID,Hat Color Primary,Hat Color Secondary,Hat Type,Hat Brand,Hat Design,Hat Color Short,Jacket?,Jacket ID,Jacket Color Primary,Jacket Color Secondary,Jacket Type,Jacket Brand,Jacket Design,Jacket Color Short,Clothes Layers,Breakfast,Lunch,Dinner,Dessert,Snacks Eaten,Candy Eaten,Cooked Breakfast?,Cooked Lunch?,Lunch Leftovers?,Cooked Dinner?,Dinner Leftovers?,Cooked Dessert?,Restaurant Breakfast,Restaurant Lunch,Restaurant Dinner,Restaurant Dessert,Breakfast Rating,Lunch Rating,Dinner Rating,Dessert Rating,Fruit Eaten,Vegetables Eaten,Meat Eaten,Other Eaten,Breakfast Notes,Lunch Notes,Dinner Notes,Dessert Notes,Streaming Service Breakfast,Streaming Service Lunch,Streaming Service Dinner,Show Watched During Breakfast,Show Watched During Lunch,Show Watched During Dinner,Times watched TV,Went to grocery store?,Went Outside?,Outside Feel,Gym?,Cardio?,Cardio Duration (minutes),Lifting?,Lifting Duration (minutes),Steps Taken,Distance Traveled (miles),Floors Walked,Resting Heart Rate,Peak Heart Rate,Calories Burned,Sports Played,Duration (minutes),Public Transportation Used,In Car?,Drove?,Uber/Lyft?,People seen in person,Things I worked on,Coding Languages Used,Brushed Teeth?,Flossed?,Times pooped,Times peed,Zoom?,Video games played,Board games played,Alcohol?,# of Drinks,Drink Type
2025-01-01,Wednesday,1,January,Cloudy,50,28,34,Norcross,Georgia,USA,Norcross,Georgia,USA,Norcross,Georgia,USA,10:00,02:00,9,0,0,50,7,TRUE,1,T-Shirt,Lime Green,Crimson,,Harvantis,Green,1,Pajama Pants,Light Blue,White,Star Wars,Baby Yoda,Blue,1,Sneakers,Forest Green,Lime Green,Nike,Kobe,Green,Gray,,Boxers,Gray,1,Lime Green,,Stance,Grinch,Green,Glasses,Green,FALSE,,,,,,,,TRUE,1,Hunter Green,,Winter Jacket,Costco,,Green,2,,Blueberry Pancakes,Baked Spaghetti,,Skinny Pop,"Sour Gummy Bear, Hot Tamales, Hot Tamales, Hot Tamales",FALSE,FALSE,FALSE,FALSE,FALSE,FALSE,,,,,,7,8,,"Banana, Blueberry",,Sausage,,,The classic,Baked spaghetti is amazing,,,,Cable,,,Hawks vs. Nuggets,1,FALSE,FALSE,,FALSE,FALSE,0,FALSE,0,4280,1.99,10,61,133,2507,,,,FALSE,FALSE,FALSE,"Mom, Dad, Matthew",MylesAI,R,TRUE,TRUE,2,3,FALSE,Marvel Rivals,,FALSE,0,
2025-01-02,Thursday,1,January,Cloudy,50,35,40,Norcross,Georgia,USA,Richmond,Virginia,USA,"Norcross, Richmond","Georgia, Virginia",USA,10:00,02:00,8,1,0.5,49,9,FALSE,2,Polo,Lime Green,,Grand Slam,,Green,2,Joggers,Forest Green,,American Eagle,,Green,1,Sneakers,Forest Green,Lime Green,Nike,Kobe,Green,Green,Red,Boxers,Green,1,Lime Green,,Stance,Grinch,Green,Glasses,Green,TRUE,1,Eucalyptus,,Beanie,Target,,Green,TRUE,2,Forest Green,White,Hoodie,,Attack on Titan,Green,2,,Blueberry Pancakes,Spicy chicken sandwich,,,,FALSE,FALSE,FALSE,FALSE,FALSE,FALSE,,,Chick-Fil-A,,,7,8,,"Banana, Blueberry",,Chicken,,,The classic,,,,,Crunchyroll,,,Blue Lock,0,FALSE,TRUE,Cold,FALSE,FALSE,0,FALSE,0,15959,7.42,29,61,114,3261,,,Airplane,TRUE,FALSE,FALSE,"Mom, Dad, Matthew, Bambi, Michael, Joe, Jiwei",MylesAI,R,TRUE,TRUE,2,3,FALSE,Marvel Rivals,,TRUE,1,Cocktail
2025-01-03,Friday,1,January,Partly Cloudy,49,23,37,Richmond,Virginia,USA,Richmond,Virginia,USA,Richmond,Virginia,USA,10:00,02:00,8,0,0,32,10,FALSE,3,Long Sleeve,Kelly Green,Yellow,Reebok,Power Rangers,Green,3,Joggers,Black,,American Eagle,,Black,1,Sneakers,Forest Green,Lime Green,Nike,Kobe,Green,Blue,Green,Boxers,Blue,2,Green,Blue,Nintendo,Luigi,Green,Glasses,Green,TRUE,1,Eucalyptus,,Beanie,Target,,Green,TRUE,1,Hunter Green,,Winter Jacket,Costco,,Green,2,Yogurt,Beef Curry,Steak w/ Mac and Cheese,,"Pretzels, Cool Ranch Doritos",,FALSE,FALSE,FALSE,TRUE,FALSE,FALSE,,,,,,8,9,,,"Potato, Carrot, Lettuce",Beef,,Servicable,Great beef stew provided by Zada and Michael,Fantastic steak and mac and cheese,,,,Crunchyroll,,,Blue Lock,0,FALSE,TRUE,Cold,FALSE,FALSE,0,FALSE,0,12040,5.53,18,60,116,3562,Disc Golf,180,,TRUE,FALSE,FALSE,"Bambi, Michael, Joe, Jiwei",,,TRUE,TRUE,2,3,FALSE,"Mario Kart, Big Brain Academy: Brain vs. Brain",,TRUE,6,"Seltzer, Seltzer, Seltzer, Seltzer, Seltzer, Beer, Beer"
2025-01-04,Saturday,1,January,Sunny,39,16,20,Richmond,Virginia,USA,Richmond,Virginia,USA,Richmond,Virginia,USA,10:00,02:00,8,0,0,39,10,FALSE,4,Long Sleeve,Forest Green,,Polo,,Green,2,Joggers,Forest Green,,American Eagle,,Green,1,Sneakers,Forest Green,Lime Green,Nike,Kobe,Green,Blue,White,Boxers,Blue,1,Lime Green,,Stance,Grinch,Green,Glasses,Green,TRUE,1,Eucalyptus,,Beanie,Target,,Green,TRUE,1,Hunter Green,,Winter Jacket,Costco,,Green,2,,Bacon and Eggs,Lamb Platter,,Pretzels,,FALSE,FALSE,FALSE,FALSE,FALSE,FALSE,,,Halal Munchies,,,8,9,,,"Lettuce, Cucumber","Bacon, Egg, Lamb",,,Great breakfast made by the groomsmen,Great halal place in richmond with ridiculous portions for an insanely cheap price. If I went to college around there I would spam that place so hard,,,,Crunchyroll,,,Blue Lock,0,FALSE,TRUE,Cold,FALSE,FALSE,0,FALSE,0,10793,4.68,12,61,121,3876,"Basketball, Disc Golf","180, 180",,TRUE,FALSE,FALSE,"Bambi, Michael, Joe, Jiwei",,,TRUE,TRUE,2,3,FALSE,"Mario Kart, Big Brain Academy: Brain vs. Brain",,TRUE,7,"Seltzer, Seltzer, Seltzer, Seltzer, Seltzer, Seltzer, Beer, Beer"
2025-01-05,Sunday,2,January,Partly Cloudy,42,29,32,Richmond,Virginia,USA,Norcross,Georgia,USA,"Richmond, Atlanta, Norcross","Georgia, Virginia",USA,09:00,00:00,7,1,1,50,9,FALSE,3,Long Sleeve,Kelly Green,Yellow,Reebok,Power Rangers,Green,2,Joggers,Forest Green,,American Eagle,,Green,1,Sneakers,Forest Green,Lime Green,Nike,Kobe,Green,Green,Red,Boxers,Green,3,Black,Neon Green,Stance,Space,Black,Glasses,Green,TRUE,1,Eucalyptus,,Beanie,Target,,Green,TRUE,1,Hunter Green,,Winter Jacket,Costco,,Green,2,,Rainbow Bagel,Chicken Platter,,Skinny Pop,"Hot Tamales, Hot Tamales, Hot Tamales",FALSE,FALSE,FALSE,FALSE,FALSE,FALSE,,,,,,7,9,,Grape,,Chicken,,,Solid bagel with great cream cheese,,,,,,,,,0,FALSE,TRUE,Cold,FALSE,FALSE,0,FALSE,0,7139,3.28,8,65,141,2870,,,Airplane,TRUE,FALSE,FALSE,"Mom, Dad, Matthew, Bambi, Michael, Joe, Jiwei",,,TRUE,TRUE,2,3,FALSE,Marvel Rivals,,FALSE,0,
2025-01-06,Monday,2,January,Rain,49,26,43,Norcross,Georgia,USA,Norcross,Georgia,USA,Norcross,Georgia,USA,08:00,23:00,8,0,0,100,7,FALSE,5,T-Shirt,Cadmium Green,Yellow,,Sunrise,Green,4,Joggers,Cadmium Green,,,,Green,2,Sneakers,Black,Lime Green,Nike,,Black,Green,Blue,Boxers,Green,4,Black,Green,Stance,Grinch,Black,Glasses,Green,TRUE,2,Dark Green,,Beanie,American Eagle,,Green,TRUE,1,Hunter Green,,Winter Jacket,Costco,,Green,2,,Blueberry Pancakes,Orange Chicken,,Skinny Pop,"Sour Albanese Gummy Bears, Hot Tamales, Hot Tamales, Hot Tamales",FALSE,FALSE,FALSE,FALSE,FALSE,FALSE,,,,,,8,8,,"Blueberry, Banana",,Chicken,,,The classic,TJ Orange chicken strikes again,,,,,,,,0,FALSE,TRUE,Chilly,TRUE,TRUE,10,TRUE,30,6572,3.06,13,64,113,2619,,,,TRUE,FALSE,FALSE,"Mom, Dad, Matthew",,,TRUE,TRUE,2,3,FALSE,Marvel Rivals,,FALSE,0,
2025-01-07,Tuesday,2,January,Cloudy,33,19,12,Norcross,Georgia,USA,Hoboken,New Jersey,USA,"Norcross, Atlanta, Newark, Hoboken","Georgia, New Jersey",USA,04:30,02:00,5.5,1,1,56,6,FALSE,6,Long Sleeve,Cornflour Blue,,,,Blue,2,Joggers,Forest Green,,American Eagle,,Green,1,Sneakers,Forest Green,Lime Green,Nike,Kobe,Green,Green,Blue,Boxers,Green,5,Fern Green,Black,Stance,Christmas,Green,Glasses,Green,TRUE,3,Steel Blue,,Beanie,IBM,Watson,Blue,TRUE,3,Cerulean,,Hoodie,Costco,,Blue,2,Yogurt + Banana,Chicken Quesadilla,Honey Garlic Salmon Salad,,Stoffel,Sour Albanese Gummy Bears,TRUE,TRUE,FALSE,TRUE,FALSE,FALSE,,,,,,8,9,,Banana,"Corn, Lettuce","Chicken, Salmon",,Early morning so I had to get something quick,TJ chicken quesadilla was great,First meal I cooked in a while and I still got it. Honey Garlic Salmon is really really good,,,Netflix,Netflix,,Squid Game,Squid Game,2,TRUE,TRUE,Cold,FALSE,FALSE,0,FALSE,0,9699,4.46,17,64,127,2855,,,Airplane,TRUE,FALSE,Uber,"Mom, Jiwei",,,TRUE,TRUE,2,3,FALSE,,,FALSE,0,
2025-01-08,Wednesday,2,January,Cloudy,30,22,9,Hoboken,New Jersey,USA,Hoboken,New Jersey,USA,Hoboken,New Jersey,USA,11:00,01:00,9,0,0,100,6,FALSE,7,T-Shirt,Dark Green,Pastel Green,H&M,Indoors Club,Green,5,Sweatpants,Chartreuse,,Adidas,Emojis,Green,3,Slip-on Shoes,Matcha Green,,Moln,,Green,Blue,White,Boxers,Blue,1,Lime Green,,Stance,Grinch,Green,Glasses,Green,TRUE,1,Eucalyptus,,Beanie,Target,,Green,TRUE,4,Hunter Green,,Hoodie,Costco,,Green,2,,Honey Garlic Salmon Salad,Chao Tom w/ Broccoli and Carrot and Mushrooms,,"Jalepeño Chips, Skinny Pop",Green Tea Mints,FALSE,TRUE,TRUE,TRUE,FALSE,FALSE,,,,,,9,9,,Banana,"Broccoli, Mushroom, Carrot, Lettuce","Salmon, Shrimp",,,The salmon made good leftovers too,Another TJ item that I was curious about. It's a Thai dish called Chao Tom which is basically fried shrimp on sugar cane. Really good and the sugar cane was surprisingly nice to chew on.,,,Netflix,Netflix,,Squid Game,Cobra Kai,2,TRUE,TRUE,Cold,TRUE,FALSE,0,TRUE,30,6267,3.31,7,63,102,2400,,,,TRUE,FALSE,FALSE,Jiwei,MylesAI,R,TRUE,TRUE,2,3,FALSE,,,FALSE,0,
2025-01-09,Thursday,2,January,Windy,34,22,9,Hoboken,New Jersey,USA,Hoboken,New Jersey,USA,Hoboken,New Jersey,USA,10:00,00:00,9,0,0,100,6,FALSE,8,T-Shirt,Lime Green,Blue,Nike,Tribal,Green,6,Sweatpants,Eucalyptus,,,,Green,3,Slip-on Shoes,Matcha Green,,Moln,,Green,Blue,Green,Boxers,Blue,6,Eucalyptus,Fern Green,,Fuzzy,Green,Glasses,Green,TRUE,1,Eucalyptus,,Beanie,Target,,Green,TRUE,5,Gray,Green,Sweater,H&M,Hulk,Gray,2,,Chao Tom w/ Broccoli and Carrot and Mushrooms,Kofta Meatballs over Rice,,"Jalepeño Chips, Skinny Pop","Haribo Watermelons, Albanese Albanese Gummy Bears",FALSE,TRUE,TRUE,TRUE,FALSE,FALSE,,,,,,9,9,,Banana,"Broccoli, Mushroom, Carrot, Beet","Shrimp, Turkey",,,I liked the leftovers just as much,Amazing meal. I made the meatballs with berber and harissa seasoning along with black pepper. I then added beats to the meat and rolled them into balls. I cooked the balls for 10 minutes and then poured water into the pan and cooked them for an additional 4 minutes. I then put rice and harissa sauce on a plate then the meatballs on top. I also put some lime juice over the meatballs since I noticed it was missing something. My only mistake was not seasoning the meat as well but all in all a great meal,,,Hulu,Hulu,,Abbott Elementary,What We Do In The Shadows,2,TRUE,TRUE,Freezing,TRUE,TRUE,10,TRUE,30,12335,5.68,37,63,115,2997,,,,FALSE,FALSE,FALSE,Jiwei,MylesAI,R,TRUE,TRUE,2,2,FALSE,,,FALSE,0,
2025-01-10,Friday,2,January,Cloudy,39,26,24,Hoboken,New Jersey,USA,Hoboken,New Jersey,USA,"Hoboken, Manhattan","New Jersey, New York",USA,08:00,02:00,8,0,0,50,8,FALSE,9,Long Sleeve,Seafoam Green,,Columbia,,Green,7,Sweatpants,Gray,Crimson,Quincy,Quincy,Gray,3,Slip-on Shoes,Matcha Green,,Moln,,Green,Green,Red,Boxers,Green,7,Kelly Green,,Nike,Santa,Green,Glasses,Green,TRUE,4,Lime Green,,Beanie,Zara,,Green,TRUE,6,Lime Green,,Sweater,Zara,,Green,2,,Kofta Meatballs over Rice,Dim Sum,,"Jalepeño Chips, Skinny Pop, Turtle Chips",,FALSE,TRUE,TRUE,FALSE,FALSE,FALSE,,,,,,9,10,,Banana,"Beet, Cabbage, Carrot","Turkey, Tilapia, Shrimp, Chicken, Pork, Beef",,,Great leftovers,Can't go wrong with Dim Sum Palace,,,Hulu,,,What We Do In The Shadows,,1,FALSE,TRUE,Cold,FALSE,FALSE,0,FALSE,0,9034,4.18,10,63,128,3211,Golf Simulator,120,"NJTransit Bus, NJTransit Bus, Subway, Subway",FALSE,FALSE,FALSE,"Jiwei, Jed, Kevin, Deezy, Leo, Tharan","MylesAI, PreceptorFit","R, python",TRUE,TRUE,2,3,FALSE,Golf Simulator,,TRUE,3,"Margerita, Seltzer, Seltzer"
2025-01-11,Saturday,2,January,Cloudy,36,29,27,Hoboken,New Jersey,USA,Hoboken,New Jersey,USA,Hoboken,New Jersey,USA,10:00,00:00,8,0,0,60,7,FALSE,10,Button-Up Shirt,Pastel Green,Jungle Green,Columbia,Tropical Plants,Green,8,Japanese Leisure Pants,Olive Green,,,,Green,3,Slip-on Shoes,Matcha Green,,Moln,,Green,Green,Blue,Boxers,Green,,,,,,,Glasses,Green,FALSE,,,,,,,,FALSE,,,,,,,,1,,Kofta Meatballs over Rice,Sausage Jalepeño Bread,,Skinny Pop,,FALSE,TRUE,FALSE,TRUE,FALSE,FALSE,,Tony Baloney's,,,,9,10,,"Banana, Jalepeño",Beet,"Turkey, Chicken",,,I liked the leftovers just as much,Really can't go wrong with sausage and cheesy bread,,,Netflix,Netflix,,Cobra Kai,Cobra Kai,2,FALSE,TRUE,Cold,FALSE,FALSE,0,FALSE,0,6827,3.31,10,63,134,2720,,,,FALSE,FALSE,FALSE,Jiwei,,,TRUE,TRUE,2,3,FALSE,,,FALSE,0,
2025-01-12,Sunday,3,January,Sunny,41,30,38,Hoboken,New Jersey,USA,Hoboken,New Jersey,USA,Hoboken,New Jersey,USA,09:00,02:00,9,1,2,37,7,FALSE,11,T-Shirt,Kelly Green,White,Dollar Store,Do Your Thing,Green,6,Sweatpants,Eucalyptus,,,,Green,4,Sneakers,Aquamarine,Light Green,Nike,,Green,Blue,Green,Boxers,Blue,8,White,Green,Roots,Elk,White,Glasses,Green,TRUE,1,Eucalyptus,,Beanie,Target,,Green,TRUE,7,Mint Green,,Hoodie,Old Navy,,Green,2,,Winger and Mac and Cheese Slice,Pork Shu Mai,,Skinny Pop,,FALSE,FALSE,FALSE,TRUE,FALSE,FALSE,,,,,,9,8,,Banana,,"Chicken, Pork",Ginger,,First Tony Baloney's of the year,Very solid TJ item,,,,Netflix,,,Sweet Tooth,1,FALSE,TRUE,Chilly,TRUE,FALSE,0,TRUE,30,11186,5.25,6,64,116,2842,,,,FALSE,FALSE,FALSE,"Jiwei, Kevin, Tharan","MylesAI, PreceptorFit","R, python",TRUE,TRUE,2,1,FALSE,,,FALSE,0,
2025-01-13,Monday,3,January,Cloudy,43,27,32,Hoboken,New Jersey,USA,Hoboken,New Jersey,USA,"Hoboken, Manhattan","New Jersey, New York",USA,09:00,01:00,7,0,0,40,8,FALSE,12,Long Sleeve,Forest Green,,Harvard,Ultimate Frisbee,Green,10,Sweatpants,Black,White,BRed Line,Toast,Black,5,Sandals,Forest Green,Orange,Adidas,,Green,Green,,Boxers,Green,7,Kelly Green,,Nike,Santa,Green,Glasses,Green,TRUE,1,Eucalyptus,,Beanie,Target,,Green,TRUE,8,Forest Green,,Windbreaker,,Puffy,Green,2,,Sausage Nachos,Hot Honey Turkey over Rice,,Skinny Pop,"Hot Tamales, Hot Tamales, Hot Tamales",FALSE,TRUE,TRUE,TRUE,FALSE,FALSE,,,,,,8,8,,Banana,,"Chicken, Turkey",Ginger,,Great nachos considering I just kinda threw ingredients together,Hot honey might be the star of the show this year,,,Netflix,Netflix,,Sweet Tooth,Sweet Tooth,2,FALSE,TRUE,Cold,FALSE,FALSE,0,FALSE,0,23788,11.03,10,62,152,3838,Frisbee,90,"PATH, PATH",FALSE,FALSE,FALSE,"Jiwei, Joe","MylesAI, PreceptorFit","R, python",TRUE,TRUE,2,3,FALSE,,,FALSE,0,
2025-01-14,Tuesday,3,January,Sunny,34,24,18,Hoboken,New Jersey,USA,Hoboken,New Jersey,USA,"Hoboken, Manhattan","New Jersey, New York",USA,09:00,01:00,8,1,1.5,5,8,FALSE,13,T-Shirt,Blue,White,Zoom,Zoom,Blue,11,Sweatpants,Forest Green,,,,Green,5,Sandals,Forest Green,Orange,Adidas,,Green,Green,,Boxers,Green,9,White,Blue,Nintendo,Mushroom,White,Contacts,,TRUE,3,Steel Blue,,Beanie,IBM,Watson,Blue,TRUE,9,Pistachio,,Hoodie,Costco,,Green,2,,Hot Honey Turkey over Rice,Sweet and Sour Salmon Burger w/ Broccoli and Cauliflour,,"Skinny Pop, Ghost Pepper Chips",Green Tea Mints,FALSE,TRUE,TRUE,TRUE,FALSE,FALSE,,,,,,8,8,,Banana,"Broccoli, Carrot, Cauliflour","Salmon, Turkey",Ginger,,Solid leftovers,Great use of the sweet and sour sauce,,,Netflix,Netflix,,Sweet Tooth,Hellbound,2,FALSE,TRUE,Cold,TRUE,TRUE,10,TRUE,30,10980,4.97,20,63,153,3023,Basketball,120,"NJTransit Bus, NJTransit Bus, Subway, Subway",FALSE,FALSE,FALSE,"Jiwei, Kevin, Tharan, Wilson","MylesAI, PreceptorFit","R, python",TRUE,TRUE,2,3,TRUE,,,FALSE,0,
2025-01-15,Wednesday,3,January,Sunny,32,22,17,Hoboken,New Jersey,USA,Hoboken,New Jersey,USA,Hoboken,New Jersey,USA,10:00,23:00,9,0,0,25,6,FALSE,14,T-Shirt,Lime Green,White,Nintendo,Luigi,Green,12,Sweatpants,Aquamarine,,Old Navy,,Green,13,Slip-on Shoes,Electric Lime,,Moln,,Green,Green,Blue,Boxers,Green,3,Black,Neon Green,Stance,Space,Black,Glasses,Green,TRUE,2,Dark Green,,Beanie,American Eagle,,Green,TRUE,1,Hunter Green,,Winter Jacket,Costco,,Green,2,,Sweet and Sour Salmon Burger w/ Broccoli and Cauliflour,North African Goat and Tomato Stew,,"Ghost Pepper Chips, Passionfruit Rounds, Skinny Pop",,FALSE,TRUE,TRUE,TRUE,FALSE,FALSE,,,,,,8,8,,"Passionfruit, Tomato","Broccoli, Carrot, Cauliflour","Goat, Turkey",,,Solid leftovers,Some of the goat chunks were really tough and I'm not a fan of stews with bone-in meats. That being said I seasoned this really well and it was delicious. With a different meat I think it's a 10 recipe,,,Netflix,Netflix,,Hellbound,Hellbound,2,TRUE,TRUE,Cold,FALSE,FALSE,0,FALSE,0,9379,4.24,7,64,110,2769,,,,FALSE,FALSE,FALSE,Jiwei,"PreceptorFit, Mood Clinical Trials","R, python",TRUE,TRUE,1,3,FALSE,,,FALSE,0,
2025-01-16,Thursday,3,January,Cloudy,30,23,19,Hoboken,New Jersey,USA,Hoboken,New Jersey,USA,"Hoboken, Manhattan","New Jersey, New York",USA,10:00,00:00,11,0,0,50,8,FALSE,14,T-Shirt,Lime Green,White,Nintendo,Luigi,Green,13,Joggers,Crimson,,American Eagle,,Red,7,Sneakers,Black,Kelly Green,Adidas,Lego,Black,Green,Red,Boxers,Green,53,Neon Green,,Stance,,Green,Glasses,Green,TRUE,5,Black,Red,Beanie,Pepper Palace,,Black,TRUE,4,Hunter Green,,Hoodie,Costco,,Green,2,,North African Goat and Tomato Stew,Hummus Salad,,"Plantain Chips, Skinny Pop, Chedder Caramel Popcorn",,FALSE,TRUE,TRUE,TRUE,FALSE,FALSE,,,,,,10,9,,"Tomato, Banana",Lettuce,Goat,,,Something about this staying in the fridge overnight made it really good. There were also a lot less bones this time around which improved my experience. Tasted restaurant quality honestly,Great salad no complaints,,,Netflix,Netflix,,Hellbound,Hellbound,2,FALSE,TRUE,Cold,TRUE,FALSE,0,FALSE,0,11883,5.3,20,63,120,3035,Climbing,120,"NJTransit Bus, NJTransit Bus, Subway, Subway",FALSE,FALSE,FALSE,"Jiwei, Wilson, Leo, Keith, Dan","PreceptorFit, Mood Clinical Trials","R, python",TRUE,TRUE,2,3,FALSE,,,FALSE,0,
2025-01-17,Friday,3,January,Sunny,44,33,35,Hoboken,New Jersey,USA,Hoboken,New Jersey,USA,Hoboken,New Jersey,USA,06:30,03:00,6.5,1,1.5,15,6,FALSE,16,T-Shirt,Lime Green,Dark Green,New Mexico,Mainframe,Green,7,Sweatpants,Gray,Crimson,Quincy,Quincy,Gray,3,Slip-on Shoes,Matcha Green,,Moln,,Green,Red,Blue,Boxers,Red,10,Black,Neon Green,Nike,,Black,Glasses,Green,TRUE,2,Dark Green,,Beanie,American Eagle,,Green,TRUE,9,Pistachio,,Hoodie,Costco,,Green,2,,North African Goat and Tomato Stew,Korean Cinnamon Pancakes,,"Cinnamon Roll Goldfish, Skinny Pop, Plantain Chips",Green Tea Mints,FALSE,TRUE,TRUE,TRUE,FALSE,FALSE,,,,,,9,7,,Tomato,,Goat,,,This dish needs to be refridgeratored after cooking to unlock its true potential,Solid TJ item,,,Netflix,Hulu,,Hellbound,Adventure Time,2,TRUE,TRUE,Chilly,TRUE,TRUE,10,TRUE,30,4583,2.18,3,63,138,2505,Frisbee,90,,FALSE,FALSE,FALSE,Jiwei,"PreceptorFit, Mood Clinical Trials","R, python",TRUE,TRUE,2,3,FALSE,,,FALSE,0,
2025-01-18,Saturday,3,January,Rain,45,33,40,Hoboken,New Jersey,USA,Hoboken,New Jersey,USA,Hoboken,New Jersey,USA,10:00,23:00,7,0,0,24,6,FALSE,17,T-Shirt,Lime Green,Black,Valdolsta State,Valdolsta State,Green,6,Sweatpants,Eucalyptus,,,,Green,8,Sneakers,Lime Green,Emerald Green,Nike,,Green,Blue,Green,Boxers,Blue,11,Dark Green,,,Fuzzy,Green,Glasses,Green,TRUE,1,Eucalyptus,,Beanie,Target,,Green,TRUE,10,Light Green,Pastel Green,Hoodie,Columbia,,Green,2,,Banana Pumpkin Pancake with Bacon,Cobb Salad,,Passionfruit Rounds,Super Sour Scandinavian Swimmers,FALSE,TRUE,FALSE,TRUE,FALSE,FALSE,,,,,,10,8,,"Banana, Pumpkin",,Bacon,,,I make some mean pancakes,Very good salad,,,Hulu,Hulu,,Shogun,Shogun,2,TRUE,TRUE,Chilly,FALSE,FALSE,0,FALSE,0,12027,5.59,5,62,108,2972,,,,FALSE,FALSE,FALSE,,MylesAI,python,TRUE,TRUE,1,3,FALSE,,,FALSE,0,
2025-01-19,Sunday,4,January,Snow,39,26,32,Hoboken,New Jersey,USA,Hoboken,New Jersey,USA,Hoboken,New Jersey,USA,07:00,00:00,8,1,1.5,15,3,TRUE,19,Button-Up Shirt,Forest Green,White,Forever 21,,Green,14,Pajama Pants,Dark Green,Lime Green,Care Bears,Care Bears,Green,5,Sandals,Forest Green,Orange,Adidas,,Green,Green,Blue,Boxers,Green,,,,,,,Glasses,Green,FALSE,,,,,,,,TRUE,19,Lime Green,,Pullover,Bethpage,Bethpage,Green,2,Banana Pumpkin Pancake with Bacon,,Sweet and Sour Salmon Burger w/ Broccoli and Cauliflour,,Cinnamon Roll Goldfish,Super Sour Scandinavian Swimmers,TRUE,FALSE,FALSE,TRUE,FALSE,FALSE,,,,,10,,8,,Pumpkin,Sweet Potato,"Bacon, Pork",,I make some mean pancakes,,Very good no complaints,,,YouTube,Hulu,,Why do Trains Always Have Rocks Near Them | ABC Science,Shogun,2,FALSE,FALSE,,TRUE,TRUE,10,TRUE,30,3896,1.83,3,62,157,2360,,,,FALSE,FALSE,FALSE,,MylesAI,python,TRUE,TRUE,2,3,FALSE,,,FALSE,0,
2025-01-20,Monday,4,January,Cloudy,25,14,12,Hoboken,New Jersey,USA,Hoboken,New Jersey,USA,Hoboken,New Jersey,USA,08:00,00:00,8,0,0,10,4,TRUE,19,Button-Up Shirt,Forest Green,White,Forever 21,,Green,14,Pajama Pants,Dark Green,Lime Green,Care Bears,Care Bears,Green,5,Sandals,Forest Green,Orange,Adidas,,Green,Green,Blue,Boxers,Green,3,Black,Neon Green,Stance,Space,Black,Glasses,Green,FALSE,,,,,,,,FALSE,,,,,,,,1,,Sweet and Sour Salmon Burger w/ Broccoli and Cauliflour,Bacon-wrapped Scallops,,Jalepeño Pita Chips,"Super Sour Scandinavian Swimmers, Albanese Sour Gummy Worms",FALSE,TRUE,FALSE,TRUE,FALSE,FALSE,,,,,,8,10,,Banana,"Broccoli, Carrot, Cauliflour","Bacon, Salmon, Scallop",,,Very good no complaints,Wow these are actually amazing. Might be my favorite trader Joe's item.,,,Hulu,Hulu,,Shogun,Shogun,2,TRUE,TRUE,Cold,FALSE,FALSE,0,FALSE,0,6237,2.93,1,61,135,2474,,,,FALSE,FALSE,FALSE,,"PreceptorFit, Mood Clinical Trials",python,TRUE,TRUE,2,2,FALSE,,,FALSE,0,
2025-01-21,Tuesday,4,January,Cloudy,19,10,12,Hoboken,New Jersey,USA,Hoboken,New Jersey,USA,Hoboken,New Jersey,USA,10:00,00:00,10,0,0,36,4,FALSE,20,T-Shirt,Dark Blue,White,Columbia,DSI,Blue,15,Swishy Sweatpants,Forest Green,White,Holloway,Daldot,Green,5,Sandals,Forest Green,Orange,Adidas,,Green,Green,Red,Boxers,Green,,,,,,,Glasses,Green,FALSE,,,,,,,,TRUE,11,Cornflour Blue,,Hoodie,,,Blue,2,,Jalepeño Pita Chips with Yogurt,Pork Sweet Potato Poutine,,Jalepeño Pita Chips,"Wintergreen Tic Tacs, Sour Watermelon",FALSE,TRUE,FALSE,TRUE,FALSE,FALSE,,,,,,6,9,,,Sweet Potato,Pork,Ginger,,I didn't want to go outside and I also didn't want to cook so here we are,I didn't want to be in the same predicament I was in earlier today so I made a meal that will last for a while,,,Hulu,YouTube,,Abbott Elementary,Kenny forReal,2,FALSE,FALSE,,FALSE,FALSE,0,FALSE,0,1372,0.72,0,54,74,1998,,,,FALSE,FALSE,FALSE,Jiwei,"PreceptorFit, Mood Clinical Trials",python,TRUE,TRUE,3,4,TRUE,,,FALSE,0,
2025-01-22,Wednesday,4,January,Sunny,21,10,24,Hoboken,New Jersey,USA,Hoboken,New Jersey,USA,Hoboken,New Jersey,USA,10:00,00:00,10,0,0,43,6,FALSE,21,T-Shirt,Kelly Green,Blue,Hoboken,Hoboken,Green,16,Pajama Pants,Forest Green,Red,Old Navy,Candy Canes,Green,6,Sandals,Electric Lime,Black,Nike,,Green,Black,Blue,Boxers,Black,,,,,,,Glasses,Green,FALSE,,,,,,,,TRUE,4,Hunter Green,,Hoodie,Costco,,Green,2,,Pork Sweet Potato Poutine,Bacon Bread Pudding,,Jalepeño Pita Chips,"Wintergreen Tic Tacs, Sour Watermelon",FALSE,TRUE,TRUE,TRUE,FALSE,FALSE,,,,,,9,8,,,Sweet Potato,"Pork, Bacon, Egg",Ginger,,"Great decision to make a long lasting meal, me",I underestimated how essential bananas were to the OG version of this recipe and I don't think I got the right bread. Still amazing tho,,,Fmovies,YouTube,,Severance,Grant Horvat Golf,2,FALSE,TRUE,Cold,TRUE,TRUE,10,TRUE,30,5926,2.58,13,60,150,1954,Climbing,60,,FALSE,FALSE,FALSE,Jiwei,Mood Clinical Trial,python,TRUE,TRUE,2,3,FALSE,,,FALSE,0,
2025-01-23,Thursday,4,January,Cloudy,28,11,15,Hoboken,New Jersey,USA,Hoboken,New Jersey,USA,Hoboken,New Jersey,USA,10:00,00:00,10,0,0,20,5,FALSE,22,Long Sleeve,Forest Green,Yellow,Monstercat,,Green,17,Shorts,Black,Electric Lime,Adidas,,Black,6,Sandals,Electric Lime,Black,Nike,,Green,Blue,Green,Boxers,Blue,,,,,,,Glasses,Green,FALSE,,,,,,,,FALSE,,,,,,,,1,,Bacon Bread Pudding,Spinach Omlette w/ Sweet Potatoes,,Tortilla Chips,,FALSE,TRUE,TRUE,TRUE,TRUE,FALSE,,,,,,9,10,,Grape,Sweet Potato,"Pork, Bacon, Egg",Ginger,,Great leftovers,Incredibly delicious and incredibly filling. Probably the best omlette I have ever made and the sweet potato wedges were good too. The cast iron skillet came in handy,,,YouTube,YouTube,,Let's Try Every Spam Flavor | ProZD,Bob Does Sports,1,FALSE,FALSE,,TRUE,TRUE,20,TRUE,30,2831,1.33,4,59,132,2051,,,,FALSE,FALSE,FALSE,Jiwei,Mood Clinical Trial,python,TRUE,TRUE,2,3,FALSE,,,FALSE,0,
2025-01-24,Friday,4,January,Sunny,30,17,22,Hoboken,New Jersey,USA,Hoboken,New Jersey,USA,Hoboken,New Jersey,USA,08:00,00:00,8,1,0,45,5,FALSE,23,T-Shirt,Electric Lime,,,,Green,18,Sweatpants,Gray,,Monstercat,Monstercat,Gray,3,Slip-on Shoes,Matcha Green,,Moln,,Green,Blue,,Boxers,Blue,12,Neon Green,Black,Polo,,Green,Glasses,Green,FALSE,,,,,,,,TRUE,13,Cadmium Green,,Hoodie,,,Green,2,Mushroom and Egg Sandwich,,Pork Sweet Potato Poutine,,"Jalepeño Pita Chips, Candied Ginger",,FALSE,TRUE,TRUE,TRUE,TRUE,FALSE,,,,,6,,8,,Grape,Mushroom,"Pork, Bacon, Egg",Ginger,A very mediocre breakfast,,Still great don't get me wrong but the portions are getting smaller and smaller lol,,,,Fmovies,,,Severance,1,FALSE,TRUE,Cold,TRUE,TRUE,20,TRUE,30,9513,4.39,15,59,135,2860,,,,FALSE,FALSE,FALSE,Jiwei,Mood Clinical Trial,python,TRUE,TRUE,1,3,FALSE,,,FALSE,0,
2025-01-25,Saturday,4,January,Sunny,29,15,26,Hoboken,New Jersey,USA,Hoboken,New Jersey,USA,Hoboken,New Jersey,USA,08:00,00:00,8,0,0,100,5,FALSE,24,T-Shirt,Lime Green,Red,Nintendo,Bowser Jr.,Green,19,Sweatpants,Black,Kelly Green,Adidas,Lego,Black,5,Sandals,Forest Green,Orange,Adidas,,Green,Green,Red,Boxers,Green,,,,,,,Glasses,Green,FALSE,,,,,,,,FALSE,,,,,,,,1,,Bacon Bread Pudding,Pork Sweet Potato Poutine,,"Tortilla Chips, Chedder Caramel Popcorn",,FALSE,TRUE,TRUE,TRUE,TRUE,FALSE,,,,,,9,9,,,Sweet Potato,"Pork, Bacon, Egg",,,Great leftovers,Combined two portions into one,,,Netflix,Netflix,,Let's Try 35 Popeye's Menu Items | ProZD,The Witcher,2,FALSE,FALSE,,TRUE,TRUE,30,TRUE,30,6423,3.02,9,59,139,2847,,,,FALSE,FALSE,FALSE,Jiwei,MylesAI,"R, python",TRUE,TRUE,0,3,FALSE,,,FALSE,0,
2025-01-26,Sunday,5,January,Cloudy,40,28,25,Hoboken,New Jersey,USA,Hoboken,New Jersey,USA,Hoboken,New Jersey,USA,08:00,01:00,8,0,0,100,8,FALSE,4,Long Sleeve,Forest Green,,Polo,,Green,20,Joggers,Olive Green,,American Eagle,,Green,9,Sneakers,Black,Red,Nike,,Black,Green,Blue,Boxers,Green,13,Light Green,Brown,Stance,Baby Yoda,Green,Glasses,Green,TRUE,2,Dark Green,,Beanie,American Eagle,,Green,TRUE,14,Chartreuse,,Hoodie,Star Wars,Baby Yoda,Green,2,,Bacon Bread Pudding,Shrimp Bao,Salad,"Tortilla Chips, Chedder Caramel Popcorn, Dried Mango, Corn Tortilla Curls",,FALSE,TRUE,TRUE,TRUE,FALSE,FALSE,,,,,,9,8,7,Mango,"Arugula, Spinach","Pork, Bacon, Egg, Shrimp",,,The last of the meal and it's finally warm again so going to the store,Good TJ item especially for something quick,Good salad,,YouTube,Netflix,,The Witcher,The Witcher,2,TRUE,TRUE,Chilly,FALSE,FALSE,0,FALSE,0,14295,6.39,13,58,140,3336,,,"NJTransit Bus, NJTransit Bus, Subway, Subway",FALSE,FALSE,FALSE,"Jiwei, Joe, Kevin, Claire",MylesAI,python,TRUE,TRUE,2,3,FALSE,,,TRUE,3,"Surfside, Surfside, Bourbon"
2025-01-27,Monday,5,January,Sunny,39,30,30,Hoboken,New Jersey,USA,Hoboken,New Jersey,USA,"Hoboken, Manhattan","New Jersey, New York",USA,09:00,01:00,8,1,0.5,17,6,FALSE,25,Athletic Shirt,Lime Green,Gray,Harvard,Harvard Ultimate,Green,2,Joggers,Forest Green,,American Eagle,,Green,6,Sandals,Electric Lime,Black,Nike,,Green,Cyan,Magenta,Boxers,Blue,14,Neon Green,Black,Nike,,Green,Glasses,Green,TRUE,6,Electric Lime,,Beanie,American Eagle,,Green,TRUE,15,Hunter Green,,Hoodie,Virpo,,Green,2,,Shrimp Bao,Salmon Salad,,Cheddar Caramel Popcorn,,FALSE,TRUE,TRUE,TRUE,FALSE,FALSE,,,,,,8,8,,,Lettuce,"Salmon, Shirmp",,,,Great salad no complaints,,,Netflix,Netflix,,The Witcher,The Witcher,2,FALSE,TRUE,Chilly,TRUE,FALSE,0,TRUE,30,19436,8.84,19,58,158,3620,Frisbee,90,"PATH, PATH",FALSE,FALSE,FALSE,"Jiwei, Joe","Mood Clinical Trial, Vyrtices","R, python",TRUE,TRUE,2,4,TRUE,,,FALSE,0,
2025-01-28,Tuesday,5,January,Cloudy,39,30,23,Hoboken,New Jersey,USA,Hoboken,New Jersey,USA,"Hoboken, Manhattan","New Jersey, New York",USA,06:30,01:00,5.5,0,0,33,7,FALSE,26,Athletic Shirt,Blue,Grass Green,MUD,MUD,Blue,21,Sweatpants,Pastel Green,,H&M,,Green,10,Sneakers,Black,Electric Lime,Nike,Curry,Black,Blue,White,Boxers,Blue,15,Black,Blue,Carolina Panthers,Carolina Panthers,Black,Glasses,Green,TRUE,7,Dark Blue,,Beanie,Columbia,Columbia,Blue,TRUE,16,White,Columbia Blue,Hoodie,Columbia,Columbia,White,2,,Salmon Salad,Salmon Burger Salad,,Orange Slices,"Green Tea Mints, Albanese Gummy Bears",FALSE,TRUE,TRUE,TRUE,FALSE,FALSE,,,,,,8,8,,Banana,"Lettuce, Arugula, Spinach",Salmon,,,Great salad,Another great salad,,,Netflix,Netflix,,The Witcher,The Witcher,2,FALSE,TRUE,Chilly,FALSE,FALSE,0,FALSE,0,11445,5.29,21,60,130,3139,Frisbee,90,"NJTransit Bus, NJTransit Bus, Subway, Subway",FALSE,FALSE,FALSE,"Jiwei, Wilson, Weezy, Joe, Tharan, Mike","Mood Clinical Trial, CWS","R, python",TRUE,TRUE,2,3,FALSE,,,FALSE,0,
2025-01-29,Wednesday,5,January,Cloudy,47,28,35,Hoboken,New Jersey,USA,Hoboken,New Jersey,USA,Hoboken,New Jersey,USA,09:00,00:00,8,2,1.5,37,5,FALSE,27,T-Shirt,Lime Green,White,Hawaiian Rumble,Hawaiian Rumble,Green,22,Sweatpants,Forest Green,Gray,Nike,,Green,5,Sandals,Forest Green,Orange,Adidas,,Green,Blue,Red,Boxers,Blue,,,,,,,Glasses,Green,FALSE,,,,,,,,FALSE,,,,,,,,1,,Salmon Burger Salad,Tilapia w/ Country Potatoes,,"Orange Slices, Beet Chips",Albanese Gummy Bears,FALSE,TRUE,TRUE,TRUE,FALSE,FALSE,,,,,,9,9,,Banana,"Arugula, Spinach, Potatoes, Green Beans","Salmon, Tilapia",,,"Actually an improvement, I think these pieces had more seasoning on them",Really good dinner tilapia and potatoes go well together,,,Netflix,Netflix,,The Witcher,The Witcher,2,FALSE,FALSE,,TRUE,TRUE,20,TRUE,30,5788,2.71,0,57,115,1875,,,,FALSE,FALSE,FALSE,Jiwei,"Mood Clinical Trial, CWS",python,TRUE,TRUE,2,3,FALSE,,,FALSE,0,
2025-01-30,Thursday,5,January,Cloudy,37,24,22,Hoboken,New Jersey,USA,Hoboken,New Jersey,USA,Hoboken,New Jersey,USA,10:00,01:00,10,0,0,27,6,FALSE,28,T-Shirt,Hunter Green,White,Fossil Butte,Fossil Butte,Green,19,Sweatpants,Black,Kelly Green,Adidas,Lego,Black,6,Sandals,Electric Lime,Black,Nike,,Green,Green,Blue,Boxers,Green,,,,,,,Glasses,Green,FALSE,,,,,,,,TRUE,4,Hunter Green,,Hoodie,Costco,,Green,2,,Tilapia w/ Country Potatoes,Jalepeño Turkey Salad,,"Passionfruit Rounds, Beet Chips",Green Tea Mints,FALSE,TRUE,TRUE,TRUE,FALSE,FALSE,,,,,,8,9,,"Banana, Passionfruit","Arugula, Spinach, Potatoes, Green Beans","Turkey, Tilapia",,,Really pounding down salads lately,Finally made the turkey not desert dry,,,YouTube,YouTube,,Bachelor Fantake,Bob Does Sports,2,FALSE,TRUE,Chilly,TRUE,TRUE,20,TRUE,30,10955,5.03,10,60,152,3611,,,,FALSE,FALSE,FALSE,Jiwei,"Mood Clinical Trial, CWS",python,TRUE,TRUE,2,3,FALSE,Golf Simulator,,FALSE,0,
2025-01-31,Friday,5,January,Rain,45,35,41,Hoboken,New Jersey,USA,Hoboken,New Jersey,USA,"Hoboken, Manhattan","New Jersey, New York",USA,10:00,01:00,9,0,0,100,8,FALSE,29,T-Shirt,Olive Green,Crimson,Harvard,Harvard,Green,2,Joggers,Forest Green,,American Eagle,,Green,3,Slip-on Shoes,Matcha Green,,Moln,,Green,Green,,Boxers,Green,16,Crimson,White,Harvard,Harvard,Red,Glasses,Green,TRUE,31,Crimson,,Cap,Harvard,Quincy,Red,TRUE,17,Black,White,Rain Jacket,Champion,Harvard,Black,2,,Jalepeño Turkey Salad,Salmon over Rice,"Brisket, Key Lime Pie, Pulled Chicken, Sweet Potato, Green Tomatoes, Mac and Cheese",Honey Mustard Pretzels,,FALSE,TRUE,TRUE,FALSE,FALSE,FALSE,,,,Dinosaur BBQ,,9,8,10,"Banana, Green Tomato","Lettuce, Sweet Potato, ","Turkey, Salmon, Beef, Chicken",,,Really pounding down salads lately,Thought my second dinner wouldnt be alot of food so I ate something smallish,"The go-to BBQ place near Columbia. This was actually my last meal as a Columbia employee and it does not disappoint. The restaurant week deal was also a steal. Brisket was great, pulled chicken was sensational, the mac and cheese was great, the sweet potato puree was good but i got too full to finish it. The fried green tomatoes were solid and the key lime pie hit the spot. The apple pie cocktail might be the best cocktail I've had",,Hulu,,,Abbott Elementary,,2,FALSE,TRUE,Chilly,FALSE,FALSE,0,FALSE,0,12862,5.98,19,60,133,3132,,,"NJTransit Bus, NJTransit Bus, Subway, Subway",FALSE,FALSE,FALSE,"Jiwei, Weezy, Deezy, Kevin, Leo, Opara, Jed","Mood Clinical Trial, CWS","R, python",TRUE,TRUE,2,3,FALSE,,,TRUE,1,Apple Pie Cocktail
2025-02-01,Saturday,5,February,Snow,46,19,24,Hoboken,New Jersey,USA,Hoboken,New Jersey,USA,"Hoboken, Manhattan","New Jersey, New York",USA,07:00,00:00,6,2,2,100,8,FALSE,30,Polo,Pistachio,,Hoboken Golf,Hoboken Golf,Green,23,Joggers,Navy Blue,,American Eagle,,Blue,11,Golf Shoes,White,Forest Green,Malbon,,White,Green,,Boxers,Green,17,Jungle Green,White,Stance,Snakes,Green,Glasses,Green,TRUE,2,Dark Green,,Beanie,American Eagle,,Green,TRUE,1,Hunter Green,,Winter Jacket,Costco,,Green,2,,Jalepeño Turkey Salad,Tilapia w/ Carrot and Peas,,Apple Cinnamon Rice Cakes,"Lifesavers, Albanese Gummy Bears",FALSE,TRUE,TRUE,FALSE,FALSE,FALSE,,,,,,9,7,,Banana,"Lettuce, Carrot, Peas","Turkey, Tilapia",Ginger,,Another salad down in the books,Alright meal,,,Disney+,YouTube,,Friendly Neighborhood Spiderman,Let's Try Every Flavor of Eggo | ProZD,2,FALSE,TRUE,Cold,TRUE,TRUE,10,TRUE,20,17597,8.25,39,60,128,3570,Golf,186,,TRUE,FALSE,Uber,"Jiwei, Kevin",,,TRUE,TRUE,2,3,FALSE,,,FALSE,0,
2025-02-02,Sunday,6,February,Rain,35,15,12,Hoboken,New Jersey,USA,Hoboken,New Jersey,USA,Hoboken,New Jersey,USA,07:00,00:00,7,2,2,30,6,FALSE,31,T-Shirt,Kelly Green,White,Olympics,Olympics,Green,2,Joggers,Forest Green,,American Eagle,,Green,12,Slippers,Olive Green,Brown,LL Bean,,Green,Green,Blue,Boxers,Green,,,,,,,Glasses,Green,FALSE,,,,,,,,TRUE,4,Hunter Green,,Hoodie,Costco,,Green,2,Pumpkin Pancake,,Balsamic Beef and Broccoli,,Apple Cinnamon Rice Cakes,Lifesavers,TRUE,FALSE,FALSE,TRUE,FALSE,FALSE,,,,,8,,9,,"Pumpkin, Cranberries",Broccoli,Beef,,Really good pancake,,The balsamic beef was really good and the broccoli paired well with it,,YouTube,,YouTube,THE BIGGEST TRADE IN NBA HISTORY,,More Reactions to the Luka Trade,2,FALSE,FALSE,,FALSE,FALSE,0,FALSE,0,4628,2.16,5,59,105,2444,,,,FALSE,FALSE,FALSE,Jiwei,"Mood Clinical Trial, CWS","R, python",TRUE,TRUE,2,2,FALSE,,,FALSE,0,
2025-02-03,Monday,6,February,Cloudy,47,31,37,Hoboken,New Jersey,USA,Hoboken,New Jersey,USA,Hoboken,New Jersey,USA,09:00,00:00,9,0,0,100,6,FALSE,10,Button-Up Shirt,Pastel Green,Jungle Green,Columbia,Tropical Plants,Green,24,Joggers,White,Black,American Eagle,,White,7,Sneakers,Black,Kelly Green,Adidas,Lego,Black,Green,Blue,Boxers,Green,18,OIive Green,Black,Stance,Christmas,Green,Glasses,Green,FALSE,,,,,,,,TRUE,9,Pistachio,,Hoodie,Costco,,Green,2,,Tilapia w/ Carrot and Peas,Chicken and Bell Pepper Wrap,,,Twin Snakes,FALSE,TRUE,TRUE,FALSE,FALSE,FALSE,,,Mr. Wraps,,,6,9,,Bell Pepper,"Carrot, Peas","Chicken, Tilapia",,,Good only because I put tiger sauce on it,Surprisingly really good wrap. I've been sleeping on this place,,,Fmovies,Fmovies,,Blue Lock,Blue Lock,2,FALSE,TRUE,Chilly,TRUE,TRUE,20,TRUE,30,11536,5.32,5,58,126,2897,,,,FALSE,FALSE,FALSE,Jiwei,"Mood Clinical Trial, CWS",python,TRUE,TRUE,2,3,FALSE,,,FALSE,0,
2025-02-04,Tuesday,6,February,Sunny,47,26,27,Hoboken,New Jersey,USA,Hoboken,New Jersey,USA,Hoboken,New Jersey,USA,08:00,00:00,8,0,0,58,6,FALSE,32,Button-Up Shirt,Blue,Light Blue,Kohl's,Squirtle,Blue,20,Joggers,Olive Green,,American Eagle,,Green,5,Sandals,Forest Green,Orange,Adidas,,Green,Green,,Boxers,Green,19,Aquamarine,Blue,Louvre,Mona Lisa,Green,Glasses,Green,FALSE,,,,,,,,TRUE,18,Light Blue,Lime Green,Windbreaker,Cotopaxi,Cotopaxi,Blue,2,,Balsamic Beef and Broccoli,Chipotle Chicken and Chicken Bacon Ranch Pizza,,"Jalepeño Chips, Passionfruit Rounds",,FALSE,TRUE,FALSE,FALSE,FALSE,FALSE,,,Napoli's,,,8,9,,"Tomato, Banana, Passionfruit",Broccoli,"Chicken, Beef",,,The beef held up I was worried it would be tough after microwaving. Broccoli was also good,Might be my new favorite pizza spot. It's challenging Tony Baloney's and Alessio's,,,Fmovies,Fmovies,,Solo Leveling,Solo Leveling,2,FALSE,TRUE,Cold,TRUE,TRUE,20,TRUE,30,8891,4.15,2,58,123,2739,,,,FALSE,FALSE,FALSE,Jiwei,"Mood Clinical Trial, CWS",python,TRUE,TRUE,2,3,FALSE,,,FALSE,0,
2025-02-05,Wednesday,6,February,Cloudy,35,24,18,Hoboken,New Jersey,USA,Talamore,North Carolina,USA,"Hoboken, Raleigh, Talamore","New Jersey, North Carolina",USA,08:00,04:00,8,0,0,26,8,FALSE,3,Long Sleeve,Kelly Green,Yellow,Reebok,Power Rangers,Green,2,Joggers,Forest Green,,American Eagle,,Green,8,Sneakers,Lime Green,Emerald Green,Nike,,Green,Green,,Boxers,Green,20,Forest Green,Dark Green,13th Tribe,Tribal,Green,Glasses,Green,TRUE,1,Eucalyptus,,Beanie,Target,,Green,TRUE,1,Hunter Green,,Winter Jacket,Costco,,Green,2,,Cinnamon Buns and Shrimp Omlette,"Blueberry, Apple Pie, Chorizo, Sausage, Pepperoni Empanadas",,Jalepeño Chips,"Wintergreen Tic Tacs, Super Sour Scandinavian Swimmers",FALSE,FALSE,FALSE,FALSE,FALSE,FALSE,,Turning Point,Empanada Cafe,,,10,10,,Banana,,"Chicken, Beef, Pork, Chorizo",,,Got a discount for my birthday and the food was great. Discounted food hits different. The cinnabon buns are better than the ones at the hive and ,Best empanadas in the tri-state area and you can quote me on that,,,,,,,,0,FALSE,TRUE,Cold,TRUE,TRUE,10,TRUE,20,16692,7.72,12,58,124,3687,,,Airplane,TRUE,FALSE,Uber,"Jiwei, Kevin",,,TRUE,TRUE,2,3,FALSE,,,FALSE,0,
2025-02-06,Thursday,6,February,Partly Cloudy,60,50,53,Talamore,North Carolina,USA,Talamore,North Carolina,USA,North Carolina,North Carolina,USA,06:00,22:00,2,0,0,100,7,TRUE,3,Long Sleeve,Kelly Green,Yellow,Reebok,Power Rangers,Green,2,Joggers,Forest Green,,American Eagle,,Green,8,Sneakers,Lime Green,Emerald Green,Nike,,Green,Green,,Boxers,Green,20,Forest Green,Dark Green,13th Tribe,Tribal,Green,Glasses,Green,TRUE,1,Eucalyptus,,Beanie,Target,,Green,TRUE,19,Lime Green,,Pullover,Bethpage,Bethpage,Green,2,,Butter Burger and Cheese Curds,"Feta Cheese Pizza, Meat Lovers Pizza, Hawaiian BBQ Pizza, Wings, and Garlic Knots",,,,FALSE,FALSE,FALSE,FALSE,FALSE,FALSE,,Culver's,Whispering Pies,,,7,10,,Pineapple,"Spinach, Lettuce","Beef, Chicken, Pork",,,The burger is actually pretty good when it is unpunched. You really come for the cheese curds though,"The pizza here was really good, the Tim's special wings were really good, and the garlic knots were solid. Would recommend",,,,,,,,0,FALSE,TRUE,Warm,FALSE,FALSE,0,FALSE,0,18289,8.61,41,48,150,4987,Golf,249,,TRUE,FALSE,FALSE,"Jiwei, Kevin, Jed, Jason, Jordan, Nik",,,TRUE,TRUE,2,3,FALSE,,,FALSE,2,"Beer, Beer"
2025-02-07,Friday,6,February,Cloudy,73,42,60,Talamore,North Carolina,USA,Talamore,North Carolina,USA,North Carolina,North Carolina,USA,07:00,23:00,8,0,0,100,9,FALSE,33,Polo,Jungle Green,Light Blue,Kohl's,Bananas,Green,25,Golf Pants,Lime Green,,Royal Awesome,,Green,11,Golf Shoes,White,Forest Green,Malbon,,White,Black,Blue,Boxers,Black,21,Lime Green,Light Green,,Golf,Green,Contacts,,TRUE,9,Kelly Green,,Cap,,Atlanta,Green,TRUE,19,Lime Green,,Pullover,Bethpage,Bethpage,Green,2,,Pulled Pork Sandwich,Shrimp Taco,,,"Gummy Butterflies, Mike and Ike's",FALSE,FALSE,FALSE,FALSE,FALSE,FALSE,,Talamore Golf,Pinehurst,,,7,9,,,"Lettuce, Brussel Sprouts","Shrimp, Pork",,,Good sandwich nothing crazy,Pinehurst has some pretty good offers for food,,,,,,,,0,FALSE,TRUE,Warm,FALSE,FALSE,0,FALSE,0,29952,13.95,81,60,134,5726,Golf,444,,TRUE,FALSE,FALSE,"Jiwei, Kevin, Jed, Jason, Jordan, Nik",,,TRUE,TRUE,2,3,FALSE,,Camel Up,TRUE,3,"Seltzer, Beer, Margerita"
2025-02-08,Saturday,6,February,Partly Cloudy,49,45,46,Talamore,North Carolina,USA,Talamore,North Carolina,USA,North Carolina,North Carolina,USA,06:30,22:00,7.5,0,0,100,10,FALSE,34,Polo,Cadmium Green,,Greg Norman,,Green,26,Khakis,Verdigris,,Docker,,Green,11,Golf Shoes,White,Forest Green,Malbon,,White,Magenta,Cyan,Boxers,Purple,22,Black,Green,Nike,,Black,Glasses,Green,TRUE,33,Forest Green,,Cap,Tobacco Road,Tobacco Road,Green,TRUE,19,Lime Green,,Pullover,Bethpage,Bethpage,Green,2,,Hot Dog,Chicken Taquitos,Banana Nut Milkshake,,"Gummy Butterflies, Mike and Ike's",FALSE,FALSE,FALSE,FALSE,FALSE,FALSE,,Tobacco Road,Vaquera Bar & Cocina,,,6,8,,Orange,Lettuce,"Chicken, Pork",,,Solid hot dog,I've never had a restaurant quality taquito but I'm pleasantly surprised by it. It tastes familiar but better lol,,,,,,,,0,FALSE,TRUE,Warm,FALSE,FALSE,0,FALSE,0,26712,12.49,75,61,131,4793,Golf,492,,TRUE,FALSE,FALSE,"Jiwei, Kevin, Jed, Jason, Jordan, Nik",,,TRUE,TRUE,2,3,FALSE,,Camel Up,TRUE,2,"Seltzer, Seltzer"
2025-02-09,Sunday,7,February,Sunny,69,36,68,Talamore,North Carolina,USA,Hoboken,New Jersey,USA,Hoboken,New Jersey,USA,06:30,22:00,8.5,0,0,100,9,FALSE,35,Polo,Lime Green,,,Golf Clubs,Green,27,Khakis,Emerald Green,,Polo,,Green,11,Golf Shoes,White,Forest Green,Malbon,,White,Purple,,Boxers,Purple,23,Electric Lime,Black,Stance,,Green,Glasses,Green,TRUE,33,Forest Green,,Cap,Tobacco Road,Tobacco Road,Green,FALSE,,,,,,,,1,,Pimento Cheese Burger w/ Fries and Tater Tots,,,,Peach Rings,FALSE,FALSE,FALSE,FALSE,FALSE,FALSE,,Al's Burger Shack,,,,9,,,,,Beef,,,"Really really good burger, the pimento cheese hit different and the burger had the right amount of spice",,,,,,,,,0,FALSE,TRUE,Warm,FALSE,FALSE,0,FALSE,0,18130,8.42,35,63,116,3995,Golf,220,Airplane,TRUE,FALSE,Uber,"Jiwei, Kevin, Jed, Jason, Jordan, Nik",,,TRUE,TRUE,2,3,FALSE,,,TRUE,2,"Beer, Seltzer"
2025-02-10,Monday,7,February,Cloudy,37,23,26,Hoboken,New Jersey,USA,Hoboken,New Jersey,USA,Hoboken,New Jersey,USA,07:00,23:00,9,0,0,100,7,FALSE,36,T-Shirt,Forest Green,Light Green,Old Navy,Indoors Club,Green,24,Joggers,White,Black,American Eagle,,White,6,Sandals,Electric Lime,Black,Nike,,Green,Green,Blue,Boxers,Green,24,Brown,Light Brown,Nintendo,Donkey Kong,Brown,Glasses,Green,FALSE,,,,,,,,FALSE,,,,,,,,1,,Spicy Crab Sushi,Blackened Salmon Salad,,Hot Fries,Wintergreen Tic Tacs,FALSE,TRUE,FALSE,TRUE,FALSE,FALSE,,,,,,7,10,,,Lettuce,"Salmon, Crab",,,Grabbed some sushi since I didnt have any food to cook,Great salmon on top of salad. We back baby,,,Fmovies,Fmovies,,Severance,Invincible,2,TRUE,TRUE,Cold,FALSE,FALSE,0,FALSE,0,8540,3.88,2,62,133,2824,,,,FALSE,FALSE,FALSE,"Jiwei, Joe","Mood Clinical Trial, CWS",python,TRUE,TRUE,2,3,TRUE,Protobowl,,FALSE,0,
2025-02-11,Tuesday,7,February,Cloudy,35,25,31,Hoboken,New Jersey,USA,Hoboken,New Jersey,USA,Hoboken,New Jersey,USA,07:00,00:00,8,0,0,85,6,FALSE,37,T-Shirt,Blue,Turquoise,Adidas,,Blue,6,Sweatpants,Eucalyptus,,,,Green,6,Sandals,Electric Lime,Black,Nike,,Green,Green,Black,Boxers,Green,,,,,,,Glasses,Green,FALSE,,,,,,,,FALSE,,,,,,,,1,,Blackened Salmon over Rice,Orange Turkey Salad,,Passion Fruit Rounds,Wintergreen Tic Tacs,FALSE,TRUE,TRUE,TRUE,FALSE,FALSE,,,,,,9,8,,Passionfruit,Broccoli,"Salmon, Tilapia",,,Great salmon but not as good as the original meal,The orange chicken sauce is really good,,,Disney+,YouTube,,Friendly Neighborhood Spiderman,Pointlesshub,2,FALSE,FALSE,,TRUE,TRUE,20,TRUE,30,5067,2.38,0,59,135,2341,,,,FALSE,FALSE,FALSE,,Mood Clinical Trial,,TRUE,TRUE,2,3,FALSE,,,FALSE,0,
2025-02-12,Wednesday,7,February,Cloudy,35,33,34,Hoboken,New Jersey,USA,Hoboken,New Jersey,USA,"Hoboken, Manhattan","New Jersey, New York",USA,08:00,23:00,8,1,1.5,100,7,FALSE,38,Athletic Shirt,Lime Green,,MUD,MUD,Green,13,Joggers,Crimson,,American Eagle,,Red,7,Sneakers,Black,Kelly Green,Adidas,Lego,Black,Red,Green,Boxers,Red,3,Black,Neon Green,Stance,Space,Black,Glasses,Green,TRUE,2,Dark Green,,Beanie,American Eagle,,Green,TRUE,20,Hunter Green,,Pullover,,Fuzzy,Green,2,,Orange Turkey over Rice,Broccoli and Tilapia,,"Orange Slices, Pizza Chips, Peanut Butter Pretzel, Corn Dippers",Candy Watermelon,FALSE,TRUE,TRUE,TRUE,FALSE,FALSE,,,,,,7,8,,Orange,Broccoli,Tilapia,,,Solid leftovers,Orange chicken sauce also works on tilapia,,,YouTube,YouTube,,Pointlesshub,Bryson Break 50 series with Grant and Garrett,2,FALSE,TRUE,Cold,FALSE,FALSE,0,FALSE,0,12968,6,25,60,124,3506,Climbing,180,"NJTransit Bus, NJTransit Bus, Subway, Subway",FALSE,FALSE,FALSE,"Wilson, Joe",Mood Clinical Trial,python,TRUE,TRUE,2,3,FALSE,,,FALSE,0,
2025-02-13,Thursday,7,February,Cloudy,49,31,39,Hoboken,New Jersey,USA,Hoboken,New Jersey,USA,Hoboken,New Jersey,USA,09:00,00:00,10,0,0,100,6,FALSE,39,T-Shirt,Dark Green,Light Blue,Beaver Creek,Beaver Creek,Green,6,Sweatpants,Eucalyptus,,,,Green,13,Slip-on Shoes,Electric Lime,,Moln,,Green,Blue,Red,Boxers,Blue,25,Olive Green,Gray,,Wooly,Green,Glasses,Green,FALSE,,,,,,,,TRUE,21,Eucalyptus,,Rain Jacket,Columbia,,Green,2,,Broccoli and Tilapia,Cheese Tortellini,,"Orange Slices, Pizza Chips",,FALSE,TRUE,TRUE,TRUE,FALSE,FALSE,,,,,,8,6,,Orange,Broccoli,Tilapia,,,Solid leftovers,Average pasta,,,Disney+,Fmovies,,Friendly Neighborhood Spiderman,Invincible,2,TRUE,TRUE,Cold,TRUE,TRUE,20,TRUE,30,8463,3.96,3,58,130,2691,,,,FALSE,FALSE,FALSE,,Mood Clinical Trial,python,TRUE,TRUE,2,3,FALSE,,,FALSE,0,
2025-02-14,Friday,7,February,Cloudy,36,26,26,Hoboken,New Jersey,USA,Hoboken,New Jersey,USA,Hoboken,New Jersey,USA,08:00,23:00,8,1,1.5,49,6,FALSE,40,Long Sleeve,Dark Green,,St. John's Bay,,Green,6,Sweatpants,Eucalyptus,,,,Green,13,Slip-on Shoes,Electric Lime,,Moln,,Green,Blue,Red,Boxers,Blue,5,Fern Green,Black,Stance,Christmas,Green,Glasses,Green,TRUE,1,Eucalyptus,,Beanie,Target,,Green,TRUE,1,Hunter Green,,Winter Jacket,Costco,,Green,2,,Cheese Tortellini,Salmon Potato and Onions,,"Jalepeño Chips, Orange Slices, Snickerdoodles",,FALSE,TRUE,TRUE,TRUE,FALSE,FALSE,,,,,,6,9,,Orange,"Onion, Potato",Salmon,,,Average leftovers,,,,Youtube,Fmovies,,Pointlesshub,Severance,2,FALSE,TRUE,Cold,TRUE,TRUE,10,TRUE,30,7766,4.12,6,57,128,2543,Climbing,120,,FALSE,FALSE,FALSE,,Mood Clinical Trial,,TRUE,TRUE,2,3,FALSE,,,FALSE,0,
2025-02-15,Saturday,7,February,Cloudy,40,28,27,Hoboken,New Jersey,USA,Hoboken,New Jersey,USA,"Hoboken, Manhattan","New Jersey, New York",USA,08:00,00:00,9,0,0,89,5,FALSE,11,T-Shirt,Kelly Green,White,Dollar Store,Do Your Thing,Green,29,Joggers,Olive Green,,American Eagle,Fuzzy,Green,9,Sneakers,Black,Red,Nike,,Black,Red,,Boxers,Red,26,Olive Green,,Stance,,Green,Glasses,Green,TRUE,2,Dark Green,,Beanie,American Eagle,,Green,TRUE,22,Dark Green,Red,Hoodie,,Fuzzy,Green,2,,Spicy Ramen,Pork Bao and Chicken Tacos,,Snickerdoodles,,FALSE,FALSE,FALSE,FALSE,FALSE,FALSE,,,Faces & Names,,,9,7,,Cranberry,"Leak, Green Onion","Chicken, Pork, Egg",,,Really good ramen place will have to remember it,Solid bar food,,,,,,,,0,FALSE,TRUE,Wet,FALSE,FALSE,0,FALSE,0,8012,4.26,10,56,107,2561,,,"NJTransit Bus, NJTransit Bus, Subway, Subway",FALSE,FALSE,FALSE,"Wilson, Weezy, Kevin, Tharan, Leo",,,TRUE,TRUE,2,3,FALSE,,,TRUE,3,"Cranberry Mule, Beer, Beer"
2025-02-16,Sunday,8,February,Rain,45,29,32,Hoboken,New Jersey,USA,Hoboken,New Jersey,USA,"Hoboken, Manhattan","New Jersey, New York",USA,10:00,01:00,10,0,0,100,8,FALSE,41,Button-Up Shirt,Dark Green,Black,Forever 21,Wicked,Green,30,Dress Pants,Black,,Kohl's,,Black,14,Boots,Army Green,,Timberland,,Green,Blue,,Boxers,Blue,27,Black,Electric Lime,Nike,Air Jordan,Black,Contacts,,TRUE,2,Dark Green,,Beanie,American Eagle,,Green,TRUE,1,Hunter Green,,Winter Jacket,Costco,,Green,2,,Wings,,,"Skinny Pop, Boom Chika Pop",,FALSE,FALSE,FALSE,FALSE,FALSE,FALSE,,Bowlero,,,,7,,,Banana,,Chicken,,,Bowlero actually has some pretty good wings,,,,,,,,,0,FALSE,TRUE,Wet,FALSE,FALSE,0,FALSE,0,17903,8.16,26,50,128,3625,Bowling,120,"NJTransit Bus, NJTransit Bus, Subway, Subway",FALSE,FALSE,FALSE,"Joe, Claire",,,TRUE,TRUE,3,4,FALSE,,,FALSE,0,
2025-02-17,Monday,8,February,Windy,36,21,13,Hoboken,New Jersey,USA,Hoboken,New Jersey,USA,Hoboken,New Jersey,USA,10:00,00:00,9,0,0,100,6,FALSE,21,T-Shirt,Kelly Green,Blue,Hoboken,Hoboken,Green,7,Sweatpants,Gray,Crimson,Quincy,Quincy,Gray,5,Sandals,Forest Green,Orange,Adidas,,Green,Green,Blue,Boxers,Green,,,,,,,Glasses,Green,FALSE,,,,,,,,FALSE,,,,,,,,1,,Salmon Potato and Onions,Beef Tamale,,,,FALSE,TRUE,TRUE,TRUE,FALSE,FALSE,,,,,,9,8,,Banana,"Onion, Potato","Salmon, Beef",,,Good leftovers,I think this is the first time I've had a tamale and it looks like a burrito,,,YouTube,,,We Need To Talk About Paul George,,1,FALSE,FALSE,,FALSE,FALSE,0,FALSE,0,3322,1.44,5,58,101,2280,,,,FALSE,FALSE,FALSE,,Mood Clinical Trial,python,TRUE,TRUE,2,3,FALSE,,,FALSE,0,
2025-02-18,Tuesday,8,February,Cloudy,27,17,13,Hoboken,New Jersey,USA,Hoboken,New Jersey,USA,Hoboken,New Jersey,USA,09:00,00:00,9,0,0,47,6,FALSE,42,T-Shirt,Cornflour Blue,Lime Green,,T-Rex,Blue,16,Pajama Pants,Forest Green,Red,Old Navy,Candy Canes,Green,6,Sandals,Electric Lime,Black,Nike,,Green,Blue,,Boxers,Blue,28,Blue,Black,Nike,,Blue,Glasses,Green,TRUE,7,Dark Blue,,Beanie,Columbia,Columbia,Blue,TRUE,23,Gray,Columbia Blue,Sweater,Columbia,,Gray,2,,Sushi Sandwich,Salmon Potato and Onions,,,Sour Gummies,FALSE,FALSE,FALSE,TRUE,TRUE,FALSE,,Shoprite,,,,9,,,,"Onion, Potato","Crab, Salmon",,,Surprisingly really good. I might need to buy some sushi sandwiches more often and really filling too,Good long lasting meal especially since a pipe burst in Hoboken and we are on boil advisory,,,Netflix,Netflix,,Cobra Kai,Glass Onion,2,TRUE,TRUE,Cold,TRUE,TRUE,20,TRUE,30,7604,3.42,7,57,123,2638,,,,FALSE,FALSE,FALSE,Jiwei,"Mood Clinical Trial, CWS",python,TRUE,TRUE,2,3,FALSE,,,FALSE,0,
2025-02-19,Wednesday,8,February,Cloudy,30,17,17,Hoboken,New Jersey,USA,Hoboken,New Jersey,USA,Hoboken,New Jersey,USA,09:00,00:00,9,1,2,18,7,FALSE,48,Athletic Shirt,Electric Lime,,Harvard,Harvard,Green,36,Swishy Sweatpants,Navy Blue,,Nike,,Blue,1,Sneakers,Forest Green,Lime Green,Nike,Kobe,Green,Red,Blue,Boxers,Red,29,Lime Green,Black,Polo,,Green,Glasses,Green,TRUE,1,Eucalyptus,,Beanie,Target,,Green,TRUE,21,Eucalyptus,,Rain Jacket,Columbia,,Green,2,,Falefel Sandwich w/ Salad,Beef Tamale,,Orange Slices,Super Sour Scandinavian Swimmers,FALSE,FALSE,FALSE,TRUE,TRUE,FALSE,,Manousheh Grand,,,,8,8,,"Orange, Olive, Cucumber","Lettuce, Mint",Beef,,,Insanely cheap good food right next to where I climb. Great choice post climbing,TJ Tamale,,,,Disney+,,,Friendly Neighborhood Spiderman,1,FALSE,TRUE,Cold,FALSE,FALSE,0,FALSE,0,8895,4.06,19,59,132,2979,Climbing,120,"NJTransit Bus, NJTransit Bus, Subway, Subway",FALSE,FALSE,FALSE,"Jiwei, Wilson, Keith, Joe","Mood Clinical Trial, CWS",python,TRUE,TRUE,2,3,FALSE,,,FALSE,0,
2025-02-20,Thursday,8,February,Cloudy,29,18,9,Hoboken,New Jersey,USA,Hoboken,New Jersey,USA,Hoboken,New Jersey,USA,08:00,00:00,8,2,2,31,5,FALSE,24,T-Shirt,Lime Green,Red,Nintendo,Bowser Jr.,Green,19,Sweatpants,Black,Kelly Green,Adidas,Lego,Black,6,Sandals,Electric Lime,Black,Nike,,Green,Green,,Boxers,Green,30,Electric Lime,Neon Green,Stance,People,Green,Glasses,Green,FALSE,,,,,,,,FALSE,,,,,,,,1,,Salmon Potato and Onions,Cheesy Jalepeño Bread,,"Cheddar Pretzels, Orange Slices","Super Sour Scandinavian Swimmers, Spiced Jelly Beans, Beef Jerky",FALSE,TRUE,TRUE,TRUE,TRUE,FALSE,,,,,,8,7,,"Watermelon, Orange, Jalepeño","Onion, Potato",Salmon,,,Solid leftovers,We are on boil advisory and didnt want to wash dishes with pipe water,,,Fmovies,YouTube,,Invincible,Bob Does Sports,2,TRUE,TRUE,Cold,FALSE,FALSE,0,FALSE,0,5897,2.66,3,57,132,2508,,,,FALSE,FALSE,FALSE,Jiwei,"Mood Clinical Trial, CWS",python,TRUE,TRUE,1,2,FALSE,,,FALSE,0,
2025-02-21,Friday,8,February,Sunny,37,21,30,Hoboken,New Jersey,USA,Hoboken,New Jersey,USA,Hoboken,New Jersey,USA,08:00,01:00,8,0,0,50,7,FALSE,9,Long Sleeve,Seafoam Green,,Columbia,,Green,12,Sweatpants,Aquamarine,,Old Navy,,Green,15,Sneakers,White,Turquoise,Allbirds,,White,Green,,Boxers,Green,31,Turquoise,,,,Green,Glasses,Green,FALSE,,,,,,,,TRUE,24,Turquoise,,Hoodie,Old Navy,,Green,2,,Cheesy Jalepeño Bread,Ground Turkey with Spinach and Onions,,Tortilla Chips,Spiced Easter Eggs,FALSE,TRUE,TRUE,TRUE,TRUE,FALSE,,,,,,8,9,,Orange,"Spinach, Onion",Turkey,,,My favorite Trader Joe's item,This is actually pretty delicious and I feel like it's going to last me for a long time,,,,,,,,0,FALSE,TRUE,Cold,TRUE,TRUE,20,TRUE,30,6099,2.83,6,57,125,2595,,,,FALSE,FALSE,FALSE,Jiwei,,,TRUE,TRUE,2,3,FALSE,Marvel Rivals,,FALSE,0,
2025-02-22,Saturday,8,February,Sunny,40,29,34,Hoboken,New Jersey,USA,Hoboken,New Jersey,USA,"Hoboken, Manhattan","New Jersey, New York",USA,10:00,01:00,9,0,0,67,6,FALSE,44,Henley,Moss Green,,American Eagle,,Green,3,Joggers,Black,,American Eagle,,Black,7,Sneakers,Black,Kelly Green,Adidas,Lego,Black,Blue,Green,Boxers,Blue,32,Black,Electric Lime,Underarmour,,Black,Contacts,,TRUE,1,Eucalyptus,,Beanie,Target,,Green,FALSE,,,,,,,,1,,Ground Turkey with Spinach and Onions,,,Tortilla Chips,Spiced Easter Eggs,FALSE,TRUE,TRUE,FALSE,FALSE,FALSE,,,,,,9,,,Banana,"Spinach, Onion",Turkey,,,Good leftovers,,,,,,,,,0,FALSE,TRUE,Cold,TRUE,TRUE,20,TRUE,30,8763,4.03,12,52,128,2771,,,,FALSE,FALSE,FALSE,Jiwei,,,TRUE,TRUE,2,3,FALSE,Marvel Rivals,,TRUE,2,"Cider, Cider"
2025-02-23,Sunday,9,February,Sunny,46,32,40,Hoboken,New Jersey,USA,Hoboken,New Jersey,USA,Hoboken,New Jersey,USA,10:00,00:00,9,0,0,100,5,FALSE,21,T-Shirt,Kelly Green,Blue,Hoboken,Hoboken,Green,18,Sweatpants,Gray,,Monstercat,,Gray,5,Sandals,Forest Green,Orange,Adidas,,Green,Green,Blue,Boxers,Green,33,Forest Green,Yellow,Old Navy,Pineapples,Green,Glasses,Green,FALSE,,,,,,,,TRUE,25,Emerald Green,,Turtleneck,Zara,,Green,2,,Ground Turkey with Spinach and Onions,Chicken Sandwich,,Tortilla Chips,,FALSE,TRUE,TRUE,FALSE,FALSE,FALSE,,,Sandwell,,,9,9,,"Banana, Clementine","Spinach, Onion","Turkey, Chicken",,,Good leftovers,Sandwell actually makes some mean sandwiches,,,Fmovies,,,Severance,,1,FALSE,TRUE,Chilly,FALSE,FALSE,0,FALSE,0,5524,2.56,9,54,115,2484,,,"NJTransit Bus, NJTransit Bus, Subway, Subway",FALSE,FALSE,FALSE,Jiwei,Mood Clinical Trial,python,TRUE,TRUE,2,3,FALSE,Marvel Rivals,,TRUE,2,"Bourbon, Seltzer"
2025-02-24,Monday,9,February,Sunny,50,40,42,Hoboken,New Jersey,USA,Hoboken,New Jersey,USA,"Hoboken, Manhattan","New Jersey, New York",USA,09:00,00:00,9,0,0,34,7,FALSE,21,T-Shirt,Kelly Green,Blue,Hoboken,Hoboken,Green,20,Joggers,Olive Green,,American Eagle,,Green,1,Sneakers,Forest Green,Lime Green,Nike,Kobe,Green,Green,,Boxers,Green,30,Electric Lime,Neon Green,Stance,People,Green,Glasses,Green,TRUE,1,Eucalyptus,,Beanie,Target,,Green,TRUE,20,Hunter Green,,Pullover,,Fuzzy,Green,,,Ground Turkey with Spinach and Onions,Soup Pork Dumplings,,Tortilla Chips,Black Licorice Easter Eggs,FALSE,TRUE,TRUE,TRUE,FALSE,FALSE,,,,,,8,7,,,"Spinach, Onion","Turkey, Pork",,,Good leftovers,Not the best TJ item but I enjoyed it,,,,,,,,0,FALSE,TRUE,Chilly,FALSE,FALSE,0,FALSE,0,16655,7.81,10,57,157,3523,Frisbee,90,"NJTransit Bus, NJTransit Bus, Subway, Subway",FALSE,FALSE,FALSE,"Jiwei, Keith, Joe",Mood Clinical Trial,python,TRUE,TRUE,2,3,FALSE,Marvel Rivals,,FALSE,0,
2025-02-25,Tuesday,9,February,Sunny,55,40,46,Hoboken,New Jersey,USA,Hoboken,New Jersey,USA,"Hoboken, Manhattan","New Jersey, New York",USA,06:00,01:00,6,0,0,100,7,FALSE,47,T-Shirt,Blue,Orange,Dave and Buster's,Dave and Buster's,Blue,2,Joggers,Forest Green,,American Eagle,,Green,10,Sneakers,Black,Electric Lime,Nike,Curry,Black,Blue,Green,Boxers,Blue,35,Dark Green,Gold,Stance,Donavon Mitchell,Green,Glasses,Green,TRUE,3,Steel Blue,,Beanie,IBM,Watson,Blue,TRUE,27,Royal Blue,,Pullover,,,Blue,2,,Ground Turkey with Spinach and Onions,Sushi Sandwich,Wings,"Orange Slices, Tortilla Chips",Black Licorice Easter Eggs,FALSE,TRUE,TRUE,TRUE,FALSE,FALSE,,,,Bar,,8,8,,Orange,"Spinach, Onion, Celery, Carrot","Turkey, Tuna, Chicken",,,Good leftovers,I love the sushi sandwiches from shoprite,Decent wings,,,,,,,0,FALSE,TRUE,Chilly,TRUE,FALSE,0,TRUE,30,20742,9.83,13,54,158,4249,"Frisbee, Basketball","90, 120","NJTransit Bus, NJTransit Bus, Subway, Subway",FALSE,FALSE,FALSE,"Jiwei, Wilson, Weezy, Joe, Tharan, Kevin",Mood Clinical Trial,python,TRUE,TRUE,4,5,FALSE,Marvel Rivals,,TRUE,1,Selter
2025-02-26,Wednesday,9,February,Sunny,54,42,44,Hoboken,New Jersey,USA,Hoboken,New Jersey,USA,Hoboken,New Jersey,USA,09:00,01:00,8,0,0,40,6,FALSE,90,T-Shirt,Eucalyptus,White,Harvard,Harvard,Green,7,Sweatpants,Gray,Crimson,Quincy,Quincy,Gray,5,Sandals,Forest Green,Orange,Adidas,,Green,Green,Blue,Boxers,Green,,,,,,,Glasses,Green,FALSE,,,,,,,,FALSE,,,,,,,,,,Ground Turkey with Spinach and Onions,Spinach Pasta,,Orange Slices,Black Licorice Easter Eggs,FALSE,TRUE,TRUE,TRUE,FALSE,FALSE,,,,,,8,6,,Orange,"Spinach, Onion",Turkey,,,This lasted so long haha the longevitity is crazy,Nothing crazy,,,,,,,,0,FALSE,TRUE,Chilly,FALSE,FALSE,0,FALSE,0,6374,2.91,7,58,104,2587,,,,FALSE,FALSE,FALSE,Jiwei,Mood Clinical Trial,python,TRUE,TRUE,2,3,FALSE,Marvel Rivals,,FALSE,0,
2025-02-27,Thursday,9,February,Rain,54,40,44,Hoboken,New Jersey,USA,Hoboken,New Jersey,USA,Hoboken,New Jersey,USA,09:00,01:00,8,0,0,100,6,FALSE,10,Button-Up Shirt,Pastel Green,Jungle Green,Columbia,Tropical Plants,Green,7,Sweatpants,Gray,Crimson,Quincy,Quincy,Gray,5,Sandals,Forest Green,Orange,Adidas,,Green,Red,Blue,Boxers,Red,,,,,,,Glasses,Green,FALSE,,,,,,,,FALSE,,,,,,,,,,Spinach Pasta,Pork Shu Mai,,Orange Slices,Black Licorice Easter Eggs,FALSE,TRUE,TRUE,TRUE,FALSE,FALSE,,,,,,6,7,,Orange,Spinach,Pork,,,Nothing crazy,Pretty good TJ item,,,,,,,,0,FALSE,FALSE,,TRUE,FALSE,0,TRUE,30,3346,1.57,0,58,123,2506,,,,FALSE,FALSE,FALSE,Jiwei,"Mood Clinical Trial, CWS",python,TRUE,TRUE,2,3,FALSE,Marvel Rivals,,FALSE,0,
2025-02-28,Friday,9,February,Cloudy,49,41,36,Hoboken,New Jersey,USA,Peru,Vermont,USA,"Hoboken, Peru","New Jersey, Vermont",USA,09:00,00:00,8,0,0,69,6,FALSE,40,Long Sleeve,Dark Green,,St. John's Bay,,Green,36,Swishy Sweatpants,Navy Blue,,Nike,,Blue,5,Sandals,Forest Green,Orange,Adidas,,Green,Magenta,Cyan,Boxers,Pink,8,White,Green,Roots,Elk,White,Glasses,Green,TRUE,2,Dark Green,,Beanie,American Eagle,,Green,TRUE,1,Hunter Green,,Winter Jacket,Costco,,Green,2,,,"Ribs, Streetcorn, Garlic Toast, Brisket Quesadilla, Chicken Quesadilla",,Buffalo Doritos,"Sour Gumy Worms, Nerd Clusters",FALSE,FALSE,FALSE,FALSE,FALSE,FALSE,,,Chili's,,,,9,,Jalepeño,Corn,"Beef, Chicken",,,,I love chili's so much it is definitely my top restaruant,,,,,,,,0,FALSE,TRUE,Cold,FALSE,FALSE,0,FALSE,0,5899,2.71,7,58,119,2657,,,,TRUE,FALSE,FALSE,"Jiwei, Jed, Jordan, Deezy, Weezy, Opara","Mood Clinical Trial, CWS",python,TRUE,TRUE,2,3,FALSE,Marvel Rivals,,FALSE,0,
2025-03-01,Saturday,9,March,Snow,45,1,0,Peru,Vermont,USA,Peru,Vermont,USA,"Hoboken, Peru","New Jersey, Vermont",USA,07:00,23:00,7,0,0,100,9,FALSE,40,Long Sleeve,Dark Green,,St. John's Bay,,Green,36,Swishy Sweatpants,Navy Blue,,Nike,,Blue,3,Slip-on Shoes,Matcha Green,,Moln,,Green,Green,Red,Boxers,Green,8,White,Green,Roots,Elk,White,Contacts,,TRUE,2,Dark Green,,Beanie,American Eagle,,Green,TRUE,28,Lime Green,Blue,Hoodie,Nintendo,Luigi,Green,3,,,Bacon Bits Burger,,"Buffalo Doritos, Srihacha Doritos","Sour Gumy Worms, Nerd Clusters, Cinna-Dragons",FALSE,FALSE,FALSE,FALSE,FALSE,FALSE,,,Honey Pie,,,,8,,Jalepeño,Lettuce,Beef,,,,Good burger,,,,,,,,0,FALSE,TRUE,Freezing,FALSE,FALSE,0,FALSE,0,13661,6.21,43,59,111,3679,Ski,240,,TRUE,FALSE,FALSE,"Jiwei, Jed, Jordan, Deezy, Weezy, Opara",Mood Clinical Trial,python,TRUE,TRUE,2,3,FALSE,,Camel Up,TRUE,6,"Fireball, Fireball, Fireball, Seltzer, Seltzer, Seltzer"
2025-03-02,Sunday,10,March,Windy,17,-3,-3,Peru,Vermont,USA,Hoboken,New Jersey,USA,"Hoboken, Peru","New Jersey, Vermont",USA,07:00,22:00,8,1,1,100,8,FALSE,44,Henley,Moss Green,,American Eagle,,Green,36,Swishy Sweatpants,Navy Blue,,Nike,,Blue,3,Slip-on Shoes,Matcha Green,,Moln,,Green,Green,Red,Boxers,Green,7,Kelly Green,,Nike,Santa,Green,Contacts,,TRUE,2,Dark Green,,Beanie,American Eagle,,Green,TRUE,28,Lime Green,Blue,Hoodie,Nintendo,Luigi,Green,4,,,"Ribs, Streetcorn, Garlic Toast, Brisket Quesadilla",Honey Pie,"Buffalo Doritos, Srihacha Doritos",Nerd Clusters,FALSE,FALSE,FALSE,FALSE,FALSE,FALSE,,,Chili's,,,,7,,,Corn,"Beef, Chicken",,,,Definitely a worse chili's than the one we went to on the way here but the food was still very good,,,,,,,,0,FALSE,TRUE,Freezing,FALSE,FALSE,0,FALSE,0,10871,4.99,25,60,111,3208,Ski,240,,TRUE,FALSE,FALSE,"Jiwei, Jed, Jordan, Deezy, Weezy, Opara",Mood Clinical Trial,python,TRUE,TRUE,2,3,FALSE,,,TRUE,6,"Fireball, Fireball, Fireball, Seltzer, Seltzer, Seltzer"
2025-03-03,Monday,10,March,Sunny,39,22,31,Hoboken,New Jersey,USA,Hoboken,New Jersey,USA,"Hoboken, Manhattan","New Jersey, New York",USA,08:00,00:00,10,0,0,54,7,FALSE,49,Athletic Shirt,Dark Green,,,,Green,6,Sweatpants,Eucalyptus,,,,Green,13,Slip-on Shoes,Electric Lime,,Moln,,Green,Magenta,Cyan,Boxers,Pink,36,Lime Green,Black,,Flames,Green,Glasses,Green,TRUE,2,Dark Green,,Beanie,American Eagle,,Green,TRUE,29,Periwinkle,Lime Green,Hoodie,Rugrats,Reptar,Purple,2,,,Vegetable Soup Dumpling,,Plantain Chips,Spiced Easter Eggs,FALSE,FALSE,FALSE,TRUE,FALSE,FALSE,,,,,,,7,,,"Leak, Broccoli",,,,,Was NJTransit Busy today so didn't eat lunch. The vegetable dumplings were good tho,,,Amazon Prime,,,,Invincible,1,TRUE,TRUE,Chilly,TRUE,TRUE,15,TRUE,30,13940,6.33,17,60,90,3634,Climbing,180,"NJTransit Bus, NJTransit Bus, Subway, Subway",FALSE,FALSE,FALSE,"Jiwei, Wilson, Joe",Mood Clinical Trial,python,TRUE,TRUE,2,3,FALSE,Marvel Rivals,,FALSE,0,
2025-03-04,Tuesday,10,March,Sunny,54,40,36,Hoboken,New Jersey,USA,Hoboken,New Jersey,USA,Hoboken,New Jersey,USA,09:00,02:00,1,1,2,63,6,FALSE,13,T-Shirt,Cornflour Blue,White,Zoom,Zoom,Blue,37,Sweatpants,Lime Green,White,H&M,,Green,5,Sandals,Forest Green,Orange,Adidas,,Green,Blue,,Boxers,Blue,,,,,,,Glasses,Green,FALSE,,,,,,,,TRUE,4,Hunter Green,,Hoodie,Costco,,Green,2,,Pepper Omlette,Salmon Salad,,,Spiced Easter Eggs,FALSE,TRUE,FALSE,TRUE,FALSE,FALSE,,,,,,8,8,,Bell Pepper,Lettuce,"Egg, Salmon",,,Back to our regularly scheduled programming,Good to eat salmon and salad again,,Fmovies,Fmovies,,,Severance,White Lotus,2,FALSE,FALSE,,TRUE,TRUE,10,TRUE,30,1350,0.48,0,53,109,2094,,,,FALSE,FALSE,FALSE,Jiwei,Mood Clinical Trial,python,TRUE,TRUE,3,4,FALSE,Marvel Rivals,,FALSE,0,
2025-03-05,Wednesday,10,March,Rain,54,40,38,Hoboken,New Jersey,USA,Hoboken,New Jersey,USA,"Hoboken, Ridgewood",New Jersey,USA,08:00,23:00,6,0,0,100,7,FALSE,98,Button-Up Shirt,Dark Green,Neon Green,,,Green,18,Sweatpants,Gray,,Monstercat,,Gray,14,Boots,Army Green,,Timberland,,Green,Green,Blue,Boxers,Green,12,Neon Green,Black,Polo,,Green,Glasses,Green,TRUE,1,Eucalyptus,,Beanie,Target,,Green,TRUE,21,Eucalyptus,,Rain Jacket,Columbia,,Green,2,,Acai Bowl,Chicken and Potatoes w/ Greek Sauce,,"Popcorn, Crackers",Green Tea Mints,FALSE,TRUE,FALSE,FALSE,FALSE,FALSE,,,,,,8,8,,"Goji Berries, Strawberry, Blueberry, Blackberry, Acai, Currant",Potato,Chicken,,,High quality smoothie that was really filling actually,Ashley cooked really good chicken and potatoes with greek yogurt sauce,,,YouTube,,,,Dr. Phil,1,FALSE,TRUE,Wet,FALSE,FALSE,0,FALSE,0,12251,5.09,21,54,140,3048,,,,FALSE,FALSE,FALSE,"Jiwei, Ashley",Mood Clinical Trial,python,TRUE,TRUE,2,3,FALSE,,,FALSE,0,
2025-03-06,Thursday,10,March,Cloudy,52,33,41,Hoboken,New Jersey,USA,Hoboken,New Jersey,USA,Hoboken,New Jersey,USA,09:00,00:00,10,1,1,45,5,TRUE,51,Button-Up Shirt,Jungle Green,White,American Eagle,Tropical Plants,Green,15,Swishy Sweatpants,Forest Green,White,Holloway,Daldot,Green,5,Sandals,Forest Green,Orange,Adidas,,Green,Green,Blue,Boxers,Green,,,,,,,Glasses,Green,FALSE,,,,,,,,FALSE,,,,,,,,1,,Salmon and Rice,Turkey Avocado Salad,,,Spiced Easter Eggs,FALSE,TRUE,FALSE,TRUE,FALSE,FALSE,,,,,,8,8,,"Avocado, Banana",Lettuce,"Salmon, Turkey",,,Good leftovers,Trying to eat more salads this year,,Fmovies,,,,Invincible,,1,FALSE,TRUE,Chilly,TRUE,TRUE,10,TRUE,30,1931,0.86,1,61,101,2231,,,,FALSE,FALSE,FALSE,Jiwei,Mood Clinical Trial,python,TRUE,TRUE,2,3,FALSE,Marvel Rivals,,FALSE,0,
2025-03-07,Friday,10,March,Cloudy,52,33,46,Hoboken,New Jersey,USA,Hoboken,New Jersey,USA,Hoboken,New Jersey,USA,08:00,00:00,8,0,0,100,6,TRUE,28,T-Shirt,Hunter Green,White,Fossil Butte,Fossil Butte,Green,18,Sweatpants,Gray,,Monstercat,,Gray,3,Slip-on Shoes,Matcha Green,,Moln,,Green,Red,Green,Boxers,Red,12,Neon Green,Black,Polo,,Green,Glasses,Green,FALSE,,,,,,,,FALSE,,,,,,,,1,,Turkey over Rice,Turkey Avocado Salad,,,Spiced Easter Eggs,FALSE,TRUE,FALSE,TRUE,FALSE,FALSE,,,,,,8,8,,"Avocado, Banana",Lettuce,Turkey,,,Solid leftovers,I make pretty mean salads honestly,,,,,,,,0,FALSE,FALSE,,TRUE,FALSE,0,TRUE,30,4850,0.55,3,58,110,2371,Climbing,60,,FALSE,FALSE,FALSE,Jiwei,Mood Clinical Trial,python,TRUE,TRUE,2,3,FALSE,Marvel Rivals,,FALSE,0,
2025-03-08,Saturday,10,March,Partly Cloudy,51,37,45,Hoboken,New Jersey,USA,Hoboken,New Jersey,USA,Hoboken,New Jersey,USA,10:00,23:00,10,0,0,100,7,TRUE,38,Athletic Shirt,Lime Green,,MUD,MUD,Green,10,Sweatpants,Black,White,BRed Line,Toast,Green,5,Sandals,Forest Green,Orange,Adidas,,Green,Green,,Boxers,Green,1,Lime Green,,Stance,Grinch,Green,Glasses,Green,FALSE,,,,,,,,FALSE,,,,,,,,1,,Turkey over Rice,Sausage and Eggs,,,Spiced Easter Eggs,FALSE,TRUE,FALSE,TRUE,FALSE,FALSE,,,,,,7,6,,Banana,,"Egg, Turkey",,,Leftovers kinda got old,I was locked in to marvel rivals so I just threw something together haha,,,,,,,,0,FALSE,FALSE,,FALSE,FALSE,0,FALSE,0,20892,8.95,25,53,128,2880,,,,FALSE,FALSE,FALSE,Jiwei,,,TRUE,TRUE,2,3,FALSE,Marvel Rivals,,FALSE,0,
2025-03-09,Sunday,11,March,Partly Cloudy,45,31,40,Hoboken,New Jersey,USA,Hoboken,New Jersey,USA,Hoboken,New Jersey,USA,08:00,00:00,9,0,0,100,8,TRUE,52,Polo,Lime Green,Black,Urban Outfitters,,Green,26,Khakis,Verdigris,,Docker,,Green,11,Golf Shoes,White,Forest Green,Malbon,,White,Blue,,Boxers,Blue,37,White,Red,Heatonist,Flame,White,Glasses,Green,TRUE,32,Dark Green,White,Beanie,Utah,Utah,Green,TRUE,19,Lime Green,,Pullover,Bethpage,Bethpage,Green,2,,,Turkey Sandwich,,Boom Chika Pop,Spiced Easter Eggs,FALSE,TRUE,FALSE,TRUE,FALSE,FALSE,,,,,,,8,,"Jalepeño, Banana",Lettuce,Turkey,,,,I had the TJ Jalepeño bread with this which was amazing,,,HBO,,,,White Lotus,1,FALSE,TRUE,Chilly,FALSE,FALSE,0,FALSE,0,21159,9.06,25,57,127,4367,Golf,260,,TRUE,FALSE,FALSE,"Jiwei, Joe, Kevin, Claire",,,TRUE,TRUE,2,3,FALSE,Marvel Rivals,,TRUE,1,Surfside
2025-03-10,Monday,11,March,Partly Cloudy,54,42,50,Hoboken,New Jersey,USA,Hoboken,New Jersey,USA,Hoboken,New Jersey,USA,07:00,02:00,7,1,1,100,8,FALSE,53,Polo,Lime Green,,Underarmour,,Green,23,Joggers,Navy Blue,,American Eagle,,Blue,11,Golf Shoes,White,Forest Green,Malbon,,White,Blue,White,Boxers,Blue,12,Neon Green,Black,Polo,,Green,Glasses,Green,TRUE,1,Eucalyptus,,Beanie,Target,,Green,TRUE,30,Forest Green,,Pullover,Harvard,Leverett,Green,2,,Turkey over Rice,Broccoli and Beef,,Skinny Pop,Spiced Easter Eggs,FALSE,TRUE,FALSE,TRUE,FALSE,FALSE,,,,,,8,7,,,Broccoli,Beef,,,Leftovers kinda got old,Surprising good TJ item. I didn't expect the beef to be breaded,,,,,,,,0,FALSE,TRUE,Warm,FALSE,FALSE,0,FALSE,0,12631,5.44,13,57,142,3261,Golf,109,,TRUE,FALSE,Lyft,"Jiwei, Kevin",Mood Clinical Trial,python,TRUE,TRUE,2,3,FALSE,Marvel Rivals,,FALSE,0,
2025-03-11,Tuesday,11,March,Sunny,63,43,59,Hoboken,New Jersey,USA,Hoboken,New Jersey,USA,"Hoboken, Manhattan","New Jersey, New York",USA,08:00,03:00,6,1,1,78,6,FALSE,47,T-Shirt,Blue,Orange,Dave and Buster's,Dave and Buster's,Blue,6,Sweatpants,Eucalyptus,,,,Green,5,Sandals,Forest Green,Orange,Adidas,,Green,White,Green,Boxers,White,,,,,,,Glasses,Green,FALSE,,,,,,,,TRUE,11,Cornflour Blue,,Hoodie,,,Blue,2,,Broccoli and Beef,Japanese Potato Salad,,Skinny Pop,Easter Eggs,FALSE,TRUE,FALSE,TRUE,FALSE,FALSE,,,,,,7,8,,,"Japanese Sweet Potato, Lettuce, Broccoli",Beef,,,Leftovers also hit,Putting the japanese sweet potatoes to good use,,,Fmovies,,,,Solo Leveling,1,FALSE,FALSE,,FALSE,FALSE,0,FALSE,0,9632,4.48,4,53,98,2474,,,,FALSE,FALSE,FALSE,Jiwei,Mood Clinical Trial,python,TRUE,TRUE,2,3,FALSE,Marvel Rivals,,FALSE,0,
2025-03-12,Wednesday,11,March,Cloudy,52,39,41,Hoboken,New Jersey,USA,Hoboken,New Jersey,USA,Hoboken,New Jersey,USA,09:00,03:00,6,1,1,72,5,FALSE,3,Long Sleeve,Kelly Green,Yellow,Reebok,Power Rangers,Green,6,Sweatpants,Eucalyptus,,,,Green,5,Sandals,Forest Green,Orange,Adidas,,Green,Red,White,Boxers,Red,,,,,,,Glasses,Green,FALSE,,,,,,,,TRUE,4,Hunter Green,,Hoodie,Costco,,Green,2,,Cheesy Japanese Potatoes,Shrimp Dumplings,,Boom Chika Pop,Easter Eggs,FALSE,TRUE,FALSE,TRUE,FALSE,FALSE,,,,,,6,8,,,"Broccoli, Bell Pepper, Japanese Sweet Potatoes",Shrimp,,,I really wished I added some type of meat to this,The korean bbq sauce that I have goes really well with this,,,Disney+,,,,Daredevil: Born Again,1,FALSE,TRUE,Warm,TRUE,TRUE,10,TRUE,30,9406,4.37,4,51,143,2979,,,,FALSE,FALSE,FALSE,Jiwei,"Mood Clinical Trial, CWS",python,TRUE,TRUE,3,4,FALSE,Marvel Rivals,,FALSE,0,
2025-03-13,Thursday,11,March,Cloudy,51,36,35,Hoboken,New Jersey,USA,Hoboken,New Jersey,USA,Hoboken,New Jersey,USA,08:00,00:00,5,1,1,18,9,FALSE,21,T-Shirt,Kelly Green,Blue,Hoboken,Hoboken,Green,12,Sweatpants,Aquamarine,,Old Navy,,Green,4,Sneakers,Aquamarine,Light Green,Nike,,Green,Green,Blue,Boxers,Green,38,Aquamarine,Black,Louvre,Mona Lisa,Green,Glasses,Green,TRUE,1,Eucalyptus,,Beanie,Target,,Green,TRUE,31,Light Green,,Hoodie,,,Green,2,,Shrimp Dumplings,Garlic Wings,,Cheddar Lays Chips,Wintergreen Tic Tacs,FALSE,TRUE,FALSE,TRUE,FALSE,FALSE,,,,,,8,6,,,"Broccoli, Bell Pepper","Chicken, Shrimp",,,Great leftovers,Quick wings from shoprite,,,,,,,,0,FALSE,TRUE,Warm,TRUE,TRUE,10,TRUE,30,13391,6.32,0,59,137,3102,,,,FALSE,FALSE,FALSE,Jiwei,"Mood Clinical Trial, CWS",python,TRUE,TRUE,2,2,FALSE,Marvel Rivals,,FALSE,0,
2025-03-14,Friday,11,March,Cloudy,54,40,42,Hoboken,New Jersey,USA,Hoboken,New Jersey,USA,Hoboken,New Jersey,USA,07:00,00:00,7,1,1,63,6,FALSE,46,T-Shirt,Jungle Green,Black,Germany,,Green,14,Pajama Pants,Dark Green,Lime Green,Care Bears,Care Bears,Green,5,Sandals,Forest Green,Orange,Adidas,,Green,Red,Blue,Boxers,Red,39,Olive Green,Red,Stance,Monster,Green,Glasses,Green,TRUE,1,Eucalyptus,,Beanie,Target,,Green,TRUE,8,Forest Green,,Windbreaker,,Puffy,Green,2,,Spinach Omlette,Jerk Chicken Pasta,,"Cheddar Lays Chips, Orange Slices",Wintergreen Tic Tacs,FALSE,TRUE,FALSE,TRUE,FALSE,FALSE,,,,,,7,9,,Orange,"Broccoli, Carrot","Eggs, Chicken",,,I need to do more with spinach it's actually a very good vegetable,Great pasta well done,,,,,,,,0,FALSE,TRUE,Chilly,TRUE,FALSE,0,TRUE,30,15494,7.23,7,55,155,3456,,,,FALSE,FALSE,FALSE,Jiwei,"Mood Clinical Trial, CWS",python,TRUE,TRUE,1,2,FALSE,Marvel Rivals,,TRUE,1,Surfside
2025-03-15,Saturday,11,March,Cloudy,50,41,42,Hoboken,New Jersey,USA,Hoboken,New Jersey,USA,Hoboken,New Jersey,USA,08:00,01:00,8,0,0,100,7,FALSE,4,Long Sleeve,Forest Green,,Polo,,Green,39,Joggers,Khaki,,American Eagle,,Brown,11,Golf Shoes,White,Forest Green,Malbon,,White,Green,Red,Boxers,Green,39,Olive Green,Red,Stance,Monster,Green,Glasses,Green,TRUE,10,Dark Blue,Green,Cap,Hoboken Golf,Hoboken Golf,Blue,TRUE,32,Forest Green,Dark Blue,Pullover,,,Green,2,,Hot Dog,Beef w/ Broccoli,,,Spiced Easter Eggs,FALSE,FALSE,FALSE,TRUE,FALSE,FALSE,,Skyway,,,,6,8,,,Broccoli,"Beef, Pork",,,Skyway hot dog between rounds,Had to do something quick since I didnt really feel like cooking,,,,,,,,0,FALSE,TRUE,Chilly,FALSE,FALSE,0,FALSE,0,21600,11.56,3,69,97,3737,Golf,247,,FALSE,FALSE,FALSE,"Jiwei, Jed",,,TRUE,TRUE,2,3,FALSE,Marvel Rivals,,TRUE,1,Seltzer
2025-03-16,Sunday,12,March,Cloudy,61,48,53,Hoboken,New Jersey,USA,Hoboken,New Jersey,USA,"Hoboken, Manhattan","New Jersey, New York",USA,09:00,00:00,8,0,0,100,8,FALSE,35,Polo,Lime Green,,,Golf Clubs,Green,27,Khakis,Emerald Green,,Polo,,Green,11,Golf Shoes,White,Forest Green,Malbon,,White,Blue,White,Boxers,Blue,21,Lime Green,Light Green,,Golf,Green,Glasses,Green,TRUE,1,Eucalyptus,,Beanie,Target,,Green,TRUE,19,Lime Green,,Pullover,Bethpage,Bethpage,Green,2,,Beef w/ Broccoli,Bacon Egg and Cheese w/ Donut,,,Spiced Easter Eggs,FALSE,TRUE,TRUE,FALSE,FALSE,FALSE,,,Dunkin,,,8,7,,Banana,Broccoli,"Beef, Egg, Bacon",,,Good leftovers,Had to rush to the upper west side so I stopped by dunkin,,,HBO,,,,Severance,1,FALSE,TRUE,Chilly,FALSE,FALSE,0,FALSE,0,26039,11.2,78,61,116,4257,Golf,263,,TRUE,FALSE,Lyft,"Jiwei, Jed, Nik, Tharan, Joe, Claire, Kevin",,,TRUE,TRUE,2,3,FALSE,Marvel Rivals,,TRUE,1,Seltzer
2025-03-17,Monday,12,March,Rain,56,34,42,Hoboken,New Jersey,USA,Hoboken,New Jersey,USA,Hoboken,New Jersey,USA,08:00,00:00,8,1,1,32,6,FALSE,11,T-Shirt,Kelly Green,White,Dollar Store,Do Your Thing,Green,14,Pajama Pants,Dark Green,Lime Green,Care Bears,Care Bears,Green,5,Sandals,Forest Green,Orange,Adidas,,Green,Green,,Boxers,Green,29,Lime Green,Black,Polo,,Green,Glasses,Green,FALSE,,,,,,,,FALSE,,,,,,,,1,,Beef w/ Broccoli,Green Pizza,,,Spiced Easter Eggs,FALSE,TRUE,TRUE,TRUE,FALSE,FALSE,,,,,,8,10,,Bell Pepper,"Broccoli, Green Onion","Beef, ",,,Good leftovers,Green pizza is my magnum opus,,,,,,,,0,FALSE,TRUE,Warm,TRUE,TRUE,10,TRUE,30,7866,3.54,0,54,99,2708,,,,FALSE,FALSE,FALSE,Jiwei,Mood Clinical Trial,python,TRUE,TRUE,2,3,FALSE,Marvel Rivals,,FALSE,0,
2025-03-18,Tuesday,12,March,Sunny,62,41,53,Hoboken,New Jersey,USA,Hoboken,New Jersey,USA,"Hoboken, Manhattan","New Jersey, New York",USA,08:00,23:00,8,1,1,56,7,FALSE,26,Athletic Shirt,Blue,Grass Green,MUD,MUD,Blue,6,Sweatpants,Eucalyptus,,,,Green,15,Sneakers,White,Turquoise,Allbirds,,White,Green,,Boxers,Green,14,Neon Green,Black,Nike,,Green,Glasses,Green,TRUE,1,Eucalyptus,,Beanie,Target,,Green,TRUE,18,Light Blue,Lime Green,Windbreaker,Cotopaxi,Cotopaxi,Blue,2,,Turkey Wrap,Green Pizza,,,Spiced Easter Eggs,FALSE,TRUE,TRUE,TRUE,TRUE,FALSE,,,,,,7,10,,Bell Pepper,"Broccoli, Green Onion",,,,Solid turkey wrap,I could eat this forever lol,,,,,,,,0,FALSE,TRUE,Chilly,TRUE,FALSE,0,TRUE,30,27474,12.25,17,58,173,4407,Basketball,120,"NJTransit Bus, NJTransit Bus, Subway, Subway",FALSE,FALSE,FALSE,"Jiwei, Wilson, Tharan, Kevin, Weezy",Mood Clinical Trial,python,TRUE,TRUE,2,3,FALSE,Marvel Rivals,,FALSE,0,
2025-03-19,Wednesday,12,March,Sunny,62,44,56,Hoboken,New Jersey,USA,Hoboken,New Jersey,USA,Hoboken,New Jersey,USA,07:00,01:00,8,0,0,18,6,FALSE,48,Athletic Shirt,Electric Lime,,Harvard,Harvard,Green,2,Joggers,Forest Green,,American Eagle,,Green,10,Sneakers,Black,Electric Lime,Nike,Curry,Black,Green,Blue,Boxers,Green,32,Black,Electric Lime,Underarmour,,Black,Glasses,Green,TRUE,1,Eucalyptus,,Beanie,Target,,Green,TRUE,33,Cadmium Green,,Sun Hoodie,,,Green,2,,Sushi Sandwich,Green Pizza,,Jalepeño Cheddar Rice Cakes,Spiced Easter Eggs,FALSE,TRUE,TRUE,TRUE,TRUE,FALSE,,,,,,8,10,,Bell Pepper,"Broccoli, Green Onion",,,,"I love these sushi sandwiches from shoprite, they are a game-changer",Really really really good,,,,,,,,0,FALSE,TRUE,Warm,TRUE,FALSE,0,TRUE,30,33901,14.12,30,54,163,5211,"Golf, Basketball, Climbing","110, 60, 60",,TRUE,FALSE,Lyft,"Jiwei, Kevin",Mood Clinical Trial,python,TRUE,TRUE,2,3,TRUE,Marvel Rivals,,FALSE,0,
2025-03-20,Thursday,12,March,Rain,77,42,63,Hoboken,New Jersey,USA,Richmond,Virginia,USA,Richmond,"Virginia, New Jersey",USA,05:00,00:00,4,1,1,100,8,FALSE,29,T-Shirt,Olive Green,Crimson,Harvard,Harvard,Green,2,Joggers,Forest Green,,American Eagle,,Green,1,Sneakers,Forest Green,Lime Green,Nike,Kobe,Green,Red,Green,Boxers,Red,26,Olive Green,,Stance,,Green,Glasses,Green,TRUE,1,Eucalyptus,,Beanie,Target,,Green,TRUE,1,Hunter Green,,Winter Jacket,Costco,,Green,2,,Bacon Egg and Cheese w/ Banana Bread,Pizza,,,,FALSE,FALSE,FALSE,FALSE,FALSE,FALSE,,Starbuck's,,,,6,8,,Banana,Olive,"Bacon, Egg, Sausage",,,Starbucks brunch while I waited for people to arrive to the hotel,Pizza at the rehearsal dinner,,,,,,,,0,FALSE,TRUE,Warm,FALSE,FALSE,0,FALSE,0,14977,7.17,62,55,132,3397,Golf,116,,TRUE,FALSE,Lyft,"Jiwei, Joe, Bambi, Michael",Mood Clinical Trial,python,TRUE,TRUE,2,3,FALSE,,,TRUE,2,"Beer, Beer"
2025-03-21,Friday,12,March,Sunny,63,41,45,Richmond,Virginia,USA,Richmond,Virginia,USA,Richmond,Virginia,USA,07:30,00:00,7.5,0,0,100,9,FALSE,119,Dress Shirt,White,,,,White,31,Dress Pants,Navy Blue,,,,Blue,21,Dress Shoes,Brown,,LL Bean,,Brown,Green,,Boxers,Green,32,Black,Electric Lime,Underarmour,,Black,Glasses,Green,FALSE,,,,,,,,TRUE,34,Navy Blue,,Suit Jacket,,,Blue,2,,Chick-Fil-A Nuggets,"Venezuelan Food, Beef Empanadas, Cheese Balls, Spicy Shrimp, Lake Soup, Twice Cooked Beef",,,,FALSE,FALSE,FALSE,FALSE,FALSE,FALSE,,Chick-fil-a,"Food Truck, Chinese Restaurant",,,7,9,,Orange,"Leek, Walnut, Olive","Beef, Shrimp, Pork, Chicken",,,I haven't add these in a minute,Great venezuelan food this really slapped,,,,,,,,0,FALSE,TRUE,Warm,FALSE,FALSE,0,FALSE,0,8070,3.8,4,59,119,3145,Frisbee,30,,TRUE,FALSE,FALSE,"Jiwei, Joe, Bambi, Michael, Peter",,,TRUE,TRUE,2,3,FALSE,"Big Brain Academy: Brain vs. Brain, Mario Kart",,TRUE,4,"Whiskey, Seltzer, Beer, Margerita"
2025-03-22,Saturday,12,March,Windy,73,40,56,Richmond,Virginia,USA,Richmond,Virginia,USA,Richmond,Virginia,USA,11:00,00:00,11,0,0,100,9,FALSE,9,Long Sleeve,Seafoam Green,,Columbia,,Green,2,Joggers,Forest Green,,American Eagle,,Green,1,Sneakers,Forest Green,Lime Green,Nike,Kobe,Green,Green,Blue,Boxers,Green,20,Forest Green,Dark Green,13th Tribe,Tribal,Green,Glasses,Green,TRUE,1,Eucalyptus,,Beanie,Target,,Green,TRUE,1,Hunter Green,,Winter Jacket,Costco,,Green,2,,Supreme Pizza,"Brisket Bowl, Crab Dip",,,,FALSE,FALSE,FALSE,FALSE,FALSE,FALSE,,,Brunch Lunch Dinner,,,7,9,,Bell Pepper,Olive,"Beef, Chicken, Crab",,,Leftover pizza,"Extremely filling brisket bowl, great place to eat at in richmond",,,,,,,,0,FALSE,TRUE,Warm,FALSE,FALSE,0,FALSE,0,15806,7.67,15,59,102,3421,Top Golf,120,,TRUE,FALSE,FALSE,"Jiwei, Joe, Bambi, Peter",Mood Clinical Trial,python,TRUE,TRUE,2,3,FALSE,"Power Drift, Metal Slug, Killer Instinct, DaB",,TRUE,1,Beer
2025-03-23,Sunday,13,March,Cloudy,66,47,52,Richmond,Virginia,USA,Hoboken,New Jersey,USA,"Richmond, Hoboken, Manhattan","New Jersey, New York",USA,05:00,00:00,5,2,2,100,8,FALSE,9,Long Sleeve,Seafoam Green,,Columbia,,Green,2,Joggers,Forest Green,,American Eagle,,Green,1,Sneakers,Forest Green,Lime Green,Nike,Kobe,Green,Green,,Boxers,Green,20,Forest Green,Dark Green,13th Tribe,Tribal,Green,Glasses,Green,TRUE,1,Eucalyptus,,Beanie,Target,,Green,TRUE,1,Hunter Green,,Winter Jacket,Costco,,Green,2,,Fiochetti with Pink Sauce,Spicy Salmon Sushi,,,,FALSE,TRUE,FALSE,TRUE,FALSE,FALSE,,,,,,8,8,,,Carrot,Salmon,,,Frozen pasta which was actually pretty good,Sushi is good,,,HBO,,,,Severance,1,FALSE,TRUE,Cold,FALSE,FALSE,0,FALSE,0,10114,4.8,12,52,137,2873,,,,TRUE,FALSE,FALSE,"Jiwei, Joe, Bambi",Mood Clinical Trial,python,TRUE,TRUE,2,3,FALSE,Marvel Rivals,,TRUE,1,Seltzer
2025-03-24,Monday,13,March,Rain,54,39,34,Hoboken,New Jersey,USA,Hoboken,New Jersey,USA,Hoboken,New Jersey,USA,08:00,00:00,8,0,0,39,6,FALSE,22,Long Sleeve,Forest Green,Yellow,Monstercat,,Green,7,Sweatpants,Gray,Crimson,Quincy,Quincy,Gray,4,Sneakers,Aquamarine,Light Green,Nike,,Green,Green,Red,Boxers,Green,23,Electric Lime,Black,Stance,,Green,Glasses,Green,FALSE,,,,,,,,TRUE,10,Light Green,Pastel Green,Hoodie,Columbia,,Green,2,,Fiochetti with Pink Sauce,Green Pizza,,Jalepeño Cheddar Rice Cakes,Spiced Easter Eggs,FALSE,TRUE,TRUE,TRUE,FALSE,FALSE,,,,,,8,10,,"Banana, Avocado",Broccoli,,,,Good leftovers,So good I had to run it back,,,,,,,,0,TRUE,FALSE,,TRUE,TRUE,10,TRUE,30,5042,2.25,0,55,122,2384,,,,FALSE,FALSE,FALSE,Jiwei,Mood Clinical Trial,python,TRUE,TRUE,2,3,FALSE,Marvel Rivals,,FALSE,0,
2025-03-25,Tuesday,13,March,Cloudy,66,42,40,Hoboken,New Jersey,USA,Hoboken,New Jersey,USA,"Hoboken, Manhattan","New Jersey, New York",USA,07:00,00:00,7,1,1,29,8,FALSE,50,T-Shirt,Blue,Red,Olympics,France,Blue,2,Joggers,Forest Green,,American Eagle,,Green,10,Sneakers,Black,Electric Lime,Nike,Curry,Black,Blue,White,Boxers,Blue,41,Sky Blue,Black,Atlanta Hawks,Atlanta Hawks,Blue,Glasses,Green,TRUE,5,Black,Red,Beanie,Pepper Palace,,Black,TRUE,35,Navy Blue,White,Hoodie,,Panda Dab,Blue,2,,Green Pizza,Salmon Salad,,Jalepeño Cheddar Rice Cakes,Spiced Easter Eggs,FALSE,TRUE,TRUE,TRUE,FALSE,FALSE,,,,,,10,7,,"Banana, Avocado",Broccoli,Salmon,,,Still delicious even with different ingredients,Back on the salad grind,,,,,,,,0,FALSE,TRUE,Cold,TRUE,FALSE,0,TRUE,30,19322,8.99,17,48,167,3637,"Frisbee, Basketball","90, 120","NJTransit Bus, NJTransit Bus, Subway, Subway",FALSE,FALSE,FALSE,"Jiwei, Kevin, Wilson, Weezy, Tharan","Mood Clinical Trial, CWS",python,TRUE,TRUE,2,3,FALSE,Marvel Rivals,,FALSE,0,
2025-03-26,Wednesday,13,March,Sunny,60,34,45,Hoboken,New Jersey,USA,Hoboken,New Jersey,USA,"Hoboken, Manhattan","New Jersey, New York",USA,09:00,00:00,9,1,1,45,7,FALSE,48,Athletic Shirt,Electric Lime,,Harvard,Harvard,Green,41,Sweatpants,Black,Electric Lime,Adidas,,Black,13,Slip-on Shoes,Electric Lime,,Moln,,Green,Green,,Boxers,Green,30,Electric Lime,Neon Green,Stance,People,Green,Glasses,Green,TRUE,6,Electric Lime,,Beanie,American Eagle,,Green,TRUE,36,Electric Lime,Black,Hoodie,Nike,,Green,2,,Green Pizza,Turkey Salad,,"Jalepeño Chips, Passionfruit Rounds",Spiced Easter Eggs,FALSE,TRUE,TRUE,TRUE,FALSE,FALSE,,,,,,10,7,,"Banana, Passionfruit, Avocado",Broccoli,Turkey,,,I'll need to add this one to the cookbook,Another great salad from the kid,,Disney+,Disney+,,,Daredevil: Born Again,Daredevil: Born Again,2,FALSE,TRUE,Warm,FALSE,FALSE,0,FALSE,0,9570,4.43,20,52,119,2986,Climbing,120,"NJTransit Bus, NJTransit Bus, Subway, Subway",FALSE,FALSE,FALSE,"Jiwei, Joe, Keith, Wilson","Mood Clinical Trial, CWS",python,TRUE,TRUE,2,3,FALSE,Marvel Rivals,,FALSE,0,
2025-03-27,Thursday,13,March,Sunny,52,33,35,Hoboken,New Jersey,USA,Hoboken,New Jersey,USA,"Hoboken, Manhattan","New Jersey, New York",USA,08:00,00:00,8,0,0,39,7,FALSE,45,T-Shirt,Olive Green,Red,Canada,Canada,Green,18,Sweatpants,Gray,,Monstercat,,Gray,5,Sandals,Forest Green,Orange,Adidas,,Green,Purple,,Boxers,Purple,29,Lime Green,Black,Polo,,Green,Glasses,Green,TRUE,11,Forest Green,Red,Beanie,London,London,Green,TRUE,7,Mint Green,,Hoodie,Old Navy,,Green,2,,Salmon Salad,Teriyaki Burger,,"Jalepeño Chips, Ginger",,FALSE,TRUE,TRUE,FALSE,FALSE,FALSE,,,barcode,,,8,7,,Banana,,"Beef, Salmon",Ginger,,Love me some salmon and salad,Solid burger,,,,,,,,0,FALSE,TRUE,Chilly,TRUE,TRUE,10,TRUE,30,9934,4.53,4,51,150,2742,,,,FALSE,FALSE,FALSE,"Jiwei, Morgan",Mood Clinical Trial,python,TRUE,TRUE,2,3,FALSE,Marvel Rivals,,FALSE,0,
2025-03-28,Friday,13,March,Cloudy,62,45,54,Hoboken,New Jersey,USA,Hoboken,New Jersey,USA,Hoboken,New Jersey,USA,07:00,01:00,7,0,0,78,6,FALSE,38,Athletic Shirt,Lime Green,,MUD,MUD,Green,20,Joggers,Olive Green,,American Eagle,,Green,13,Slip-on Shoes,Electric Lime,,Moln,,Green,Green,Blue,Boxers,Green,29,Lime Green,Black,Polo,,Green,Glasses,Green,TRUE,2,Dark Green,,Beanie,American Eagle,,Green,TRUE,33,Cadmium Green,,Sun Hoodie,,,Green,2,,Turkey Salad,Vegetable Soup Dumpling,,"Jalepeño Chips, Cheddar Jalepeño Skinny Pop",Spiced Easter Eggs,FALSE,TRUE,TRUE,TRUE,FALSE,FALSE,,,,,,8,5,,Banana,"Spinach, Leek",Turkey,,,Really good seasoning on the turkey and the salads are good healthy eating,"Not getting these again, they were kinda bad",,,,,,,,0,FALSE,TRUE,Warm,TRUE,FALSE,0,TRUE,30,11676,5.5,14,56,158,2911,Frisbee,90,,FALSE,FALSE,FALSE,Jiwei,Mood Clinical Trial,python,TRUE,TRUE,2,2,FALSE,Marvel Rivals,,FALSE,0,
2025-03-29,Saturday,13,March,Cloudy,81,43,60,Hoboken,New Jersey,USA,Hoboken,New Jersey,USA,"Hoboken, Manhattan","New Jersey, New York",USA,09:00,00:00,8,0,0,100,8,FALSE,18,Henley,Olive Green,,American Eagle,,Green,44,Cargo Pants,Olive Green,,American Eagle,,Green,3,Slip-on Shoes,Matcha Green,,Moln,,Green,Green,,Boxers,Green,42,Olive Green,Blue,Idaho,Moose,Green,Glasses,Green,TRUE,12,Olive Green,,Docker Cap,,Smile,Green,FALSE,,,,,,,,1,,Yogurt,Fogo De Chao,,Ginger,,FALSE,TRUE,FALSE,FALSE,FALSE,FALSE,,,Fogo de Chao,,,6,10,,"Tomato, Pineapple, Papaya, Kiwi, Lime",Heart of Palm,"Lamb, Beef, Pork, Chicken",Ginger,,Fogo prep,"Incredible meats as usual, the honey and cheese was a very pleasant surprise, heart of palm was really gross but it didn't detract from the experience. We got bursted in the beginning and that kinda did me in but I still powered through to get my money's worth",,,,,,,,0,FALSE,TRUE,Chilly,TRUE,TRUE,10,TRUE,30,16955,8.04,12,49,130,3213,Basketball,30,"NJTransit Bus, NJTransit Bus, Subway, Subway",FALSE,FALSE,FALSE,"Jiwei, Opara, Leo, Kevin, Weezy, Tharan, Jed, Wilson",Mood Clinical Trial,python,TRUE,TRUE,3,3,FALSE,Marvel Rivals,,TRUE,1,Cider
2025-03-30,Sunday,14,March,Cloudy,56,43,51,Hoboken,New Jersey,USA,Hoboken,New Jersey,USA,Hoboken,New Jersey,USA,09:00,00:00,9,0,0,74,7,FALSE,21,T-Shirt,Kelly Green,Blue,Hoboken,Hoboken,Green,37,Sweatpants,Lime Green,White,H&M,,Green,6,Sandals,Electric Lime,Black,Nike,,Green,Blue,White,Boxers,Blue,,,,,,,Glasses,Green,FALSE,,,,,,,,FALSE,,,,,,,,1,,,Shrimp Bao,,Lime Skinny Pop,,FALSE,FALSE,FALSE,TRUE,FALSE,FALSE,,,,,,,8,,,,Shrimp,Ginger,,,Solid TJ item,,,,,,,White Lotus,1,FALSE,TRUE,Chilly,TRUE,TRUE,10,TRUE,30,8538,3.74,16,51,108,2538,Basketball,30,,FALSE,FALSE,FALSE,"Jiwei, Joe, Claire",Mood Clinical Trial,python,TRUE,TRUE,3,3,FALSE,Marvel Rivals,,TRUE,1,Seltzer
2025-03-31,Monday,14,March,Cloudy,74,42,56,Hoboken,New Jersey,USA,Hoboken,New Jersey,USA,Hoboken,New Jersey,USA,08:00,23:00,8,0,0,65,7,FALSE,24,T-Shirt,Lime Green,Red,Nintendo,Bowser Jr.,Green,16,Pajama Pants,Forest Green,Red,Old Navy,Candy Canes,Green,3,Slip-on Shoes,Matcha Green,,Moln,,Green,Green,,Boxers,Green,43,Red,White,Atlanta Hawks,Atlanta Hawks,Red,Glasses,Green,FALSE,,,,,,,,TRUE,9,Pistachio,,Hoodie,Costco,,Green,2,,Buffalo Chicken Wrap,Shrimp Bao,,"Pickle Rice Cakes, Passionfruit Rounds",Super Sour Scandinavian Swimmers,FALSE,TRUE,FALSE,TRUE,FALSE,FALSE,,,,,,8,8,,Passionfruit,,"Shrimp, Chicken",,,The sandwichs from TJ kinda go hard,Solid TJ item,,,,,,,,0,TRUE,TRUE,Warm,FALSE,FALSE,0,FALSE,0,5381,2.38,0,55,106,2407,,,,FALSE,FALSE,FALSE,Jiwei,Mood Clinical Trial,python,TRUE,TRUE,2,3,FALSE,Marvel Rivals,,FALSE,0,
2025-04-01,Tuesday,14,March,Cloudy,59,40,33,Hoboken,New Jersey,USA,Hoboken,New Jersey,USA,"Hoboken, Manhattan","New Jersey, New York",USA,07:00,00:00,8,0,0,41,7,FALSE,13,T-Shirt,Cornflour Blue,White,Zoom,Zoom,Blue,5,Sweatpants,Chartreuse,,Adidas,Emojis,Green,10,Sneakers,Black,Electric Lime,Nike,Curry,Black,Blue,,Boxers,Blue,28,Blue,Black,Nike,,Blue,Glasses,Green,TRUE,7,Dark Blue,,Beanie,Columbia,Columbia,Blue,TRUE,37,White,Light Blue,Hoodie,Columbia,Columbia,White,2,,Eggs and Sausage,Turkey and Broccoli,,"Pickle Rice Cakes, Passionfruit Rounds",Super Sour Scandinavian Swimmers,FALSE,TRUE,FALSE,TRUE,FALSE,FALSE,,,,,,6,8,,Passionfruit,Broccoli,"Turkey, Chicken",,,Threw together this since I only had an egg left,We back,,,,,,,,0,FALSE,TRUE,Chilly,TRUE,FALSE,0,TRUE,30,8250,3.71,14,55,118,2640,Basketball,120,"NJTransit Bus, NJTransit Bus, Subway, Subway",FALSE,FALSE,FALSE,"Jiwei, Weezy, Kevin, Tharan, Wilson",Mood Clinical Trial,python,TRUE,TRUE,2,3,FALSE,Marvel Rivals,,FALSE,0,
2025-04-02,Wednesday,14,April,Cloudy,50,37,36,Hoboken,New Jersey,USA,Hoboken,New Jersey,USA,Hoboken,New Jersey,USA,07:00,00:00,7,0,0,50,6,FALSE,14,T-Shirt,Lime Green,White,Nintendo,Luigi,Green,13,Joggers,Crimson,,American Eagle,,Red,6,Sandals,Electric Lime,Black,Nike,,Green,Green,Blue,Boxers,Green,16,Crimson,White,Harvard,Harvard,Red,Glasses,Green,FALSE,,,,,,,,TRUE,9,Pistachio,,Hoodie,Costco,,Green,2,,Turkey and Broccoli,Sausage Pasta,,,,FALSE,TRUE,FALSE,TRUE,FALSE,FALSE,,,,,,8,7,,,Broccoli,"Turkey, Chicken",,,So good,Did a meal that will last a while and I wanted to get rid of the chicken sausages,,,,,,,,0,TRUE,TRUE,Chilly,TRUE,TRUE,10,TRUE,30,5319,2.44,8,61,105,2347,Climbing,120,,FALSE,FALSE,FALSE,Jiwei,Mood Clinical Trial,python,TRUE,TRUE,2,3,FALSE,Marvel Rivals,,FALSE,0,
2025-04-03,Thursday,14,April,Cloudy,50,37,36,Hoboken,New Jersey,USA,Hoboken,New Jersey,USA,Hoboken,New Jersey,USA,06:00,00:00,6,0,0,68,8,FALSE,31,T-Shirt,Kelly Green,White,Olympics,Olympics,Green,15,Swishy Sweatpants,Forest Green,White,Holloway,Daldot,Green,11,Golf Shoes,White,Forest Green,Malbon,,White,Blue,White,Boxers,Blue,44,Forest Green,Red,Roots,Bears,Green,Glasses,Green,TRUE,2,Dark Green,,Beanie,American Eagle,,Green,TRUE,30,Forest Green,,Pullover,Harvard,Leverett,Green,2,,Sausage Pasta,Sausage Salad,,,,FALSE,TRUE,TRUE,TRUE,FALSE,FALSE,,,,,,7,8,,Banana,,Chicken,,,Solid leftovers,Threw the sausage on top of a salad,,,,,,,,0,FALSE,TRUE,Chilly,TRUE,TRUE,10,TRUE,30,13165,5.72,21,52,114,3062,Golf,98,,TRUE,FALSE,Lyft,"Jiwei, Kevin",Mood Clinical Trial,python,TRUE,TRUE,2,3,FALSE,Marvel Rivals,,FALSE,0,
2025-04-04,Friday,14,April,Sunny,69,53,56,Hoboken,New Jersey,USA,Hoboken,New Jersey,USA,Hoboken,New Jersey,USA,06:00,03:00,6,0,0,45,8,FALSE,2,Polo,Lime Green,,Grand Slam,,Green,26,Khakis,Verdigris,,Docker,,Green,11,Golf Shoes,White,Forest Green,Malbon,,White,Purple,,Boxers,Purple,36,Lime Green,Black,,Flames,Green,Glasses,Green,TRUE,2,Dark Green,,Beanie,American Eagle,,Green,FALSE,,,,,,,,1,,Sausage Pasta,Steak and Onion Quesadilla,,Belvita Muffin Bites,,FALSE,TRUE,TRUE,TRUE,FALSE,FALSE,,,,,,7,9,,Banana,Onion,"Chicken, Beef",,,Solid leftovers,Went back to my roots with a mean quesadilla,,,,,,,,0,FALSE,TRUE,Warm,FALSE,FALSE,0,FALSE,0,18038,9.4,0,55,106,3568,Golf,138,,TRUE,FALSE,FALSE,"Jiwei, Kevin, Paul",Mood Clinical Trial,python,TRUE,TRUE,2,3,FALSE,Marvel Rivals,,FALSE,0,
2025-04-05,Saturday,14,April,Rain,54,42,45,Hoboken,New Jersey,USA,Hoboken,New Jersey,USA,Hoboken,New Jersey,USA,06:00,00:00,3,1,1,34,7,TRUE,35,Polo,Lime Green,,,Golf Clubs,Green,52,Khakis,Brown,,,,Brown,11,Golf Shoes,White,Forest Green,Malbon,,White,Green,,Boxers,Green,3,Black,Neon Green,Stance,Space,Black,Glasses,Green,TRUE,1,Eucalyptus,,Beanie,Target,,Green,TRUE,1,Hunter Green,,Winter Jacket,Costco,,Green,2,,Hot Dog,"Ribs, Streetcorn, Garlic Toast, Brisket Quesadilla",,,,FALSE,FALSE,FALSE,FALSE,FALSE,FALSE,,,Chili's,,,5,9,,Banana,Corn,"Beef, Pork",,,Average hot dog,Another great experience at chili's,,,,,,,,0,FALSE,TRUE,Cold,FALSE,FALSE,0,FALSE,0,20288,9.02,32,54,127,3976,Golf,384,,TRUE,FALSE,FALSE,"Jiwei, Kevin, Jed",,,TRUE,TRUE,2,5,FALSE,,,TRUE,2,"Seltzer, Seltzer"
2025-04-06,Sunday,15,April,Rain,56,38,40,Hoboken,New Jersey,USA,Hoboken,New Jersey,USA,"Hoboken, Manhattan","New Jersey, New York",USA,12:00,00:00,12,1,1,100,8,TRUE,54,Button-Up Shirt,Kelly Green,Yellow,H&M,Boba Fett,Green,19,Sweatpants,Black,Kelly Green,Adidas,Lego,Black,8,Sneakers,Lime Green,Emerald Green,Nike,,Green,Green,Red,Boxers,Green,45,White,Green,Nintendo,Yoshi,White,Glasses,Green,TRUE,1,Eucalyptus,,Beanie,Target,,Green,TRUE,10,Light Green,Pastel Green,Hoodie,Columbia,,Green,2,,Steak and Onion Quesadilla,Wild Turkey Sandwich,,,"Spiced Easter Eggs, Wintergreen Tic Tacs",FALSE,TRUE,TRUE,FALSE,FALSE,FALSE,,,Sandwell,,,8,8,,"Banana, Bell Pepper","Lettuce, Onion","Beef, Chicken, Turkey",,,Made a leftover quesadilla,the Jalepeño sauce was really good on this,,,HBO,,,,White Lotus,1,FALSE,TRUE,Chilly,FALSE,FALSE,0,FALSE,0,6815,3.18,5,61,114,2470,,,"NJTransit Bus, NJTransit Bus, Subway, Subway",FALSE,FALSE,FALSE,"Jiwei, Kevin, Joe, Claire",,,TRUE,TRUE,3,4,FALSE,,,TRUE,2,"Seltzer, Seltzer"
2025-04-07,Monday,15,April,Rain,45,37,37,Hoboken,New Jersey,USA,Hoboken,New Jersey,USA,Hoboken,New Jersey,USA,10:00,00:00,10,1,1,67,6,TRUE,54,Button-Up Shirt,Kelly Green,Yellow,H&M,Boba Fett,Green,19,Sweatpants,Black,Kelly Green,Adidas,Lego,Black,6,Sandals,Electric Lime,Black,Nike,,Green,Blue,,Boxers,Blue,,,,,,,Glasses,Green,FALSE,,,,,,,,TRUE,10,Light Green,Pastel Green,Hoodie,Columbia,,Green,2,,Steak and Onion Quesadilla,"Orange Chicken w/ Broccoli, Carrot, and Cauliflour",,,"Spiced Easter Eggs, Wintergreen Tic Tacs",FALSE,TRUE,TRUE,TRUE,FALSE,FALSE,,,,,,7,9,,,"Broccoli, Carrot, Cauliflour, Onion","Chicken, Beef",,,Made another leftover quesadilla,Really good orange chicken,,,,,,,,0,TRUE,TRUE,Wet,TRUE,TRUE,10,TRUE,30,5932,2.69,1,60,106,2410,,,,FALSE,FALSE,FALSE,Jiwei,Mood Clinical Trial,python,TRUE,TRUE,2,3,FALSE,Marvel Rivals,,FALSE,0,
2025-04-08,Tuesday,15,April,Windy,43,32,29,Hoboken,New Jersey,USA,Hoboken,New Jersey,USA,"Hoboken, Manhattan","New Jersey, New York",USA,09:00,03:00,9,0,0,58,7,TRUE,37,T-Shirt,Blue,Turquoise,Adidas,,Blue,21,Sweatpants,Pastel Green,,H&M,,Green,10,Sneakers,Black,Electric Lime,Nike,Curry,Black,Red,Blue,Boxers,Red,35,Dark Green,Gold,Stance,Donavon Mitchell,Green,Glasses,Green,TRUE,3,Steel Blue,,Beanie,IBM,Watson,Blue,FALSE,,,,,,,,,,"Orange Chicken w/ Broccoli, Carrot, and Cauliflour",Watermelon Feta Salad,,,Wintergreen Tic Tacs,FALSE,TRUE,TRUE,TRUE,FALSE,FALSE,,,,,,7,7,,Watermelon,"Lettuce, Green Onion, Leak","Pork, Duck, Turkey",,,Good,Great salad,,,,,,,,0,FALSE,TRUE,Cold,TRUE,FALSE,0,TRUE,30,9228,4.25,13,59,115,2663,Basketball,120,"NJTransit Bus, NJTransit Bus, Subway, Subway",FALSE,FALSE,FALSE,"Jiwei, Kevin, Wilson, Weezy, Tharan","Mood Clinical Trial, Learn AI from AI",python,TRUE,TRUE,2,3,FALSE,Marvel Rivals,,FALSE,0,
2025-04-09,Wednesday,15,April,Sunny,49,38,33,Hoboken,New Jersey,USA,Hoboken,New Jersey,USA,Hoboken,New Jersey,USA,12:00,02:00,9,1,1,78,6,TRUE,55,Long Sleeve,Gray Green,,American Eagle,,Green,37,Sweatpants,Lime Green,White,H&M,,Green,5,Sandals,Forest Green,Orange,Adidas,,Green,Blue,,Boxers,Blue,,,,,,,Glasses,Green,FALSE,,,,,,,,FALSE,,,,,,,,,,"Orange Chicken w/ Broccoli, Carrot, and Cauliflour",Turkey and Rice,,,"Sour Straws, Albanese Sour Gummy Worms",FALSE,TRUE,TRUE,TRUE,FALSE,FALSE,,,,,,7,7,,Banana,"Cauliflour, Broccoli, Carrot","Turkey, Chicken",,,Leftovers are nice,Good,,,,,,,,0,FALSE,FALSE,,FALSE,FALSE,0,FALSE,0,3642,1.69,0,51,109,2175,,,,FALSE,FALSE,FALSE,Jiwei,Mood Clinical Trial,python,TRUE,TRUE,3,3,FALSE,Marvel Rivals,,FALSE,0,
2025-04-10,Thursday,15,April,Cloudy,50,39,41,Hoboken,New Jersey,USA,Hoboken,New Jersey,USA,Hoboken,New Jersey,USA,10:00,23:30,8,1,1,93,6,TRUE,56,T-Shirt,Kelly Green,Yelllow,Target,Harry Potter,Green,37,Sweatpants,Lime Green,White,H&M,,Green,6,Sandals,Electric Lime,Black,Nike,,Green,Green,,Boxers,Green,,,,,,,Glasses,Green,FALSE,,,,,,,,TRUE,9,Pistachio,,Hoodie,Costco,,Green,2,,Turkey and Rice,Turkey Salad,,,"Sour Straws, Albanese Sour Gummy Worms",FALSE,TRUE,TRUE,TRUE,FALSE,FALSE,,,,,,7,7,,Banana,"Cauliflour, Broccoli, Carrot, Lettuce",Turkey,,,Leftovers are nice,Good,,,Disney+,,,Daredevil Born Again,,1,FALSE,TRUE,Cold,FALSE,FALSE,0,FALSE,0,845,0.4,0,55,84,2020,,,,FALSE,FALSE,FALSE,Jiwei,Mood Clinical Trial,python,TRUE,TRUE,2,2,FALSE,Marvel Rivals,,FALSE,0,
2025-04-11,Friday,15,April,Rain,46,41,31,Hoboken,New Jersey,USA,Hoboken,New Jersey,USA,Hoboken,New Jersey,USA,06:30,00:00,7,1,1,68,6,TRUE,55,Long Sleeve,Gray Green,,American Eagle,,Green,10,Sweatpants,Black,White,BRed Line,Toast,Black,3,Slip-on Shoes,Matcha Green,,Moln,,Green,Green,Blue,Boxers,Green,46,Black,Neon Green,Atlanta Hawks,Atlanta Hawks,Black,Glasses,Green,TRUE,2,Dark Green,,Beanie,American Eagle,,Green,TRUE,8,Forest Green,,Windbreaker,,Puffy,Green,2,,Turkey and Rice,Buffalo Chicken and BBQ Chicken Pizza,,Jalepeño Cheddar Rice Cakes,"Albanese Sour Gummy Worms, Sour Albanese Sour Gummy Worms",FALSE,TRUE,TRUE,TRUE,FALSE,FALSE,,,,,,7,8,,,,"Turkey, Chicken",,,Leftovers are nice,My new pizza place,,,,,,,,0,FALSE,TRUE,Chilly,TRUE,TRUE,10,TRUE,30,14181,6.52,8,55,183,3288,Frisbee,90,,FALSE,FALSE,FALSE,Jiwei,Mood Clinical Trial,python,TRUE,TRUE,2,3,FALSE,Marvel Rivals,,FALSE,0,
2025-04-12,Saturday,15,April,Rain,42,36,32,Hoboken,New Jersey,USA,Hoboken,New Jersey,USA,Hoboken,New Jersey,USA,10:00,00:00,10,0,0,47,8,TRUE,40,Long Sleeve,Dark Green,,St. John's Bay,,Green,10,Sweatpants,Black,White,BRed Line,Toast,Black,17,Sneakers,Crimson,Neon Green,Nike,Darth Maul,Red,Green,Red,Boxers,Green,29,Lime Green,Black,Polo,,Green,Glasses,Green,TRUE,2,Dark Green,,Beanie,American Eagle,,Green,TRUE,21,Eucalyptus,,Rain Jacket,Columbia,,Green,2,,Hot Pot,,,,,FALSE,TRUE,FALSE,FALSE,FALSE,FALSE,,,,,,10,,,,"Mushrooms, Spinach, Lettuce","Lamb, Beef, Pork, Squid, Fish, Mussel, ",,,Haven't had this hot pot in years and it was a good post climbing meal. ,,,,,,,,,0,FALSE,TRUE,Wet,FALSE,FALSE,0,FALSE,0,9477,3.74,17,55,110,2717,Climbing,90,"NJTransit Bus, NJTransit Bus, Subway, Subway",FALSE,FALSE,FALSE,"Jiwei, Wilson, Keith, Tharan",Mood Clinical Trial,python,TRUE,TRUE,2,3,FALSE,Marvel Rivals,,FALSE,0,
2025-04-13,Sunday,16,April,Cloudy,58,44,45,Hoboken,New Jersey,USA,Hoboken,New Jersey,USA,"Hoboken, Jersey City",New Jersey,USA,10:00,23:00,10,0,0,24,7,TRUE,53,Polo,Lime Green,,Underarmour,,Green,25,Golf Pants,Lime Green,,Royal Awesome,,Green,11,Golf Shoes,White,Forest Green,Malbon,,White,Green,White,Boxers,Green,45,White,Green,Nintendo,Yoshi,White,Glasses,Green,TRUE,11,Forest Green,Red,Beanie,London,London,Green,TRUE,38,Black,Brown,Pullover,Patagonia,BRed,Black,2,,Croissantwich,Burger,,,,FALSE,FALSE,FALSE,FALSE,FALSE,FALSE,,Burger King,O'Hara's,,,7,7,,,"Lettuce, Tomato","Beef, Bacon",,,BK have it your way,Honestly kinda disappointed about bang bang sauce but the burger was really good,,,,,,,,0,FALSE,TRUE,Sunny,FALSE,FALSE,0,FALSE,0,22843,9.74,57,54,138,4460,Golf,261,,TRUE,FALSE,Lyft,"Jiwei, Jed, Kevin",,,TRUE,TRUE,2,3,FALSE,Marvel Rivals,,TRUE,3,"Beer, Beer, Seltzer"
2025-04-14,Monday,16,April,Sunny,65,50,55,Hoboken,New Jersey,USA,Hoboken,New Jersey,USA,"Hoboken, Manhattan","New Jersey, New York",USA,09:00,03:00,10,1,1,100,7,FALSE,57,T-Shirt,Nyanza,,H&M,,Green,30,Dress Pants,Black,,Kohl's,,Black,12,Slippers,Olive Green,Brown,LL Bean,,Green,Green,,Boxers,Green,,,,,,,Contacts,,FALSE,,,,,,,,TRUE,39,Lime Green,,Cardigan,H&M,,Green,2,,Sushi,Chinese Pork Bun,,,,FALSE,TRUE,FALSE,TRUE,FALSE,FALSE,,,,,,8,8,,,Carrot,"Beef, Salmon",,,Good sushi,These are actually really good,,,,,,,,0,TRUE,TRUE,Chilly,FALSE,FALSE,0,FALSE,0,10977,4.99,9,55,109,2938,,,"NJTransit Bus, NJTransit Bus, Subway, Subway",FALSE,FALSE,FALSE,Jiwei,Mood Clinical Trial,python,TRUE,TRUE,1,2,FALSE,Marvel Rivals,,TRUE,1,Wine
2025-04-15,Tuesday,16,April,Sunny,69,45,48,Hoboken,New Jersey,USA,Hoboken,New Jersey,USA,"Hoboken, Manhattan","New Jersey, New York",USA,07:00,23:30,4,2,2,62,7,FALSE,47,T-Shirt,Blue,Orange,Dave and Buster's,Dave and Buster's,Blue,2,Joggers,Forest Green,,American Eagle,,Green,10,Sneakers,Black,Electric Lime,Nike,Curry,Black,Blue,Black,Boxers,Blue,32,Black,Electric Lime,Underarmour,,Black,Glasses,Green,TRUE,11,Forest Green,Red,Beanie,London,London,Green,TRUE,11,Cornflour Blue,,Hoodie,,,Blue,2,,Chinese Pork Bun w/ Rice,Lamb Salad,,Hot Honey Chips,,FALSE,TRUE,TRUE,TRUE,FALSE,FALSE,,,,,,8,8,,Banana,Lettuce,"Beef, Lamb",,,Very good leftovers,I love lamb,,,,,,,,0,FALSE,TRUE,Chilly,FALSE,FALSE,0,FALSE,0,13953,6.49,17,55,161,3373,"Basketball, Frisbee","120, 90","NJTransit Bus, NJTransit Bus, Subway, Subway",FALSE,FALSE,FALSE,"Jiwei, Tharan, Kevin, Wilson",Mood Clinical Trial,python,TRUE,TRUE,2,3,FALSE,Marvel Rivals,,FALSE,0,
2025-04-16,Wednesday,16,April,Cloudy,53,40,45,Hoboken,New Jersey,USA,Hoboken,New Jersey,USA,Hoboken,New Jersey,USA,08:30,00:00,9,1,1,48,6,FALSE,9,Long Sleeve,Seafoam Green,,Columbia,,Green,8,Japanese Leisure Pants,Olive Green,,,,Green,6,Sandals,Electric Lime,Black,Nike,,Green,Green,White,Boxers,Green,,,,,,,Glasses,Green,FALSE,,,,,,,,FALSE,,,,,,,,,,Lamb over Rice,Pizza,,Hot Honey Chips,Spiced Easter Eggs,FALSE,TRUE,TRUE,TRUE,FALSE,FALSE,,,,,,,8,,,,Lamb,,,Lamb still slaps,Free pizza is so good,,,,,,Daredevil Born Again,,1,FALSE,TRUE,Chilly,TRUE,FALSE,0,TRUE,30,4256,1.93,0,55,96,2476,,,,FALSE,FALSE,FALSE,Jiwei,Mood Clinical Trial,python,TRUE,TRUE,2,3,TRUE,Marvel Rivals,,FALSE,0,
2025-04-17,Thursday,16,April,Cloudy,63,42,46,Hoboken,New Jersey,USA,Hoboken,New Jersey,USA,Hoboken,New Jersey,USA,09:00,23:30,9,0,0,35,8,FALSE,45,T-Shirt,Olive Green,Red,Canada,Canada,Green,20,Joggers,Olive Green,,American Eagle,,Green,3,Slip-on Shoes,Matcha Green,,Moln,,Green,Green,White,Boxers,Green,18,OIive Green,Black,Stance,Christmas,Green,Glasses,Green,TRUE,1,Eucalyptus,,Beanie,Target,,Green,TRUE,10,Light Green,Pastel Green,Hoodie,Columbia,,Green,2,,Lemon Blueberry Pancake,Crab Wonton,,Popcorn,Watermelon Sour Candy,FALSE,FALSE,FALSE,FALSE,FALSE,FALSE,,City Diner,Cheesecake Factory,,,8,7,,Banana,,"Crab, Pork, Bacon",,,Pancake with family,Crab Wontons post movie,,,,,,,,0,FALSE,TRUE,Chilly,FALSE,FALSE,0,FALSE,0,20166,9.33,19,56,105,3550,,,"Light Rail, Light Rail",FALSE,FALSE,FALSE,"Jiwei, Mom, Dad, Matthew",Mood Clinical Trial,python,TRUE,TRUE,2,3,FALSE,Marvel Rivals,,FALSE,0,
2025-04-18,Friday,16,April,Sunny,66,45,59,Hoboken,New Jersey,USA,Hoboken,New Jersey,USA,Hoboken,New Jersey,USA,06:30,00:00,7,0,0,64,7,FALSE,3,Long Sleeve,Kelly Green,Yellow,Reebok,Power Rangers,Green,13,Joggers,Crimson,,American Eagle,,Red,5,Sandals,Forest Green,Orange,Adidas,,Green,Green,Blue,Boxers,Green,20,Forest Green,Dark Green,13th Tribe,Tribal,Green,Glasses,Green,TRUE,2,Dark Green,,Beanie,American Eagle,,Green,FALSE,,,,,,,,1,,,Pastrami Sandwich,,,Spiced Easter Eggs,FALSE,FALSE,FALSE,FALSE,FALSE,FALSE,,,Katz's Deli,,,,10,,"Banana, Pickle, Cucumber",,Beef,,,,Katz has never done me wrong,,,,,,,,0,FALSE,TRUE,Warm,TRUE,TRUE,10,TRUE,30,21382,9.82,10,56,153,3866,Frisbee,90,"Ferry, NJTransit Bus, Subway, Light Rail",FALSE,FALSE,FALSE,"Jiwei, Mom, Dad, Matthew","Mood Clinical Trial, SheetCheck",python,TRUE,TRUE,2,3,FALSE,Marvel Rivals,,FALSE,0,
2025-04-19,Saturday,16,April,Sunny,84,61,72,Hoboken,New Jersey,USA,Hoboken,New Jersey,USA,"Hoboken, Staten Island","New Jersey, New York",USA,10:00,01:00,10,0,0,55,9,FALSE,58,Hoodie T-Shirt,Olive Green,,,Snakes,Green,8,Japanese Leisure Pants,Olive Green,,,,Green,3,Slip-on Shoes,Matcha Green,,Moln,,Green,Green,,Boxers,Green,47,Dark Green,Black,,Fuzzy,Green,Glasses,Green,TRUE,34,Jungle Green,Black,Cap,ABQ Bio Park,ABQ Bio Park,Green,FALSE,,,,,,,,1,,Lamb Quesadilla,Pineapple Chicken and Rice,,Jalepeño Chips,"Hot Tamales, Hot Tamales, Hot Tamales",FALSE,TRUE,FALSE,FALSE,FALSE,FALSE,,,Bahama Breeze,,,,7,,"Banana, Pineapple, Bell Pepper",Yuca,"Chicken, Lamb",,,Threw together a lamb quesadilla before heading out,Bahama breeze changed so much now it's like a worse red lobster,,,,,,,,0,FALSE,TRUE,Chilly,FALSE,FALSE,0,FALSE,0,12140,6.41,3,52,107,2934,,,"Light Rail, Light Rail",TRUE,FALSE,FALSE,"Jiwei, Mom, Dad, Matthew",,,TRUE,TRUE,2,3,FALSE,Marvel Rivals,,FALSE,0,
2025-04-20,Sunday,17,April,Windy,66,49,56,Hoboken,New Jersey,USA,Hoboken,New Jersey,USA,"Hoboken, Manhattan","New Jersey, New York",USA,08:00,01:00,7,1,0.5,62,9,FALSE,56,T-Shirt,Kelly Green,Yelllow,Target,Harry Potter,Green,39,Joggers,Khaki,,American Eagle,,Brown,3,Slip-on Shoes,Matcha Green,,Moln,,Green,Green,,Boxers,Green,48,Black,Lime Green,,Lizard Wizard,Black,Glasses,Green,TRUE,2,Dark Green,,Beanie,American Eagle,,Green,TRUE,4,Hunter Green,,Hoodie,Costco,,Green,2,,Banana,Chipotle Ranch Pizza,,Jalepeño Chips,"Harry Potter Jelly Beans, Hot Tamales, Hot Tamales, Hot Tamales",FALSE,TRUE,FALSE,FALSE,FALSE,FALSE,,,Napoli's,,,6,9,,"Banana, Tomato",,Chicken,,,Just a banana,This is quickly turning into my favorite pizza place in Hoboken,,,,,,,,0,FALSE,TRUE,Warm,FALSE,FALSE,0,FALSE,0,23987,11.13,78,57,181,4605,Frisbee,180,"Ferry, NJTransit Bus, Subway",TRUE,FALSE,FALSE,"Jiwei, Mom, Dad, Matthew, Dan",,,TRUE,TRUE,2,3,FALSE,Marvel Rivals,,FALSE,0,
2025-04-21,Monday,17,April,Cloudy,58,53,54,Hoboken,New Jersey,USA,Hoboken,New Jersey,USA,Hoboken,New Jersey,USA,08:00,22:00,7,0,0,47,8,FALSE,51,Button-Up Shirt,Jungle Green,White,American Eagle,Tropical Plants,Green,5,Sweatpants,Chartreuse,,Adidas,Emojis,Green,6,Sandals,Electric Lime,Black,Nike,,Green,Green,Red,Boxers,Green,,,,,,,Glasses,Green,FALSE,,,,,,,,TRUE,9,Pistachio,,Hoodie,Costco,,Green,2,,Jerk Chicken,Beef Brisket Pho,,,Spiced Easter Eggs,FALSE,FALSE,FALSE,FALSE,FALSE,FALSE,,,,,,7,8,,Banana,"Leak, Green Onion","Chicken, Beef",,,Actually pretty solid chicken,Best pho in Hoboken,,,,,,,,0,FALSE,TRUE,Chilly,TRUE,TRUE,10,TRUE,30,17612,7.96,6,57,126,3538,,,,FALSE,FALSE,FALSE,"Jiwei, Chloe","Mood Clinical Trial, SheetCheck",python,TRUE,TRUE,2,3,FALSE,Marvel Rivals,,FALSE,0,
2025-04-22,Tuesday,17,April,Sunny,79,53,74,Hoboken,New Jersey,USA,Hoboken,New Jersey,USA,Hoboken,New Jersey,USA,07:00,00:00,9,0,0,69,8,FALSE,59,Henley,Cyan,,Forever 21,,Blue,22,Sweatpants,Forest Green,Gray,Nike,,Green,6,Sandals,Electric Lime,Black,Nike,,Green,Dark Blue,White,Boxers,Blue,7,Kelly Green,,Nike,Santa,Green,Glasses,Green,TRUE,1,Eucalyptus,,Beanie,Target,,Green,FALSE,,,,,,,,1,,Chipotle Ranch Pizza,Watermelon Salmon Poke Bowl,,,Spiced Easter Eggs,FALSE,FALSE,FALSE,TRUE,FALSE,FALSE,,,,,,9,8,,"Watermelon, Tomato",Spinach,"Salmon, Chicken",,,Great pizza,This actually needs pineapple instead of watermelon but still very good,,,,,,,,0,FALSE,TRUE,Chilly,TRUE,TRUE,10,TRUE,30,18406,8.55,11,51,157,3668,Frisbee,90,,FALSE,FALSE,FALSE,"Jiwei, Chloe","Mood Clinical Trial, SheetCheck",python,TRUE,TRUE,2,3,FALSE,Marvel Rivals,,FALSE,0,
2025-04-23,Wednesday,17,April,Sunny,72,54,65,Hoboken,New Jersey,USA,Hoboken,New Jersey,USA,Hoboken,New Jersey,USA,08:00,23:00,8,1,0.5,100,7,FALSE,60,T-Shirt,Kelly Green,Light Blue,Hoboken,Hoboken,Green,40,Joggers,Black,Gray,Forever 21,,Black,12,Slippers,Olive Green,Brown,LL Bean,,Green,Green,Black,Boxers,Green,44,Forest Green,Red,Roots,Bears,Green,Glasses,Green,FALSE,,,,,,,,TRUE,9,Pistachio,,Hoodie,Costco,,Green,2,,Watermelon Salmon Poke Bowl,"Lamb, Turkey, and Potatoes",,,"Spiced Easter Eggs, No Sugar Gummies",FALSE,TRUE,TRUE,TRUE,FALSE,FALSE,,,,,,7,9,,"Watermelon, Banana","Spinach, Potato, Carrot, Cauliflour, Broccoli","Salmon, Turkey, Lamb",,,Pretty solid but a little worse as leftovers,Very good meal good job me,,,,Fmovies,,,Last of Us,1,TRUE,TRUE,Warm,FALSE,FALSE,0,FALSE,0,5550,2.57,0,56,119,2593,,,,FALSE,FALSE,FALSE,"Jiwei, Chloe","Mood Clinical Trial, SheetCheck",python,TRUE,TRUE,2,3,FALSE,,,FALSE,0,
2025-04-24,Thursday,17,April,Sunny,75,52,60,Hoboken,New Jersey,USA,Hoboken,New Jersey,USA,"Hoboken, Manhattan","New Jersey, New York",USA,07:00,01:00,8,1,1,75,7,FALSE,2,Polo,Lime Green,,Grand Slam,,Green,38,Joggers,Olive Green,,American Eagle,Corduroys,Green,11,Golf Shoes,White,Forest Green,Malbon,,White,Green,,Boxers,Green,49,Black,Red,,Mortal Kombat,Black,Glasses,Green,TRUE,13,Forest Green,Yellow,Cap,Omega Mart,,Green,TRUE,30,Forest Green,,Pullover,Harvard,Leverett,Green,2,,Lamb and Turkey Quesadilla,"Oyster, Shrimp Dumplings",,Beef Jerky,,FALSE,TRUE,TRUE,FALSE,FALSE,FALSE,,,Dim Sum Sam,,,9,8,,Banana,"Potato, Carrot, Cauliflour, Broccoli","Turkey, Lamb, Shrimp",,,Great leftovers,,,,,,,,,0,FALSE,TRUE,Warm,FALSE,FALSE,0,FALSE,0,18041,7.72,20,49,147,3894,Golf,128,"NJTransit Bus, NJTransit Bus, Subway, Subway",FALSE,FALSE,FALSE,"Jiwei, Chloe, Michael, Weezy, Kevin, Joe, Jed","Mood Clinical Trial, SheetCheck",python,TRUE,TRUE,2,3,FALSE,Marvel Rivals,,FALSE,0,
2025-04-25,Friday,17,April,Cloudy,76,58,61,Hoboken,New Jersey,USA,Hoboken,New Jersey,USA,Hoboken,New Jersey,USA,07:00,00:00,6,0,0,70,6,FALSE,98,Button-Up Shirt,Dark Green,Neon Green,,,Green,42,Shorts,Purple,,And1,,Purple,5,Sandals,Forest Green,Orange,Adidas,,Green,Green,,Boxers,Green,32,Black,Electric Lime,Underarmour,,Black,Glasses,Green,TRUE,14,Cadmium Green,,Cap,MUD,,Green,TRUE,9,Pistachio,,Hoodie,Costco,,Green,2,,"Lamb, Turkey, and Potatoes","Lamb, Turkey, and Potatoes",,,Spiced Easter Eggs,FALSE,TRUE,TRUE,TRUE,FALSE,FALSE,,,,,,8,8,,Banana,"Potato, Carrot, Cauliflour, Broccoli","Turkey, Lamb",,,Great leftovers,Great leftovers,,,,,,,,0,FALSE,TRUE,Warm,TRUE,TRUE,10,TRUE,30,12930,6.03,5,57,172,3206,Frisbee,90,,FALSE,FALSE,FALSE,"Jiwei, Joe","Mood Clinical Trial, SheetCheck",python,TRUE,TRUE,2,3,FALSE,Marvel Rivals,,FALSE,0,
2025-04-26,Saturday,17,April,Rain,72,47,58,Hoboken,New Jersey,USA,Hoboken,New Jersey,USA,Hoboken,New Jersey,USA,08:00,02:00,8,0,0,50,8,FALSE,34,Polo,Cadmium Green,,Greg Norman,,Green,27,Khakis,Emerald Green,,Polo,,Green,7,Sneakers,Black,Kelly Green,Adidas,Lego,Black,Red,Green,Boxers,Red,30,Electric Lime,Neon Green,Stance,People,Green,Glasses,Green,TRUE,10,Dark Blue,Green,Cap,Hoboken Golf,Hoboken Golf,Blue,TRUE,17,Black,White,Rain Jacket,Champion,Harvard,Black,2,"Bacon, Egg, and Cheese",,Volcano Chicken Sandwich and Hot Honey Chicken Sandwich,,,,FALSE,TRUE,TRUE,TRUE,FALSE,FALSE,,,,,7,,9,,Pickle,,"Egg, Bacon, Chicken",,First breakfast I've had in a while,,I haven't had these chicken sandwiches in so long they are such a steal only $5,,,,,,,,0,FALSE,TRUE,Wet,FALSE,FALSE,0,FALSE,0,26534,11.5,62,57,141,5167,Golf,300,,TRUE,FALSE,FALSE,"Jiwei, Joe","Mood Clinical Trial, SheetCheck",python,TRUE,TRUE,2,3,FALSE,Marvel Rivals,,FALSE,0,
2025-04-27,Sunday,18,April,Windy,59,48,37,Hoboken,New Jersey,USA,Hoboken,New Jersey,USA,Hoboken,New Jersey,USA,07:00,22:00,5,0,0,23,8,FALSE,38,Athletic Shirt,Lime Green,,MUD,MUD,Green,43,Shorts,Emerald Green,Neon Green,Nike,,Green,11,Golf Shoes,White,Forest Green,Malbon,,White,Green,Red,Boxers,Green,,,,,,,Contacts,,TRUE,14,Cadmium Green,,Cap,MUD,,Green,TRUE,8,Forest Green,,Windbreaker,,Puffy,Green,2,,Skyway Quesadilla,"Paneer, Chicken Tikka Masala, Naan",,,,FALSE,FALSE,FALSE,FALSE,FALSE,FALSE,,,Indian Restaurant,,,7,9,,"Mango, Tomato",Spinach,"Lamb, Chicken, Shrimp",,,Needed something to eat post tryouts and pre golf,First Indian food I've had in a long time,,,,,,,,1,FALSE,TRUE,Windy,FALSE,FALSE,0,FALSE,0,28537,15.18,10,62,112,4335,"Golf, Frisbee","158, 180",,TRUE,FALSE,FALSE,"Jiwei, Joe",,,TRUE,TRUE,2,3,FALSE,Marvel Rivals,,FALSE,3,"Beer, Seltzer, Seltzer"
2025-04-28,Monday,18,April,Sunny,79,52,58,Hoboken,New Jersey,USA,Hoboken,New Jersey,USA,"Hoboken, Manhattan","New Jersey, New York",USA,06:00,02:30,8,0,0,100,6,FALSE,61,T-Shirt,Olive Green,Red,Atlanta Hawks,Trae Young,Green,7,Sweatpants,Gray,Crimson,Quincy,Quincy,Gray,6,Sandals,Electric Lime,Black,Nike,,Green,Blue,White,Boxers,Blue,39,Olive Green,Red,Stance,Monster,Green,Glasses,Green,FALSE,,,,,,,,FALSE,,,,,,,,,,"Paneer, Chicken Tikka Masala, Naan","Paneer, Chicken Tikka Masala, Naan",,Chips,Spiced Easter Eggs,FALSE,TRUE,TRUE,TRUE,FALSE,FALSE,,,,,,8,8,,,Spinach,"Lamb, Chicken, Shrimp",,,Great leftovers,Great leftovers,,,,,,,,0,FALSE,FALSE,,TRUE,FALSE,0,TRUE,30,3847,1.87,0,51,98,2260,,,,FALSE,FALSE,FALSE,Jiwei,"Mood Clinical Trial, SheetCheck",python,TRUE,TRUE,2,3,FALSE,Marvel Rivals,,FALSE,0,
2025-04-29,Tuesday,18,April,Sunny,79,52,65,Hoboken,New Jersey,USA,Hoboken,New Jersey,USA,"Hoboken, Manhattan","New Jersey, New York",USA,06:30,01:00,4,1,2,29,8,FALSE,50,T-Shirt,Blue,Red,Olympics,France,Blue,20,Joggers,Olive Green,,American Eagle,,Green,3,Slip-on Shoes,Matcha Green,,Moln,,Green,Green,Blue,Boxers,Green,31,Turquoise,,,,Green,Glasses,Green,TRUE,8,Columbia Blue,Black,Cap,Columbia,Crown,Blue,TRUE,26,White,Blue,Sun Hoodie,Columbia,Columbia,White,2,,Yogurt and Chips,Shrimp Noodles,,"Beef Jerky, Popcorn",Watermelon Sour Candy,FALSE,TRUE,TRUE,TRUE,FALSE,FALSE,,,,,,6,8,,Mango,,Shrimp,,,I didnt want to cook anything so I ate this,A must get TJ item,,,,,,,,0,FALSE,TRUE,Warm,TRUE,FALSE,0,TRUE,30,19165,9.15,24,54,179,3589,Frisbee,90,"NJTransit Bus, NJTransit Bus, Subway, Subway",FALSE,FALSE,FALSE,"Jiwei, Joe","Mood Clinical Trial, SheetCheck",python,TRUE,TRUE,2,3,FALSE,Marvel Rivals,,FALSE,0,
2025-04-30,Wednesday,18,April,Sunny,74,58,58,Hoboken,New Jersey,USA,Hoboken,New Jersey,USA,Hoboken,New Jersey,USA,08:00,01:00,7,0,0,17,7,FALSE,24,T-Shirt,Lime Green,Red,Nintendo,Bowser Jr.,Green,17,Shorts,Black,Electric Lime,Adidas,,Black,5,Sandals,Forest Green,Orange,Adidas,,Green,Green,Blue,Boxers,Green,,,,,,,Glasses,Green,FALSE,,,,,,,,FALSE,,,,,,,,,,Shrimp Noodles,TJ Paneer w/ Naan,,,,FALSE,TRUE,TRUE,FALSE,FALSE,FALSE,,,,,,8,8,,,Spinach,Shrimp,,,Great leftovers,The indian place inspired me to get this,,,,,,Last of Us,,1,FALSE,TRUE,Warm,TRUE,TRUE,10,TRUE,15,12543,6.07,14,,,2856,Climbing,60,,FALSE,FALSE,FALSE,"Jiwei, Joe","Mood Clinical Trial, SheetCheck",python,TRUE,TRUE,2,3,FALSE,Marvel Rivals,,FALSE,1,Seltzer
2025-05-01,Thursday,18,April,Cloudy,69,55,60,Hoboken,New Jersey,USA,Hoboken,New Jersey,USA,Hoboken,New Jersey,USA,09:00,00:00,8,0,0,84,8,FALSE,62,Polo,Lime Green,,Nautica,,Green,2,Joggers,Forest Green,,American Eagle,,Green,11,Golf Shoes,White,Forest Green,Malbon,,White,Red,Blue,Boxers,Red,23,Electric Lime,Black,Stance,,Green,Glasses,Green,TRUE,13,Forest Green,Yellow,Cap,Omega Mart,,Green,FALSE,,,,,,,,,,,TJ Paneer w/ Naan,,,,FALSE,FALSE,FALSE,FALSE,FALSE,FALSE,,,,,,,8,,,Spinach,Shrimp,,,,The indian place inspired me to get this,,,,,,,,0,FALSE,TRUE,Warm,FALSE,FALSE,0,FALSE,0,19466,9.25,23,,,3358,Golf,158,,FALSE,FALSE,FALSE,Kevin,"Mood Clinical Trial, SheetCheck",python,TRUE,TRUE,3,4,FALSE,Marvel Rivals,,FALSE,0,
2025-05-02,Friday,18,May,Cloudy,82,62,73,Hoboken,New Jersey,USA,Hoboken,New Jersey,USA,Hoboken,New Jersey,USA,08:00,00:00,8,0,0,36,8,FALSE,11,T-Shirt,Kelly Green,White,Dollar Store,Do Your Thing,Green,39,Joggers,Khaki,,American Eagle,,Brown,3,Slip-on Shoes,Matcha Green,,Moln,,Green,Red,Green,Boxers,Red,26,Olive Green,,Stance,,Green,Glasses,Green,FALSE,,,,,,,,FALSE,,,,,,,,,,Hatch Chile Mac and Cheese,"Pulled Brisket Pasta w/ Broccoli, Carrot, and Cauliflour",,,,FALSE,TRUE,FALSE,TRUE,FALSE,FALSE,,,,,,7,8,,Banana,"Broccoli, Cauliflour, Carrot",Beef,,,Reminds me of New Mexico,The indian place inspired me to get this,,,,,,,,0,FALSE,TRUE,Warm,FALSE,FALSE,0,FALSE,0,14495,6.8,2,,,2418,Frisbee,90,,FALSE,FALSE,FALSE,,"Mood Clinical Trial, SheetCheck",python,TRUE,TRUE,1,3,FALSE,Marvel Rivals,,FALSE,0,
2025-05-03,Saturday,18,May,Cloudy,82,62,62,Hoboken,New Jersey,USA,Manhattan,New York,USA,"Hoboken, Manhattan","New Jersey, New York",USA,07:00,23:00,7,0,0,29,9,FALSE,12,Long Sleeve,Forest Green,,Harvard,Ultimate Frisbee,Green,45,Shorts,Emerald Green,Dark Blue,Nike,,Green,7,Sneakers,Black,Kelly Green,Adidas,Lego,Black,Green,Red,Boxers,Green,22,Black,Green,Nike,,Black,Contacts,,TRUE,14,Cadmium Green,,Cap,MUD,,Green,TRUE,17,Black,White,Rain Jacket,Champion,Harvard,Black,2,,,Biryani w/ Naan,,,Harry Potter Jelly Beans,FALSE,FALSE,FALSE,FALSE,FALSE,FALSE,,,,,,,8,,Orange,,Shrimp,,,,Leftovers from indian restaurant,,,,,,,,0,FALSE,TRUE,Warm,FALSE,FALSE,0,FALSE,0,11617,5.32,18,71,111,2807,Frisbee,180,"NJTransit Bus, NJTransit Bus, Subway, Subway",FALSE,FALSE,FALSE,,,,TRUE,TRUE,2,3,FALSE,Marvel Rivals,,TRUE,1,Monster Seltzer
2025-05-04,Sunday,19,May,Rain,71,58,64,Manhattan,New York,USA,Hoboken,New Jersey,USA,"Hoboken, Manhattan","New Jersey, New York",USA,05:00,23:00,6,0,0,100,8,FALSE,35,Polo,Lime Green,,,Golf Clubs,Green,30,Dress Pants,Black,,Kohl's,,Black,11,Golf Shoes,White,Forest Green,Malbon,,White,Green,Blue,Boxers,Green,3,Black,Neon Green,Stance,Space,Black,Glasses,Green,TRUE,14,Cadmium Green,,Cap,MUD,,Green,TRUE,17,Black,White,Rain Jacket,Champion,Harvard,Black,2,,Hot Dog,Pulled Pork w/ Pineapple,,Mango,Super Sour Scandinavian Swimmers,FALSE,FALSE,FALSE,TRUE,FALSE,FALSE,,VCP Halfway House,,,,6,9,,Mango,,"Beef, Pork",,,glizzy,Great hawaiian inspired recipe,,,,,,,Andor,1,FALSE,TRUE,Warm,FALSE,FALSE,0,FALSE,0,20983,9.53,40,,,2729,"Frisbee, Golf","180, 228",,TRUE,FALSE,FALSE,"Joe, Kevin, Deezy, Weezy, Dan",,,TRUE,TRUE,2,3,FALSE,Marvel Rivals,,TRUE,1,Monster Seltzer
2025-05-05,Monday,19,May,Rain,62,57,60,Hoboken,New Jersey,USA,Hoboken,New Jersey,USA,Hoboken,New Jersey,USA,09:00,00:00,10,2,2,46,7,FALSE,24,T-Shirt,Lime Green,Red,Nintendo,Bowser Jr.,Green,2,Joggers,Forest Green,,American Eagle,,Green,3,Slip-on Shoes,Matcha Green,,Moln,,Green,Green,,Boxers,Green,18,OIive Green,Black,Stance,Christmas,Green,Glasses,Green,FALSE,,,,,,,,FALSE,,,,,,,,,,"Pulled Brisket Pasta w/ Broccoli, Carrot, and Cauliflour",Shrimp Bao,,,,FALSE,TRUE,TRUE,TRUE,FALSE,FALSE,,,,,,8,8,,Banana,"Broccoli, Cauliflour, Carrot","Shrimp, Beef",,,This pulled brisket pasta is surpising good as leftovers,Shrimp bao ftw,,,,,,,,0,FALSE,FALSE,,FALSE,FALSE,0,FALSE,0,1747,0.82,0,,,1865,,,,FALSE,FALSE,FALSE,,"Mood Clinical Trial, SheetCheck",python,TRUE,TRUE,2,3,FALSE,Marvel Rivals,,FALSE,0,
2025-05-06,Tuesday,19,May,Rain,65,55,58,Hoboken,New Jersey,USA,Hoboken,New Jersey,USA,"Hoboken, Manhattan","New Jersey, New York",USA,08:00,00:00,8,0,0,43,5,TRUE,37,T-Shirt,Blue,Turquoise,Adidas,,Blue,46,Shorts,Lime Green,Blue,Hawks,,Green,10,Sneakers,Black,Electric Lime,Nike,Curry,Black,Blue,Green,Boxers,Blue,35,Dark Green,Gold,Stance,Donavon Mitchell,Green,Glasses,Green,TRUE,16,Black,Blue,Cap,Dave & NJTransit Buster's,Dave & NJTransit Buster's,Black,TRUE,41,Blue,Lime Green,Rain Jacket,,,Blue,2,,Pulled Pork w/ Pineapple,Spicy Sausage w/ Pineapple over Rice,,Jalepeño Honey Chips,Strawberry Sour Belts,FALSE,TRUE,TRUE,TRUE,FALSE,FALSE,,,,,,9,9,,"Banana, Pineapple",,"Pork, Chicken",,,Aloha,Terrible meal to eat before exercising but tasted great,,,,,,,Last of Us,1,TRUE,TRUE,Warm,FALSE,FALSE,0,FALSE,0,14927,6.8,15,,,1865,Basketball,120,"NJTransit Bus, NJTransit Bus, Subway, Subway",FALSE,FALSE,FALSE,"Kevin, Tharan, Weezy","Mood Clinical Trial, SheetCheck",python,TRUE,TRUE,4,4,FALSE,Marvel Rivals,,TRUE,1,Beer
2025-05-07,Wednesday,19,May,Sunny,74,56,71,Hoboken,New Jersey,USA,Hoboken,New Jersey,USA,Hoboken,New Jersey,USA,08:00,23:00,8,1,1,13,5,TRUE,63,Button-Up Shirt,Jungle Green,White,H&M,Tropical Plants,Green,47,Shorts,Emerald Green,White,Adidas,,Green,7,Sneakers,Black,Kelly Green,Adidas,Lego,Black,Purple,,Boxers,Purple,43,Red,White,Atlanta Hawks,Atlanta Hawks,Red,Glasses,Green,FALSE,,,,,,,,FALSE,,,,,,,,,,Pulled Pork w/ Pineapple,Shrimp Bao,,Jalepeño Honey Chips,Strawberry Sour Belts,FALSE,TRUE,TRUE,TRUE,FALSE,FALSE,,,,,,9,9,,Pineapple,Carrot,"Pork, Shrimp",,,Very hawaiian thing to eat,Love me some shrimp,,,,,,,,0,FALSE,TRUE,Warm,FALSE,FALSE,0,FALSE,0,212,0.1,0,,,1865,,,,FALSE,FALSE,FALSE,Jiwei,"Mood Clinical Trial, SheetCheck",python,TRUE,TRUE,3,3,TRUE,Marvel Rivals,,FALSE,0,
2025-05-08,Thursday,19,May,Cloudy,77,60,72,Hoboken,New Jersey,USA,Hoboken,New Jersey,USA,Hoboken,New Jersey,USA,07:00,22:00,8,0,0,78,6,TRUE,16,T-Shirt,Lime Green,Dark Green,New Mexico,Mainframe,Green,7,Sweatpants,Gray,Crimson,Quincy,Quincy,Gray,6,Sandals,Electric Lime,Black,Nike,,Green,Green,Blue,Boxers,Green,,,,,,,Glasses,Green,TRUE,14,Cadmium Green,,Cap,MUD,,Green,TRUE,4,Hunter Green,,Hoodie,Costco,,Green,2,,Spicy Sausage w/ Pineapple over Rice,Sausage w/ Jalepeño Bread,,Blue Cheese Chips,Strawberry Sour Belts,FALSE,TRUE,TRUE,TRUE,FALSE,FALSE,,,,,,9,10,,"Pineapple, Jalepeño",,"Chicken, Turkey",,,Great meal to eat after exercising,A really simple meal but I actually loved it,,,,,,,,0,FALSE,TRUE,Warm,TRUE,TRUE,15,TRUE,30,12447,5.71,3,50,98,2193,Frisbee,90,,FALSE,FALSE,FALSE,Jiwei,"Mood Clinical Trial, SheetCheck",python,TRUE,TRUE,2,3,FALSE,Marvel Rivals,,FALSE,0,
2025-05-09,Friday,19,May,Cloudy,60,54,54,Hoboken,New Jersey,USA,Hoboken,New Jersey,USA,Hoboken,New Jersey,USA,06:00,23:00,8,1,1,33,6,TRUE,45,T-Shirt,Olive Green,Red,Canada,Canada,Green,48,Sweatpants,Gray,Red,Adidas,,Gray,6,Sandals,Electric Lime,Black,Nike,,Green,Blue,Red,Boxers,Blue,,,,,,,Glasses,Green,FALSE,,,,,,,,FALSE,,,,,,,,,,Sausage w/ Jalepeño Bread,Watermelon Honey Salad,,"Blue Cheese Chips, Apple Cinnamon Rice Cakes",,FALSE,TRUE,TRUE,TRUE,FALSE,FALSE,,,,,,10,10,,"Watermelon, Jalepeño",Lettuce,Turkey,,,A really simple meal but I actually loved it,For some reason I wasn't feeling this beforehand but then when I made it I realized it's actually crazy good,,,,,,,Andor,1,FALSE,TRUE,Wet,TRUE,TRUE,15,TRUE,30,7275,3.43,0,46,122,3039,,,,FALSE,FALSE,FALSE,Jiwei,"Mood Clinical Trial, SheetCheck",python,TRUE,TRUE,2,3,TRUE,Marvel Rivals,,FALSE,0,
2025-05-10,Saturday,19,May,Sunny,80,56,65,Hoboken,New Jersey,USA,Hoboken,New Jersey,USA,Hoboken,New Jersey,USA,09:00,22:00,10,0,0,12,7,TRUE,34,Polo,Cadmium Green,,Greg Norman,,Green,52,Khakis,Brown,,,,Brown,8,Sneakers,Lime Green,Emerald Green,Nike,,Green,Green,,Boxers,Green,2,Green,Blue,Nintendo,Luigi,Green,Glasses,Green,TRUE,9,Kelly Green,,Cap,,Atlanta,Green,TRUE,19,Lime Green,,Pullover,Bethpage,Bethpage,Green,2,Chipotle Chicken Sandwich,Banana,Jalepeño Burger w/ Loaded Fries,,"Cereal Bar, Hot Honey Walnuts",,FALSE,FALSE,FALSE,FALSE,FALSE,FALSE,Terrace by Alessio's,,7th Street Burger,,8,6,10,,"Jalepeño, Banana",Onion,"Beef, Chicken",,Postive experience compared to my last one where I waited an 30 minutes for my food to find out they forgot my order,Something to eat while watching golf,What a throwback,,,,,,,,0,FALSE,TRUE,Windy,TRUE,TRUE,15,TRUE,30,26086,11.85,48,54,120,4745,,,"NJTransit Bus, NJTransit Bus, Subway, Subway",FALSE,FALSE,FALSE,"Jiwei, Paul, Tharan, Deezy, Jed, Kevin, Nik",,,TRUE,TRUE,2,3,FALSE,Marvel Rivals,,FALSE,1,Monster Seltzer
2025-05-11,Sunday,20,May,Partly Cloudy,73,60,68,Hoboken,New Jersey,USA,Hoboken,New Jersey,USA,Hoboken,New Jersey,USA,07:00,22:00,9,0,0,67,7,FALSE,15,Athletic Shirt,Lime Green,Dark Green,MUD,Summer Ultmate,Green,49,Shorts,Light Green,,allinmotion,,Green,13,Slip-on Shoes,Electric Lime,,Moln,,Green,Green,Blue,Boxers,Green,27,Black,Electric Lime,Nike,Air Jordan,Black,Glasses,Green,TRUE,14,Cadmium Green,,Cap,MUD,,Green,FALSE,,,,,,,,,,,"4 Empanadas (Chicken, Pepperoni, Beef, Pork)",,Cereal Bar,Wintergreen Tic Tacs,FALSE,FALSE,FALSE,FALSE,FALSE,FALSE,,,Empanada Mama,,,,10,,Banana,,"Beef, Chicken, Pepperoni, Pork",,,,I love empanadas so much,,,,,,,,0,FALSE,TRUE,Warm,FALSE,FALSE,0,FALSE,0,20789,9.36,24,43,179,4263,Frisbee,180,"NJTransit Bus, NJTransit Bus, Subway, Subway",TRUE,FALSE,FALSE,"Deezy, Weezy, Joe, Claire, Dan",,,TRUE,TRUE,2,3,FALSE,,,FALSE,0,
2025-05-12,Monday,20,May,Sunny,74,55,61,Hoboken,New Jersey,USA,Hoboken,New Jersey,USA,Hoboken,New Jersey,USA,07:00,22:00,9,1,1,50,6,FALSE,3,Long Sleeve,Kelly Green,Yellow,Reebok,Power Rangers,Green,13,Joggers,Crimson,,American Eagle,,Red,5,Sandals,Forest Green,Orange,Adidas,,Green,Blue,Red,Boxers,Blue,1,Lime Green,,Stance,Grinch,Green,Glasses,Green,FALSE,,,,,,,,FALSE,,,,,,,,,,Carrot Salad,Shrimp Noodles w/ Broccoli and Carrot,,"Cereal Bar, Korean Fried Chicken Chips, Bacon Grilled Cheese Chips",Wintergreen Tic Tacs,FALSE,TRUE,FALSE,TRUE,FALSE,FALSE,,,,,,8,9,,Orange,"Lettuce, Carrot, Broccoli, Cauliflour",Shrimp,,,Ate garbage over the weekend so gotta recalibrate,Great noodles,,,,,,Andor,,1,TRUE,TRUE,Warm,FALSE,FALSE,0,FALSE,30,7211,3.28,1,45,95,2735,,,,FALSE,FALSE,FALSE,,SheetCheck,python,TRUE,TRUE,2,3,FALSE,Marvel Rivals,,FALSE,0,
2025-05-13,Tuesday,20,May,Rain,72,60,67,Hoboken,New Jersey,USA,Hoboken,New Jersey,USA,"Hoboken, Manhattan","New Jersey, New York",USA,07:00,23:00,9,0,0,100,7,FALSE,64,T-Shirt,Cornflour Blue,Magenta,H&M,Arcade,Blue,73,Shorts,Electric Lime,,Reebok,,Green,6,Sandals,Electric Lime,Black,Nike,,Green,Green,Blue,Boxers,Green,,,,,,,Glasses,Green,FALSE,,,,,,,,TRUE,18,Light Blue,Lime Green,Windbreaker,Cotopaxi,Cotopaxi,Blue,2,,Shrimp Noodles w/ Broccoli and Carrot,Carrot Salad,,"Korean Fried Chicken Chips, Bacon Grilled Cheese Chips",Wintergreen Tic Tacs,FALSE,TRUE,TRUE,TRUE,FALSE,FALSE,,,,,,9,7,,Orange,"Carrot, Broccoli, Cauliflour, Lettuce",Shrimp,,,Great noodles,Good salad,,,,,,Last of Us,,1,FALSE,TRUE,Wet,TRUE,TRUE,15,TRUE,30,11877,5.41,9,44,132,3250,Basketball,,"NJTransit Bus, NJTransit Bus, Subway, Subway",FALSE,FALSE,FALSE,"Jiwei, Kevin, Tharan, Weezy, Wilson",SheetCheck,python,TRUE,TRUE,2,3,FALSE,Marvel Rivals,,TRUE,1,Beer
2025-05-14,Wednesday,20,May,Rain,65,58,56,Hoboken,New Jersey,USA,Hoboken,New Jersey,USA,Hoboken,New Jersey,USA,07:00,23:00,8,1,1,14,7,FALSE,65,T-Shirt,Forest Green,White,American Eagle,Eagle,Green,2,Joggers,Forest Green,,American Eagle,,Green,14,Boots,Army Green,,Timberland,,Green,Blue,,Boxers,Blue,34,Forest Green,,Uniqlo,,Green,Glasses,Green,FALSE,,,,,,,,TRUE,1,Hunter Green,,Winter Jacket,Costco,,Green,2,,Chinese Pork Buns,Black Pepper and Spicy Chicken over Rice,,,Wintergreen Tic Tacs,FALSE,TRUE,FALSE,FALSE,FALSE,FALSE,,,King Cajun,,,7,8,,"Mango, Pineapple","Peas, Carrot","Chicken, Pork",,,TJ pork buns are solid,They have such good portions here,,,,,,,,0,FALSE,TRUE,Wet,FALSE,FALSE,0,FALSE,0,6477,2.89,4,48,99,1963,,,"Light Rail, Light Rail",FALSE,FALSE,FALSE,Jiwei,SheetCheck,python,TRUE,TRUE,2,3,TRUE,Marvel Rivals,,FALSE,0,
2025-05-15,Thursday,20,May,Haze,72,60,61,Hoboken,New Jersey,USA,Hoboken,New Jersey,USA,"Hoboken, Manhattan","New Jersey, New York",USA,07:00,23:00,8,0,0,88,7,FALSE,40,Long Sleeve,Dark Green,,St. John's Bay,,Green,9,Pants,Black,,Forever 21,,Black,7,Sneakers,Black,Kelly Green,Adidas,Lego,Black,Green,Red,Boxers,Green,1,Lime Green,,Stance,Grinch,Green,Glasses,Green,TRUE,12,Olive Green,,Docker Cap,,Smile,Green,TRUE,21,Eucalyptus,,Rain Jacket,Columbia,,Green,2,,Salad,Spicy Salmon Poke,,,Wintergreen Tic Tacs,FALSE,TRUE,FALSE,FALSE,FALSE,FALSE,,,Piki Poke,,,6,9,,"Pineapple, Mango, Jalepeño","Lettuce, Carrot","Salmon, Eel",,,No meat in this salad but the hummus I have is so good,Piki Poke is a great go-to meal,,,,,,,,0,FALSE,TRUE,Warm,TRUE,TRUE,15,TRUE,30,11073,5.02,5,,,11073,,,"NJTransit Bus, NJTransit Bus",FALSE,FALSE,FALSE,"Jiwei, Leo",SheetCheck,python,TRUE,TRUE,2,3,FALSE,Marvel Rivals,,FALSE,0,
2025-05-16,Friday,20,May,Cloudy,71,61,68,Hoboken,New Jersey,USA,Hoboken,New Jersey,USA,Hoboken,New Jersey,USA,07:00,23:00,8,1,1,52,7,FALSE,63,Button-Up Shirt,Jungle Green,White,H&M,Tropical Plants,Green,14,Pajama Pants,Dark Green,Lime Green,Care Bears,Care Bears,Green,5,Sandals,Forest Green,Orange,Adidas,,Green,Green,Blue,Boxers,Green,3,Black,Neon Green,Stance,Space,Black,Glasses,Green,FALSE,,,,,,,,FALSE,,,,,,,,,,Chicken Mole,Gnocchi,,Apple Cinnamon Rice Cakes,"Sour Albanese Gummy Bears, Wintergreen Tic Tacs",FALSE,TRUE,FALSE,TRUE,FALSE,FALSE,,,,,,7,8,,Banana,Spinach,Chicken,Ginger,,Underrated TJ item,Poured too much water into the sauce and the sauce came out all watery lol. Great otherwise,,,,YouTube,,,When a Cheater comes in the Studio | Long Beach Griffy,1,TRUE,TRUE,Warm,FALSE,FALSE,0,FALSE,0,9392,4.27,0,,,1865,Frisbee,90,,FALSE,FALSE,FALSE,Jiwei,SheetCheck,python,TRUE,TRUE,2,3,TRUE,Marvel Rivals,,FALSE,0,
2025-05-17,Saturday,20,May,Cloudy,86,60,65,Hoboken,New Jersey,USA,Hoboken,New Jersey,USA,"Hoboken, Trenton",New Jersey,USA,07:00,22:00,8,0,0,51,8,FALSE,15,Athletic Shirt,Lime Green,Dark Green,MUD,Summer Ultmate,Green,43,Shorts,Emerald Green,Neon Green,Nike,,Green,8,Sneakers,Lime Green,Emerald Green,Nike,,Green,Green,,Boxers,Green,30,Electric Lime,Neon Green,Stance,People,Green,Contacts,,FALSE,,,,,,,,FALSE,,,,,,,,,,,Chicken Mole Gnocchi,,Chips,,FALSE,FALSE,FALSE,TRUE,FALSE,FALSE,,,,,,,10,,"Banana, Orange",,Chicken,,,,These two meals were meant to be combined. Crazy good actually,,,,,,,,0,FALSE,TRUE,Warm,FALSE,FALSE,0,FALSE,0,2236,2.84,9,,,6404,Frisbee,510,,TRUE,FALSE,FALSE,Wilson,,,TRUE,TRUE,2,3,FALSE,,,FALSE,0,
2025-05-18,Sunday,21,May,Cloudy,76,56,62,Hoboken,New Jersey,USA,Hoboken,New Jersey,USA,Hoboken,New Jersey,USA,08:00,00:00,10,0,0,100,8,FALSE,66,Long Sleeve,Forest Green,,Harvard,Harvard Ultimate,Green,49,Shorts,Light Green,,allinmotion,,Green,7,Sneakers,Black,Kelly Green,Adidas,Lego,Black,Green,Magenta,Boxers,Green,23,Electric Lime,Black,Stance,,Green,Glasses,Green,TRUE,14,Cadmium Green,,Cap,MUD,,Green,FALSE,,,,,,,,,,Chicken Sandwich,Chicken Fries,,Chips,,FALSE,TRUE,FALSE,TRUE,FALSE,FALSE,,Chicken Castle,Burger King,,,5,10,,Grape,Lettuce,Chicken,,,More like a BRICKen sandwich. Sauce is the only thing saving this from a lower score,God's gift to mankind. Crazy deal to 16 chicken fries for $6,,,,,,,,0,FALSE,TRUE,Windy,FALSE,FALSE,0,FALSE,0,15546,8.13,27,,,3172,Frisbee,180,"NJTransit Bus, NJTransit Bus, Subway, Subway",FALSE,FALSE,FALSE,"Jiwei, Weezy, Kevin, Joe, Leo, Keith, Jed",,,TRUE,TRUE,2,3,FALSE,,,FALSE,0,
2025-05-19,Monday,21,May,Sunny,71,53,54,Hoboken,New Jersey,USA,Hoboken,New Jersey,USA,Hoboken,New Jersey,USA,07:00,23:00,7,1,0.5,53,6,FALSE,60,T-Shirt,Kelly Green,Light Blue,Hoboken,Hoboken,Green,15,Swishy Sweatpants,Forest Green,White,Holloway,Daldot,Green,6,Sandals,Electric Lime,Black,Nike,,Green,Red,Green,Boxers,Red,,,,,,,Glasses,Green,FALSE,,,,,,,,FALSE,,,,,,,,,,Chicken Nuggets and Carrot,Turkey Bacon Wrapped Steak,,,Wintergreen Tic Tacs,FALSE,FALSE,FALSE,TRUE,FALSE,FALSE,,,,,,8,10,,Banana,Carrot,"Chicken, Turkey, Beef",Ginger,,Spicy chicken nuggets go so hard lol,Insanely good wow,,,,Fmovies,,,The Rehearsal,1,TRUE,TRUE,Windy,TRUE,TRUE,15,TRUE,30,6352,3.36,2,,,2421,,,,FALSE,FALSE,FALSE,Jiwei,SheetCheck,python,TRUE,TRUE,2,3,FALSE,Marvel Rivals,,FALSE,0,
2025-05-20,Tuesday,21,May,Cloudy,68,49,65,Hoboken,New Jersey,USA,Hoboken,New Jersey,USA,"Hoboken, Manhattan","New Jersey, New York",USA,07:00,00:00,8,1,1,75,7,FALSE,26,Athletic Shirt,Blue,Grass Green,MUD,MUD,Blue,15,Swishy Sweatpants,Forest Green,White,Holloway,Daldot,Green,13,Slip-on Shoes,Electric Lime,,Moln,,Green,Green,Red,Boxers,Green,49,Black,Red,,Mortal Kombat,Black,Glasses,Green,TRUE,14,Cadmium Green,,Cap,MUD,,Green,TRUE,42,Fern Green,,Hoodie,,Finger Holes,Green,2,,Chicken Nuggets and Carrot,Tacos,Cheesecake and Honeycomb Ice Cream,Chips,Wintergreen Tic Tacs,FALSE,TRUE,TRUE,FALSE,FALSE,FALSE,,,Amor,Van Leeuwen,,8,7,9,Banana,Carrot,Chicken,Ginger,,Love spicy chicken nuggets,Good tacos here,,,Fmovies,,,Last of Us,,1,FALSE,TRUE,Windy,TRUE,TRUE,10,TRUE,30,22513,10.36,15,,,3152,"Frisbee, Basketball","90, 120","NJTransit Bus, NJTransit Bus, Subway, Subway",FALSE,FALSE,FALSE,"Jiwei, Kevin, Weezy, Wilson, Tharan",SheetCheck,python,TRUE,TRUE,2,3,FALSE,"Marvel Rivals, Oblivion Remake",,TRUE,2,"High Noon, High Noon"
2025-05-21,Wednesday,21,May,Rain,55,47,49,Hoboken,New Jersey,USA,Hoboken,New Jersey,USA,Hoboken,New Jersey,USA,08:00,23:00,8,1,1,12,7,TRUE,67,Athletic Shirt,Mint Green,,,,Green,48,Sweatpants,Gray,Red,Adidas,,Gray,5,Sandals,Forest Green,Orange,Adidas,,Green,Green,,Boxers,Green,,,,,,,Glasses,Green,FALSE,,,,,,,,FALSE,,,,,,,,,,Turkey Bacon Wrapped Steak,Vegetable Biryani,,"Jalepeño Pita Chips, Fruit Bar",TJ's Fruit Jellies,FALSE,TRUE,TRUE,TRUE,FALSE,FALSE,,,,,,10,8,,Orange,"Carrot, Peas, Spinach, Chickpeas","Turkey, Beef",Ginger,,This is a regular recipe now,I've been on an Indian food kick lately,,,,,,,,0,FALSE,TRUE,Windy,FALSE,FALSE,0,FALSE,0,4963,2.15,2,,,2235,,,,FALSE,FALSE,FALSE,Jiwei,SheetCheck,python,TRUE,TRUE,2,3,FALSE,Marvel Rivals,,FALSE,0,
2025-05-22,Thursday,21,May,Rain,52,48,47,Hoboken,New Jersey,USA,Hoboken,New Jersey,USA,Hoboken,New Jersey,USA,06:00,00:00,7,1,1,48,6,FALSE,16,T-Shirt,Lime Green,Dark Green,New Mexico,Mainframe,Green,48,Sweatpants,Gray,Red,Adidas,,Gray,6,Sandals,Electric Lime,Black,Nike,,Green,Green,Blue,Boxers,Green,,,,,,,Glasses,Green,FALSE,,,,,,,,TRUE,9,Pistachio,,Hoodie,Costco,,Green,2,,Chicken Nuggets and Carrot,Bacon Wrapped Pizza Bites,,"Jalepeño Pita Chips, Fruit Bar",TJ's Fruit Jellies,FALSE,TRUE,TRUE,TRUE,FALSE,FALSE,,,,,,8,10,,Orange,Carrot,"Turkey, Chicken",,,Can't go wrong with the chicken nuggets,The bacon wrapped strat is next level,,,,,,,,0,FALSE,FALSE,,TRUE,TRUE,15,TRUE,30,4881,2.24,0,,,2044,,,,FALSE,FALSE,FALSE,Jiwei,SheetCheck,python,TRUE,TRUE,2,3,FALSE,Marvel Rivals,,FALSE,0,
2025-05-23,Friday,21,May,Cloudy,62,47,53,Hoboken,New Jersey,USA,Hoboken,New Jersey,USA,Hoboken,New Jersey,USA,07:00,23:30,7,0,0,61,8,FALSE,48,Athletic Shirt,Electric Lime,,Harvard,Harvard,Green,20,Joggers,Olive Green,,American Eagle,,Green,3,Slip-on Shoes,Matcha Green,,Moln,,Green,Dark Blue,Magenta,Boxers,Blue,43,Red,White,Atlanta Hawks,Atlanta Hawks,Red,Glasses,Green,TRUE,17,Black,Green,Cap,Jamaica,Jamaica,Black,TRUE,17,Black,White,Rain Jacket,Champion,Harvard,Black,2,,Bacon Wrapped Pizza Bites,Tilapia with Carrot,,Fruit Bar,TJ's Fruit Jellies,FALSE,TRUE,TRUE,TRUE,FALSE,FALSE,,,,,,10,8,,"Orange, Coconut, Apple",Carrot,"Turkey, Tilapia",,,Turkey bacon is all gone :(,Quick healthy meal,,,,,,,,0,FALSE,TRUE,Chilly,TRUE,TRUE,15,TRUE,15,27962,11.95,44,,,3730,"Frisbee, Golf","90, 132",,TRUE,FALSE,Lyft,"Jiwei, Kevin",SheetCheck,python,TRUE,TRUE,2,3,FALSE,Marvel Rivals,,TRUE,2,"High Noon, High Noon"
2025-05-24,Saturday,21,May,Rain,67,51,60,Hoboken,New Jersey,USA,Ronkonkoma,New York,USA,"Hoboken, Manhattan, Ronkonkoma","New Jersey, New York",USA,07:30,23:30,8,0,0,28,7,FALSE,35,Polo,Lime Green,,,Golf Clubs,Green,52,Khakis,Brown,,,,Brown,16,Sneakers,Electric Lime,Blue,Adidas,,Green,Green,Black,Boxers,Green,50,Black,Electric Lime,Nike,,Black,Contacts,,TRUE,14,Cadmium Green,,Cap,MUD,,Green,FALSE,,,,,,,,,,,"Ribs, Streetcorn, Jalepeño Sausage, Brisket Quesadilla",,Fruit Bar,,FALSE,FALSE,FALSE,FALSE,FALSE,FALSE,,,Chili's,,,,10,,"Jalepeño, Apple, Banana",Corn,"Pork, Beef, Chicken",,,,Maybe the best Chili's meal I've had since I was extremely hungry walking into the door. I've never compulsively drooled when my food arrived but there is a first time for everything,,,,,,,,0,FALSE,TRUE,Warm,FALSE,FALSE,0,FALSE,0,20869,9.35,45,,,2573,"Frisbee, Golf","240, 292","NJTransit Bus, LIRR",TRUE,FALSE,FALSE,"Jiwei, Kevin, Tharan, Deezy, Jed",,,TRUE,TRUE,2,3,FALSE,,,TRUE,2,"Surfside, Surfside"
2025-05-25,Sunday,22,May,Cloudy,69,51,58,Ronkonkoma,New York,USA,Ronkonkoma,New York,USA,Ronkonoma,New York,USA,06:30,23:00,7,0,0,100,8,FALSE,34,Polo,Cadmium Green,,Greg Norman,,Green,25,Golf Pants,Lime Green,,Royal Awesome,,Green,16,Sneakers,Electric Lime,Blue,Adidas,,Green,White,Green,Boxers,White,21,Lime Green,Light Green,,Golf,Green,Glasses,Green,TRUE,33,Forest Green,,,Tobacco Road,Tobacco Road,Green,TRUE,19,Lime Green,,Pullover,Bethpage,Bethpage,Green,2,Croissantwich,Chicken Quesadilla,Chicken Sandwich,,Fruit Bar,,FALSE,FALSE,FALSE,FALSE,FALSE,FALSE,Burger King,Bethpage,PDQ,,10,8,8,,"Apple, Banana",Lettuce,"Beef, Chicken, Egg",,It's a great day whenever I get BK breakfast,Very good chicken quesadilla,Pretty good chicken sandwich but nowhere near the giants in the chicken sandwich game,,,,,,,,0,FALSE,TRUE,Warm,FALSE,FALSE,0,FALSE,0,30118,12.87,71,,,3940,Golf,236,,TRUE,FALSE,FALSE,"Jiwei, Kevin, Tharan, Deezy, Jed, Nik",,,TRUE,TRUE,2,3,FALSE,,,TRUE,2,"Beer, High Noon"
2025-05-26,Monday,22,May,Sunny,74,53,71,Ronkonkoma,New York,USA,Hoboken,New Jersey,USA,"Hoboken, Manhattan, Ronkonkoma","New Jersey, New York",USA,07:00,23:00,8,1,1,57,7,FALSE,17,T-Shirt,Lime Green,Black,Valdolsta State,Valdolsta State,Green,6,Sweatpants,Eucalyptus,,,,Green,16,Sneakers,Electric Lime,Blue,Adidas,,Green,Green,Blue,Boxers,Green,51,White,Red,Heatonist,,White,Glasses,Green,TRUE,18,Jungle Green,,Cap,,,Green,FALSE,,,,,,,,,,,Tikka Masala Paneer,,Fruit Bar,,FALSE,FALSE,FALSE,TRUE,FALSE,FALSE,,,,,,,7,,"Apple, Banana",,,,,,TJ Indian food,,,,,,,,0,FALSE,TRUE,Warm,FALSE,FALSE,0,FALSE,0,8157,3.41,6,,,2324,Golf,90,,TRUE,FALSE,FALSE,"Jiwei, Kevin, Tharan, Deezy, Jed",SheetCheck,python,TRUE,TRUE,2,3,FALSE,Marvel Rivals,,TRUE,2,"High Noon, High Noon"
2025-05-27,Tuesday,22,May,Partly Cloudy,75,58,60,Hoboken,New Jersey,USA,Hoboken,New Jersey,USA,Hoboken,New Jersey,USA,07:00,23:00,8,0,0,89,7,FALSE,57,T-Shirt,Nyanza,,H&M,,Green,23,Joggers,Navy Blue,,American Eagle,,Blue,22,Sneakers,Lime Green,White,Allbirds,,Green,Blue,Green,Boxers,Blue,52,Kelly Green,,Uniqlo,,Green,Glasses,Green,FALSE,,,,,,,,TRUE,39,Lime Green,,Cardigan,H&M,,Green,2,,Pizza,AYCE Wings,,,,FALSE,FALSE,FALSE,FALSE,FALSE,FALSE,,Hoboken Pizza,Black Bear,,,6,7,,,Scallion,Chicken,,,Pizza is kinda expensive for how average it is,AYCE wings at Black Bear is actually a great play,,,,NBA,,,Pacers vs. Knicks,1,FALSE,TRUE,Warm,TRUE,TRUE,15,TRUE,30,13411,10,7,,,3003,Frisbee,90,,TRUE,FALSE,FALSE,Jiwei,SheetCheck,python,TRUE,TRUE,2,3,FALSE,Marvel Rivals,,FALSE,0,
2025-05-28,Wednesday,22,May,Cloudy,68,57,66,Hoboken,New Jersey,USA,Hoboken,New Jersey,USA,Hoboken,New Jersey,USA,12:00,00:00,13,0,0,100,8,FALSE,60,T-Shirt,Kelly Green,Light Blue,Hoboken,Hoboken,Green,40,Joggers,Black,Gray,Forever 21,,Black,6,Sandals,Electric Lime,Black,Nike,,Green,Green,White,Boxers,Green,,,,,,,Glasses,Green,FALSE,,,,,,,,FALSE,,,,,,,,,,Yogurt and Banana,Tilapia with Carrot,,,"TJ's Fruit Jellies, Wintergreen Tic Tacs",FALSE,TRUE,TRUE,TRUE,FALSE,FALSE,,,,,,5,7,,Banana,Carrot,Tilapia,,,Didn't feel like cooking,Solid leftovers,,,,Fmovies,,,Boondocks,1,TRUE,FALSE,,TRUE,TRUE,15,TRUE,30,3839,1.67,0,,,2141,,,,FALSE,FALSE,FALSE,Jiwei,SheetCheck,python,TRUE,TRUE,2,3,FALSE,Marvel Rivals,,FALSE,0,
2025-05-29,Thursday,22,May,Sunny,68,54,63,Hoboken,New Jersey,USA,Hoboken,New Jersey,USA,"Hoboken, Manhattan","New Jersey, New York",USA,08:00,00:00,8,0,0,89,8,FALSE,11,T-Shirt,Kelly Green,White,Dollar Store,Do Your Thing,Green,2,Joggers,Forest Green,,American Eagle,,Green,7,Sneakers,Black,Kelly Green,Adidas,Lego,Black,Green,,Boxers,Green,49,Black,Red,,Mortal Kombat,Black,Contacts,,TRUE,14,Cadmium Green,,Cap,MUD,,Green,TRUE,17,Black,White,Rain Jacket,Champion,Harvard,Black,2,,Pork and Ginger Dumplings,Salmon Salad,,"Hot Honey Popcorn, Fruit Bar","TJ's Fruit Jellies, Wintergreen Tic Tacs",FALSE,TRUE,TRUE,TRUE,FALSE,FALSE,,,,,,7,8,,Banana,Lettuce,"Salmon, Pork",Ginger,,I love these things,I kinda burnt the honey but it was still really good. Burnt honey is actually kinda tasty,,,Fmovies,Fmovies,,Boondocks,Boondocks,2,FALSE,TRUE,Warm,FALSE,FALSE,0,FALSE,0,11127,5.94,12,,,2830,Frisbee,90,"NJTransit Bus, NJTransit Bus, Subway, Subway",FALSE,FALSE,FALSE,"Jiwei, Joe, Claire",SheetCheck,python,TRUE,TRUE,2,3,FALSE,Marvel Rivals,,TRUE,1,Costco Seltzer
2025-05-30,Friday,22,May,Partly Cloudy,74,60,73,Hoboken,New Jersey,USA,Hoboken,New Jersey,USA,"Hoboken, Manhattan","New Jersey, New York",USA,07:00,00:00,7,0,0,57,8,FALSE,68,Dress Shirt,Forest Green,,Forever 21,Satin,Green,30,Dress Pants,Black,,Kohl's,,Black,7,Sneakers,Black,Kelly Green,Adidas,Lego,Black,Green,Red,Boxers,Green,3,Black,Neon Green,Stance,Space,Black,Glasses,Green,TRUE,19,Dark Blue,White,Cap,Columbia,Columbia Data Science,Blue,FALSE,,,,,,,,,,Salmon Salad,"Sliders, Vegetable Skewers, Grilled Cheese",,"Hot Honey Popcorn, Pickle Goldfish","TJ's Fruit Jellies, Wintergreen Tic Tacs",FALSE,TRUE,TRUE,FALSE,FALSE,FALSE,,,Elsie Rooftop,,,8,6,,Banana,"Zuchinni, Cucumber, Lettuce",Beef,,,Solid leftovers,DSI free finger food. The grilled cheese were awful though,,,Fmovies,,,Boondocks,,1,FALSE,TRUE,Warm,TRUE,TRUE,10,TRUE,30,10660,4.49,5,,,2530,Frisbee,90,,FALSE,FALSE,FALSE,Jiwei,SheetCheck,python,TRUE,TRUE,2,3,FALSE,Marvel Rivals,,FALSE,0,
2025-05-31,Saturday,22,May,Cloudy,64,53,55,Hoboken,New Jersey,USA,Hoboken,New Jersey,USA,"Hoboken, Manhattan","New Jersey, New York",USA,09:00,00:00,9,0,0,62,7,FALSE,8,T-Shirt,Lime Green,Blue,Nike,Tribal,Green,6,Sweatpants,Eucalyptus,,,,Green,6,Sandals,Electric Lime,Black,Nike,,Green,Green,,Boxers,Green,,,,,,,Glasses,Green,TRUE,20,Olive Green,,Cap,,Dinosaur,Green,FALSE,,,,,,,,,,Spinach and Turkey,Lamb/Beef Gyro Plate,,"Hot Honey Popcorn, Fruit Bar","TJ's Fruit Jellies, Wintergreen Tic Tacs",FALSE,TRUE,TRUE,FALSE,FALSE,FALSE,,,Yia Yia's,Van Leeuwen's,,9,10,7,"Banana, Apple",Spinach,Turkey,,,Cooked a really good ground turkey meal,Love Yia Yia's,Van Leeuwen's is still pretty good. Will def consider sour cherry when I go there again,,Fmovies,Fmovies,,Boondocks,Boondocks,2,FALSE,TRUE,Warm,FALSE,FALSE,0,FALSE,0,8393,3.57,3,,,2417,,,"NJTransit Bus, NJTransit Bus, Subway, Subway",FALSE,FALSE,FALSE,"Jiwei, Deezy, Leo",,,TRUE,TRUE,2,3,FALSE,Marvel Rivals,,FALSE,0,
2025-06-01,Sunday,23,June,Cloudy,66,50,53,Hoboken,New Jersey,USA,Hoboken,New Jersey,USA,"Hoboken, Manhattan","New Jersey, New York",USA,06:00,01:00,6,2,2,84,8,FALSE,25,Athletic Shirt,Lime Green,Gray,Harvard,Harvard Ultimate,Green,10,Sweatpants,Black,White,BRed Line,Toast,Black,3,Slip-on Shoes,Matcha Green,,Moln,,Green,Green,Blue,Boxers,Green,18,OIive Green,Black,Stance,Christmas,Green,Glasses,Green,TRUE,20,Olive Green,,Cap,,Dinosaur,Green,TRUE,42,Fern Green,,Hoodie,,Finger Holes,Green,2,,"Chicken Meatballs, Bell Pepper, and Jalepeño Bread",Sushi Sandwiches,,"Fruit Bar, Pretzel Bites, Cake Bites",Wintergreen Tic Tacs,FALSE,TRUE,TRUE,TRUE,FALSE,FALSE,,,,,,9,8,,"Banana, Apple, Jalepeño","Spinach, Carrot","Chicken, Salmon",,,I love Jalepeño bread,sushi sandwiches coming in clutch,,,Fmovies,Fmovies,,Boondocks,Boondocks,2,TRUE,TRUE,Chilly,TRUE,TRUE,10,TRUE,30,15320,8.19,19,,,3186,"Frisbee, Golf","180, 268",,TRUE,FALSE,Lyft,"Jiwei, Deezy, Leo, Jordan",SheetCheck,python,TRUE,TRUE,2,3,FALSE,"Marvel Rivals, Oblivion Remake",,FALSE,0,
2025-06-02,Monday,23,June,Sunny,73,53,65,Hoboken,New Jersey,USA,Hoboken,New Jersey,USA,Hoboken,New Jersey,USA,09:00,23:30,8,0,0,56,6,FALSE,24,T-Shirt,Lime Green,Red,Nintendo,Bowser Jr.,Green,8,Japanese Leisure Pants,Olive Green,,,,Green,5,Sandals,Forest Green,Orange,Adidas,,Green,Blue,Red,Boxers,Blue,42,Olive Green,Blue,Idaho,Moose,Green,Glasses,Green,FALSE,,,,,,,,TRUE,9,Pistachio,,Hoodie,Costco,,Green,2,,Spinach and Turkey,Tilapia Salad,,Fruit Bar,Wintergreen Tic Tacs,FALSE,TRUE,TRUE,TRUE,FALSE,FALSE,,,,,,9,8,,"Banana, Bell Pepper",Spinach,"Turkey, Tilapia",,,Very yummy,Healthy tilapia meal,,,,,,,,0,FALSE,TRUE,Warm,TRUE,TRUE,10,TRUE,30,4357,2.05,0,,,2169,,,,FALSE,FALSE,FALSE,Jiwei,"SheetCheck, Learn AI from AI",python,TRUE,TRUE,3,4,FALSE,"Marvel Rivals, Oblivion Remake",,FALSE,0,
2025-06-03,Tuesday,23,June,Sunny,77,61,68,Hoboken,New Jersey,USA,Hoboken,New Jersey,USA,Hoboken,New Jersey,USA,06:30,23:00,7,0,0,100,7,FALSE,26,Athletic Shirt,Blue,Grass Green,MUD,MUD,Blue,49,Shorts,Light Green,,allinmotion,,Green,10,Sneakers,Black,Electric Lime,Nike,Curry,Black,Green,,Boxers,Green,28,Blue,Black,Nike,,Blue,Glasses,Green,TRUE,19,Dark Blue,White,Cap,Columbia,Columbia Data Science,Blue,FALSE,,,,,,,,,,"Chicken Meatballs, Bell Pepper, and Jalepeño Bread",Calamari and Rice,,"Hot Honey Popcorn, Pretzel Bites",Wintergreen Tic Tacs,FALSE,TRUE,TRUE,TRUE,FALSE,FALSE,,,,,,8,7,,"Bell Pepper, Jalepeño",,Chicken,,,Great lunch,Love me some seafood,,,,,,,,0,FALSE,TRUE,Warm,FALSE,FALSE,0,FALSE,0,15132,6.87,10,,,2607,"Frisbee, Basketball","90, 120","NJTransit Bus, NJTransit Bus, Subway, Subway",FALSE,FALSE,FALSE,"Jiwei, Kevin, Wilson, Tharan, Weezy","SheetCheck, Learn AI from AI",python,TRUE,TRUE,3,3,FALSE,"Marvel Rivals, Oblivion Remake",,FALSE,0,
2025-06-04,Wednesday,23,June,Sunny,84,59,67,Hoboken,New Jersey,USA,Hoboken,New Jersey,USA,Hoboken,New Jersey,USA,07:00,00:00,8,0,0,80,7,FALSE,69,Athletic Shirt,Black,Green,Atlanta Hawks,Basketball Peach,Black,50,Shorts,Lime Green,Blue,Atlanta Hawks,Atlanta Hawks,Green,6,Sandals,Electric Lime,Black,Nike,,Green,Green,Blue,Boxers,Green,,,,,,,Glasses,Green,TRUE,14,Cadmium Green,,Cap,MUD,,Green,FALSE,,,,,,,,,,Calamari and Rice,Tilapia Salad,,,Wintergreen Tic Tacs,FALSE,TRUE,TRUE,TRUE,TRUE,FALSE,,,,,,8,7,,,Lettuce,"Tilapia, Calamari",,,Calamari is so underrated,Last of cooked food since I'm leaving on Tuesday,,,,,,,,0,FALSE,TRUE,Warm,FALSE,FALSE,0,FALSE,0,7072,3.21,4,,,2224,Frisbee,120,,TRUE,FALSE,FALSE,Jiwei,SheetCheck,python,TRUE,TRUE,2,3,FALSE,Oblivion Remake,,FALSE,0,
2025-06-05,Thursday,23,June,Cloudy,89,70,80,Hoboken,New Jersey,USA,Hoboken,New Jersey,USA,Hoboken,New Jersey,USA,07:00,23:00,7,0,0,2,7,FALSE,45,T-Shirt,Olive Green,Red,Canada,Canada,Green,20,Joggers,Olive Green,,American Eagle,,Green,5,Sandals,Forest Green,Orange,Adidas,,Green,White,Green,Boxers,White,,,,,,,Glasses,Green,FALSE,,,,,,,,FALSE,,,,,,,,,,Sushi Sandwiches,Turkey Apple Sandwich,,,,FALSE,TRUE,FALSE,TRUE,FALSE,FALSE,,,,,,9,7,,Apple,Lettuce,"Salmon, Turkey",,,Actually the best way to eat grocery store sushi,This sandwich reminded me of a sandwich I got in cambridge but a worse version,,,,,,,,0,TRUE,TRUE,Warm,FALSE,FALSE,0,FALSE,0,9394,4.22,4,,,2482,Frisbee,90,,FALSE,FALSE,FALSE,Jiwei,SheetCheck,python,TRUE,TRUE,2,3,FALSE,Oblivion Remake,,FALSE,0,
2025-06-06,Friday,23,June,Partly Cloudy,85,70,76,Hoboken,New Jersey,USA,Hoboken,New Jersey,USA,Hoboken,New Jersey,USA,07:00,23:30,8,0,0,14,8,FALSE,70,Robe,Forest Green,,,,Green,47,Shorts,Emerald Green,White,Adidas,,Green,5,Sandals,Forest Green,Orange,Adidas,,Green,Purple,,Boxers,Purple,,,,,,,Glasses,Green,FALSE,,,,,,,,FALSE,,,,,,,,,,Sushi,Empanadas,,Peanut Butter Pretzels,"Albanese Gummy Bears, Sour Albanese Sour Gummy Worms, Scandanavian Swimmers, Super Sour Scandinavian Swimmers, Bacon and Eggs TJ Candy",FALSE,TRUE,FALSE,FALSE,FALSE,FALSE,,,,,,7,7,,,,"Salmon, Chicken, Pork",,,I like the sandwiches better tbh,Not as good as empanada cafe but servicable,,,,,,,,0,TRUE,TRUE,Warm,FALSE,FALSE,0,FALSE,0,11081,4.73,2,,,2514,Frisbee,90,,FALSE,FALSE,FALSE,Jiwei,SheetCheck,python,TRUE,TRUE,1,4,FALSE,"Marvel Rivals, Oblivion Remake",,FALSE,0,
2025-06-07,Saturday,23,June,Rain,76,64,65,Hoboken,New Jersey,USA,Hoboken,New Jersey,USA,Hoboken,New Jersey,USA,07:30,20:00,9,0,0,79,9,FALSE,71,T-Shirt,Olive Green,,Express,,Green,2,Joggers,Forest Green,,American Eagle,,Green,3,Slip-on Shoes,Matcha Green,,Moln,,Green,Green,Blue,Boxers,Green,30,Electric Lime,Neon Green,Stance,People,Green,Glasses,Green,TRUE,14,Cadmium Green,,Cap,MUD,,Green,TRUE,17,Black,White,Rain Jacket,Champion,Harvard,Black,2,,,"Pizza, Wings",,Peanut Butter Pretzels,Super Sour Scandinavian Swimmers,FALSE,FALSE,FALSE,FALSE,FALSE,FALSE,,,Domino's,,,,8,,,Carrot,Beef,,,,Had no idea Domino's had wings,,,,,,,,0,FALSE,TRUE,Warm,FALSE,FALSE,0,FALSE,0,10832,4.91,6,,,2666,"Frisbee, Golf","180, 20",,TRUE,FALSE,FALSE,Jiwei,,,TRUE,TRUE,3,3,FALSE,Oblivion Remake,,TRUE,1,Beer
2025-06-08,Sunday,24,June,Cloudy,75,61,65,Hoboken,New Jersey,USA,Hoboken,New Jersey,USA,"Hoboken, Manhattan","New Jersey, New York",USA,06:00,22:00,10,0,0,56,9,FALSE,38,Athletic Shirt,Lime Green,,MUD,MUD,Green,47,Shorts,Emerald Green,White,Adidas,,Green,13,Slip-on Shoes,Electric Lime,,Moln,,Green,Blue,Green,Boxers,Blue,27,Black,Electric Lime,Nike,Air Jordan,Black,Contacts,,TRUE,14,Cadmium Green,,Cap,MUD,,Green,TRUE,19,Lime Green,,Pullover,Bethpage,Bethpage,Green,2,,Trail Mix,Pizza,,Peanut Butter Pretzels,Super Sour Scandinavian Swimmers,FALSE,FALSE,FALSE,FALSE,FALSE,FALSE,,,Bob's Your Uncle,,,5,7,,"Raisain, Bell Pepper",Spinach,Beef,,,Struggle meal,Standard MUD pizza,,,,,,,,0,FALSE,TRUE,Warm,FALSE,FALSE,0,FALSE,0,13881,7.43,0,,,3085,Frisbee,240,,TRUE,FALSE,FALSE,"Jiwei, Kevin, Leo, Wilson, Weezy, Deezy, Dan, Joe, Claire, Jordan",,,TRUE,TRUE,2,3,FALSE,Marvel Rivals,,FALSE,0,
2025-06-09,Monday,24,June,Rain,64,62,63,Hoboken,New Jersey,USA,Hoboken,New Jersey,USA,Hoboken,New Jersey,USA,08:00,23:00,10,0,0,54,8,FALSE,34,Polo,Cadmium Green,,Greg Norman,,Green,51,Golf Shorts,Forest Green,White,,Sailboats,Green,11,Golf Shoes,White,Forest Green,Malbon,,White,Red ,White,Boxers,Red,22,Black,Green,Nike,,Black,Glasses,Green,TRUE,10,Dark Blue,Green,Cap,Hoboken Golf,Hoboken Golf,Blue,FALSE,,,,,,,,,,Cheeseburger Burrito,Jamaican Chicken,,Peanut Butter Pretzels,Super Sour Scandinavian Swimmers,FALSE,FALSE,FALSE,FALSE,FALSE,FALSE,,GTK,Violet's Jamaican Food,,,8,9,,"Jalepeño, Plantains","Peas, Sweet Potato","Beef, Chicken",,,GTK burritos might be the most underrated thing in Hoboken,This Jamaican place near kevin never disappoints and always has great portion sizes,,,,,,,,0,FALSE,TRUE,Warm,TRUE,TRUE,10,TRUE,30,21689,9.62,24,52,120,3884,Golf,129,,TRUE,FALSE,Lyft,"Jiwei, Kevin",SheetCheck,python,TRUE,TRUE,1,1,FALSE,,,FALSE,0,
2025-06-10,Tuesday,24,June,Cloudy,77,63,70,Hoboken,New Jersey,USA,London,,UK,"Hoboken, London, Manhattan","New Jersey, New York","USA, UK",04:00,00:00,5,2,2,23,6,FALSE,50,T-Shirt,Blue,Red,Olympics,France,Blue,2,Joggers,Forest Green,,American Eagle,,Green,7,Sneakers,Black,Kelly Green,Adidas,Lego,Black,Green,Red,Boxers,Green,53,Neon Green,,Stance,,Green,Glasses,Green,TRUE,20,Olive Green,,Cap,,Dinosaur,Green,TRUE,21,Eucalyptus,,Rain Jacket,Columbia,,Green,2,,Spicy Breakfast Burrito,Monster Burger,,Coconut Strips,,FALSE,FALSE,FALSE,FALSE,FALSE,FALSE,,Melt Town,Monster Burger,,,7,8,,"Jalepeño, Bell Pepper",Lettuce,Beef,,,Actually pretty good for airport food,Much needed burger after sleeping through most of the flight and not getting any meals,,,,,,,,0,FALSE,TRUE,Warm,FALSE,FALSE,0,FALSE,0,5793,2.55,5,47,124,2136,,,"Airplane, Tube, Tube",TRUE,FALSE,Lyft,,SheetCheck,python,TRUE,TRUE,2,3,FALSE,,,FALSE,0,
2025-06-11,Wednesday,24,June,Partly Cloudy,74,56,62,London,,UK,London,,UK,London,,UK,07:00,00:00,7,0,0,100,10,FALSE,72,Dress Shirt,Hunter Green,Olive Green,American Eagle,,Green,30,Dress Pants,Black,,Kohl's,,Black,7,Sneakers,Black,Kelly Green,Adidas,Lego,Black,Green,Blue,Boxers,Green,3,Black,Neon Green,Stance,Space,Black,Glasses,Green,TRUE,20,Olive Green,,Cap,,Dinosaur,Green,TRUE,21,Eucalyptus,,Rain Jacket,Columbia,,Green,2,English Breakfast,,Fish and Chips,,Shrimp Prawn Walkers,Sour Randoms,FALSE,FALSE,FALSE,FALSE,FALSE,FALSE,Arches Cafe,,Wapping Fish Bar,,9,,8,,,"Mushroom, Potato","Beef, Egg, Tilapia",,Really good breakfast but kinda sad that this is the best food London has to offer,,Really good fish and chips but the shopkeeper put too much mayo on mine because I was American,,,,,,,,0,FALSE,TRUE,Warm,FALSE,FALSE,0,FALSE,0,33890,15.68,32,55,107,4450,,,"Tube, Tube",FALSE,FALSE,FALSE,,,,TRUE,TRUE,2,3,FALSE,,,TRUE,2,Cider
2025-06-12,Thursday,24,June,Partly Cloudy,80,59,73,London,,UK,London,,UK,London,,UK,08:00,00:00,8,1,1,100,10,FALSE,73,Button-Up Shirt,Dark Green,Dark Blue,,Flannel,Green,34,Dress Pants,Dark Blue,,Kohl's,,Blue,7,Sneakers,Black,Kelly Green,Adidas,Lego,Black,Green,White,Boxers,Green,53,Neon Green,,Stance,,Green,Glasses,Green,TRUE,12,Olive Green,,Docker Cap,,Smile,Green,FALSE,,,,,,,,1,Scone and Tea Cake,Steak and Fries,Bleecker Street Burger,,Chicken Fries,,FALSE,FALSE,FALSE,FALSE,FALSE,FALSE,British Cafe,Steakhause,Bleecker Street Burger,Cookie,8,9,8,8,Cranberry,,Beef,,Very British breakfast,Actually really good place that made steak and fries very quickly,One of the best burgers I had on my trip,I liked this cookie,,,,,,,0,FALSE,TRUE,Warm,FALSE,FALSE,0,FALSE,0,26483,11.52,60,46,114,4023,,,"Tube, Tube",FALSE,FALSE,FALSE,,,,TRUE,TRUE,2,3,FALSE,,,TRUE,1,Cider
2025-06-13,Friday,24,June,Partly Cloudy,84,62,75,London,,UK,London,,UK,London,,UK,09:00,04:00,9,0,0,100,10,FALSE,74,Mesh Polo,Mint Green,,Kohl's,,Green,53,Jogger Shorts,White,Black,American Eagle,,White,7,Sneakers,Black,Kelly Green,Adidas,Lego,Black,Black,Blue,Boxers,Black,17,Jungle Green,White,Stance,Snakes,Green,Glasses,Green,TRUE,20,Olive Green,,Cap,,Dinosaur,Green,FALSE,,,,,,,,1,,Shwarma with Pomegranate Fries,Sushi Dog,,Shrimp Prawn Walkers,Sour Randoms,FALSE,FALSE,FALSE,FALSE,FALSE,FALSE,,Shwarma Place,Sushi Dog,,,7,8,,Pomegranate,Lettuce,"Lamb, Salmon",,,Pomegranate fries were very interesting and the shwarma was good,Really interesting combination between sushi and a hot dog. A sushi roll in the shape of a hot dog. very good though,,,,,,,,0,FALSE,TRUE,Warm,FALSE,FALSE,0,FALSE,0,36054,16.04,38,53,101,4630,,,"Tube, Tube",FALSE,FALSE,FALSE,Morgan,,,TRUE,TRUE,2,3,FALSE,,,TRUE,6,"Picante, Picante, Picante, Picante, Picante, Picante"
2025-06-14,Saturday,24,June,Partly Cloudy,75,55,64,London,,UK,London,,UK,London,,UK,10:00,23:30,6,0,0,100,10,FALSE,19,Button-Up Shirt,Forest Green,White,Forever 21,,Green,54,Joggers,Army Green,,American Eagle,,Green,7,Sneakers,Black,Kelly Green,Adidas,Lego,Black,Red,Green,Boxers,Red,54,Olive Green,,Uniqlo,,Green,Glasses,Green,TRUE,20,Olive Green,,Cap,,Dinosaur,Green,FALSE,,,,,,,,1,,Deer Shephard's Pie and OG Shephard's Pie,Lobster Roll,,Shrimp Prawn Walkers,Sour Randoms,FALSE,FALSE,FALSE,FALSE,FALSE,FALSE,,Borough Market,Steak and Lobster,,,7,9,,,"Carrot, Peas","Kidney, Venison",,,The OG shephard's pie was good but the kidney flavor was a bit too strong. The venison one was really good I would get that again,Couldn't resist a lobster roll,,,,,,,,0,FALSE,TRUE,Warm,FALSE,FALSE,0,FALSE,0,23514,10.64,35,49,127,4030,,,"Tube, Tube",FALSE,FALSE,FALSE,Morgan,,,TRUE,TRUE,2,3,FALSE,,,TRUE,2,"Cider, Cider"
2025-06-15,Sunday,25,June,Partly Cloudy,76,56,68,London,,UK,Hoboken,New Jersey,USA,"London, Hoboken, Manhattan","New Jersey, New York","USA, UK",06:30,23:00,7,4,4,100,8,FALSE,67,Athletic Shirt,Mint Green,,,,Green,2,Joggers,Forest Green,,American Eagle,,Green,7,Sneakers,Black,Kelly Green,Adidas,Lego,Black,Green,Blue,Boxers,Green,55,Emerald Green,Gray,Harry Potter,Slytherin,Green,Glasses,Green,TRUE,20,Olive Green,,Cap,,Dinosaur,Green,FALSE,,,,,,,,1,,Airplane Pasta,Chicken Sandwich,,"Steak Walkers, Coconut Strips","Juicy Randoms, Lime and Orange Tic Tacs",FALSE,FALSE,FALSE,FALSE,FALSE,FALSE,,,,,,6,1,,Banana,"Lettuce, Peas","Chicken, Shrimp",,,Servicable,Horrible chicken sandwich that gave me food poisoning. I absolutely will never have this again.,,,,,,,,0,FALSE,TRUE,Warm,FALSE,FALSE,0,FALSE,0,11369,5.16,26,52,103,3483,,,"Tube, NJTransit Bus, Subway, Airplane",TRUE,FALSE,Lyft,"Morgan, Jed, Jiwei, Deezy, Weezy, Tharan, Leo, Kevin",,,TRUE,TRUE,2,3,FALSE,,,TRUE,1,Margerita
2025-06-16,Monday,25,June,Cloudy,68,61,65,Hoboken,New Jersey,USA,Hoboken,New Jersey,USA,Hoboken,New Jersey,"USA, UK",06:00,23:00,7,0,0,37,7,FALSE,11,T-Shirt,Kelly Green,White,Dollar Store,Do Your Thing,Green,53,Jogger Shorts,White,Black,American Eagle,,White,1,Sneakers,Forest Green,Lime Green,Nike,Kobe,Green,Green,,Boxers,Green,29,Lime Green,Black,Polo,,Green,Glasses,Green,FALSE,,,,,,,,FALSE,,,,,,,,1,,Carrot Salad,Squash Pasta,,,,FALSE,TRUE,FALSE,TRUE,FALSE,FALSE,,,,,,7,7,,,"Carrot, Squash",,Ginger,,Stomach felt awful today so needed something light,Solid pasta,,,,,,,,0,TRUE,TRUE,Warm,TRUE,TRUE,30,TRUE,30,16344,7.2,14,56,124,3535,Golf,129,,FALSE,FALSE,FALSE,"Jiwei, Kevin",SheetCheck,python,TRUE,TRUE,6,8,FALSE,Oblivion Remake,,FALSE,0,
2025-06-17,Tuesday,25,June,Cloudy,72,62,69,Hoboken,New Jersey,USA,Hoboken,New Jersey,USA,"Hoboken, Manhattan","New Jersey, New York",USA,06:00,00:00,7,0,0,100,7,FALSE,75,T-Shirt,Blue Green,,,,Blue,55,Shorts,Kelly Green,Dark Blue,,,Green,13,Slip-on Shoes,Electric Lime,,Moln,,Green,Blue,,Boxers,Blue,50,Black,Electric Lime,Nike,,Black,Glasses,Green,FALSE,,,,,,,,FALSE,,,,,,,,1,,Squash Pasta,Watermelon Salad,,Plantain Chips,,FALSE,TRUE,TRUE,TRUE,FALSE,FALSE,,,,,,7,8,,"Banana, Watermelon",Lettuce,,Ginger,,Solid leftovers,Best time of year for watermelon,,,,,,,,0,TRUE,TRUE,Warm,TRUE,TRUE,30,TRUE,30,22457,10.27,14,56,146,4356,"Frisbee, Basketball","90, 120","NJTransit Bus, NJTransit Bus, Subway, Subway",FALSE,FALSE,FALSE,"Jiwei, Kevin, Tharan, Wilson",SheetCheck,python,TRUE,TRUE,4,4,FALSE,Oblivion Remake,,FALSE,0,
2025-06-18,Wednesday,25,June,Cloudy,84,69,73,Hoboken,New Jersey,USA,Hoboken,New Jersey,USA,"Hoboken, Manhattan","New Jersey, New York",USA,10:00,23:00,10,0,0,100,7,TRUE,74,Mesh Polo,Mint Green,,Kohl's,,Green,56,Khaki Shorts,Emerald Green,,Dockers,,Green,22,Sneakers,Lime Green,White,Allbirds,,Green,Red,Blue,Boxers,Red,23,Electric Lime,Black,Stance,,Green,Contacts,,FALSE,,,,,,,,FALSE,,,,,,,,1,,Yogurt and Banana,Salmon Salad,,,,FALSE,TRUE,FALSE,TRUE,FALSE,FALSE,,,,Aubi & Ramsa,,5,9,10,Banana,,Salmon,Ginger,,Stomach still reeling a bit so ate something light again,Salmon is a top food,My favorite dessert in the city,,Netflix,Netflix,,Devil's Plan,Devil's Plan,2,FALSE,TRUE,Warm,FALSE,FALSE,0,FALSE,0,16473,7.49,6,56,128,3451,Frisbee,60,"NJTransit Bus, NJTransit Bus, Subway, Subway",FALSE,FALSE,FALSE,Jiwei,SheetCheck,python,TRUE,TRUE,2,3,FALSE,Oblivion Remake,,FALSE,0,
2025-06-19,Thursday,25,June,Sunny,89,70,86,Hoboken,New Jersey,USA,Hoboken,New Jersey,USA,"Hoboken, Manhattan","New Jersey, New York",USA,06:30,23:30,7.5,0,0,48,6,TRUE,76,Long Sleeve,Pastel Green,,American Eagle,,Green,48,Sweatpants,Gray,Red,Adidas,,Gray,5,Sandals,Forest Green,Orange,Adidas,,Green,Green,Red,Boxers,Green,32,Black,Electric Lime,Underarmour,,Black,Glasses,Green,TRUE,14,Cadmium Green,,Cap,MUD,,Green,FALSE,,,,,,,,1,,Salmon and Rice,Japanese Fish Waffle Cakes,,,,FALSE,TRUE,TRUE,TRUE,FALSE,FALSE,,,,Ice cream,,9,8,7,"Orange, Banana",,Salmon,,,Love salmon so much,I didn't feel like cooking something elaborate so I stuck these in the microwave,Free,,Netflix,Netflix,,Devil's Plan,Devil's Plan,2,FALSE,TRUE,Warm,TRUE,TRUE,15,TRUE,30,2083,0.99,0,56,123,2132,Frisbee,90,,FALSE,FALSE,FALSE,,SheetCheck,python,TRUE,TRUE,2,3,TRUE,Oblivion Remake,,FALSE,0,
2025-06-20,Friday,25,June,Sunny,83,68,75,Hoboken,New Jersey,USA,Hoboken,New Jersey,USA,Hoboken,New Jersey,USA,07:30,22:30,8,0,0,23,8,FALSE,66,Long Sleeve,Forest Green,,Harvard,Harvard Ultimate,Green,73,Shorts,Electric Lime,,Reebok,,Green,5,Sandals,Forest Green,Orange,Adidas,,Green,Turquoise,Magenta,Boxers,Blue,49,Black,Red,,Mortal Kombat,Black,Glasses,Green,TRUE,14,Cadmium Green,,Cap,MUD,,Green,FALSE,,,,,,,,1,,Lamb Quesadilla,"Mushroom Pizza, Shogun Shadowboxer",,Jalepeño Cheetos,,FALSE,TRUE,FALSE,FALSE,FALSE,FALSE,,,Tony Baloney's,,,8,9,,"Banana, Tomato, Bell Pepper","Mushroom, Onion","Chicken, Lamb",,,Been a while since I've whipped out the quesadilla,Very good pizza as always,,,,,,,,0,TRUE,TRUE,Warm,TRUE,TRUE,10,TRUE,30,13537,6,7,55,175,3292,Frisbee,90,,FALSE,FALSE,FALSE,"Jed, Tharan",SheetCheck,python,TRUE,TRUE,2,3,FALSE,"Mario Kart World, Oblivion Remake",,TRUE,3,"Beer, Beer, Beer"
2025-06-21,Saturday,25,June,Cloudy,87,71,81,Hoboken,New Jersey,USA,Hoboken,New Jersey,USA,Hoboken,New Jersey,USA,05:00,23:00,6.5,1,2,61,8,FALSE,33,Polo,Jungle Green,Light Blue,Kohl's,Bananas,Green,58,Golf Shorts,Lime Green,White,IZOD,,Green,11,Golf Shoes,White,Forest Green,Malbon,,White,Blue,Green,Boxers,Blue,53,Neon Green,,Stance,,Green,Glasses,Green,TRUE,21,Lime Green,,Cap,Black Mesa,Dragon,Green,FALSE,,,,,,,,1,,Lamb Salad,Chicken Sausage Burrito,,Jalepeño Cheetos,TJ's Fruit Jellies,FALSE,TRUE,TRUE,TRUE,FALSE,FALSE,,,,,,7,9,,"Jalepeño, Bell Pepper","Lettuce, Onion","Lamb, Chicken",,,Needed salad to offset the pizza,Gotta go through my perishable foods before Utah,,,,,,,,0,TRUE,TRUE,Warm,FALSE,FALSE,0,FALSE,0,15622,7.3,21,51,130,3720,Golf,253,,TRUE,FALSE,Lyft,"Jed, Tharan, Kevin",SheetCheck,python,TRUE,TRUE,1,2,FALSE,Oblivion Remake,,TRUE,2,"High Noon, High Noon"
2025-06-22,Sunday,26,June,Rain,94,74,78,Hoboken,New Jersey,USA,Hoboken,New Jersey,USA,Hoboken,New Jersey,USA,08:00,00:00,9,0,0,95,7,FALSE,77,T-Shirt,Kelly Green,Yellow,,SuperSonics,Green,42,Shorts,Purple,,And1,,Purple,1,Sneakers,Forest Green,Lime Green,Nike,Kobe,Green,White,Blue,Boxers,White,34,Forest Green,,Uniqlo,,Green,Glasses,Green,TRUE,9,Kelly Green,,Cap,,Atlanta,Green,FALSE,,,,,,,,1,,Lamb Salad,Pork Gyro Plate,,Cape Cod Spicy Chips,TJ's Fruit Jellies,FALSE,TRUE,TRUE,FALSE,FALSE,FALSE,,,Yia Yia's,,,7,8,,Tomato,"Lettuce, Onion","Lamb, Pork",,,Got rid of all the salad,Not as good as it usually is but still good,,,,,,,,0,FALSE,TRUE,Warm,TRUE,TRUE,10,TRUE,30,9483,4.39,19,47,108,2899,,,"NJTransit Bus, NJTransit Bus, Subway, Subway",FALSE,FALSE,FALSE,"Weezy, Joe, Tharan",SheetCheck,python,TRUE,TRUE,2,3,FALSE,,,FALSE,0,
2025-06-23,Monday,26,June,Sunny,98,80,94,Hoboken,New Jersey,USA,Hoboken,New Jersey,USA,Hoboken,New Jersey,USA,08:00,00:00,8,2,3,47,7,FALSE,21,T-Shirt,Kelly Green,Blue,Hoboken,Hoboken,Green,57,Shorts,Electric Lime,Jungle Green,Nike,Tropical Plants,Green,5,Sandals,Forest Green,Orange,Adidas,,Green,Green,,Boxers,Green,34,Forest Green,,Uniqlo,,Green,Glasses,Green,FALSE,,,,,,,,FALSE,,,,,,,,1,,Chicken Sausage Quesadilla,Cheesy Sweet Potato w/ Chicken Sausage,,Queso Trail Mix,TJ's Fruit Jellies,FALSE,TRUE,TRUE,TRUE,FALSE,FALSE,,,,,,8,9,,Bell Pepper,Sweet Potato,Chicken,,,Quesadilla always hits,"You can't go wrong with meat, sweet potato and cheese",,,,,,,,0,FALSE,TRUE,Hot,TRUE,TRUE,30,TRUE,30,10953,4.98,10,47,160,3123,,,,FALSE,FALSE,FALSE,,SheetCheck,python,TRUE,TRUE,2,3,TRUE,Oblivion Remake,,TRUE,2,"High Noon, High Noon"
2025-06-24,Tuesday,26,June,Sunny,100,81,92,Hoboken,New Jersey,USA,Hoboken,New Jersey,USA,"Hoboken, Manhattan","New Jersey, New York",USA,07:00,01:00,7,0,0,10,7,FALSE,26,Athletic Shirt,Blue,Grass Green,MUD,MUD,Blue,43,Shorts,Emerald Green,Neon Green,Nike,,Green,10,Sneakers,Black,Electric Lime,Nike,Curry,Black,Green,Blue,Boxers,Green,23,Electric Lime,Black,Stance,,Green,Glasses,Green,TRUE,14,Cadmium Green,,Cap,MUD,,Green,FALSE,,,,,,,,1,,Cheesy Sweet Potato w/ Chicken Sausage,Ham Sandwich,,Queso Trail Mix,TJ's Fruit Jellies,FALSE,TRUE,TRUE,TRUE,TRUE,FALSE,,,,,,9,9,,"Grape, Bell Pepper",Sweet Potato,Chicken,,,Great leftovers,Actually clutch sandwich,,,Fmovies,,,Rick and Morty,,0,FALSE,TRUE,Hot,TRUE,FALSE,0,TRUE,15,29798,13.87,17,49,171,4957,"Frisbee, Basketball","60, 120","NJTransit Bus, NJTransit Bus, Subway, Subway",FALSE,FALSE,FALSE,"Kevin, Wilson, Weezy, Tharan, Joe",SheetCheck,python,TRUE,TRUE,2,3,FALSE,Oblivion Remake,,TRUE,1,High Noon
2025-06-25,Wednesday,26,June,Sunny,85,61,82,Salt Lake City,Utah,USA,Salt Lake City,Utah,USA,"Hoboken, Salt Lake City","New Jersey, Utah",USA,05:00,01:00,4,1,2,39,10,FALSE,51,Button-Up Shirt,Jungle Green,White,American Eagle,Tropical Plants,Green,2,Joggers,Forest Green,,American Eagle,,Green,1,Sneakers,Forest Green,Lime Green,Nike,Kobe,Green,Green,Blue,Boxers,Green,32,Black,Electric Lime,Underarmour,,Black,Glasses,Green,TRUE,9,Kelly Green,,Cap,,Atlanta,Green,TRUE,9,Pistachio,,Hoodie,Costco,,Green,2,Cheesy Sweet Potato w/ Chicken Sausage,,Meat Lovers Pizza,,Fig Bar,"Sour Strawberry Rope, Gummy Blocks",FALSE,FALSE,FALSE,FALSE,FALSE,FALSE,,,,Domino's,8,,9,,Bell Pepper,Sweet Potato,"Chicken, Beef, Pork",,Great leftovers,,Domino's always hits,,,,,,,,0,FALSE,TRUE,Warm,FALSE,FALSE,0,FALSE,0,10180,4.7,12,49,135,3568,,,Airplane,TRUE,FALSE,Lyft,"Jackson, Brett",SheetCheck,python,TRUE,TRUE,3,3,TRUE,"Marvel Rivals, Fifa, Rocket League",,FALSE,0,
2025-06-26,Thursday,26,June,Sunny,92,63,73,Salt Lake City,Utah,USA,Salt Lake City,Utah,USA,Salt Lake City,Utah,USA,08:00,02:00,7,2,2,92,10,FALSE,74,Mesh Polo,Mint Green,,Kohl's,,Green,53,Jogger Shorts,White,Black,American Eagle,,White,1,Sneakers,Forest Green,Lime Green,Nike,Kobe,Green,Green,Red,Boxers,Green,34,Forest Green,,Uniqlo,,Green,Glasses,Green,TRUE,9,Kelly Green,,Cap,,Atlanta,Green,FALSE,,,,,,,,1,,Bacon Egg and Cheese Bagel,Spicy Chicken Pizza,,,,FALSE,FALSE,FALSE,FALSE,FALSE,FALSE,,,Bagel Project,Saltwater Pizza,,7,,,,,"Bacon, Egg, Chicken",,,Pre-golf bagel,Slackwater is a great pizza spot. Big fan,,,,,,,,0,FALSE,TRUE,Warm,FALSE,FALSE,0,FALSE,0,17287,7.93,15,62,146,4077,"Bowling, Pickleball","120, 60",,TRUE,FALSE,,"Scialabba, Brett, Jackson, Sam",,,TRUE,TRUE,2,3,FALSE,"Marvel Rivals, Fifa",Survivor Board Game,TRUE,5,
2025-06-27,Friday,26,June,Sunny,94,65,75,Salt Lake City,Utah,USA,Salt Lake City,Utah,USA,Salt Lake City,Utah,USA,09:00,00:00,7,0,0,100,10,FALSE,65,T-Shirt,Forest Green,White,American Eagle,Eagle,Green,57,Shorts,Electric Lime,Jungle Green,Nike,Tropical Plants,Green,1,Sneakers,Forest Green,Lime Green,Nike,Kobe,Green,Blue,Red,Boxers,Blue,3,Black,Neon Green,Stance,Space,Black,Glasses,Green,TRUE,9,Kelly Green,,Cap,,Atlanta,Green,FALSE,,,,,,,,1,,Blueberry Grilled Cheese,Burger and Mac and Cheese,,,,FALSE,FALSE,FALSE,FALSE,FALSE,FALSE,,,Delice,Fountain Cookout,,7,8,,Blueberry,Spinach,Beef,,,"Unique flavor, very underrated",cookout food,,,,,,,,0,FALSE,TRUE,Warm,FALSE,FALSE,0,FALSE,0,6568,3.09,5,57,116,2758,Basketball,90,,TRUE,FALSE,,"Scialabba, Brett, Jackson, Sam",,,TRUE,TRUE,2,3,FALSE,"Marvel Rivals, Fifa",,TRUE,4,
2025-06-28,Saturday,26,June,Sunny,92,66,78,Salt Lake City,Utah,USA,Salt Lake City,Utah,USA,Salt Lake City,Utah,USA,09:00,00:00,9,0,0,100,10,FALSE,119,Dress Shirt,White,,,,White,59,Dress Pants,Pastel Green,,Kohl's,,Green,21,Dress Shoes,Brown,,LL Bean,,Brown,Red,Green,Boxers,Red,53,Neon Green,,Stance,,Green,Contacts,,TRUE,9,Kelly Green,,Cap,,Atlanta,Green,TRUE,43,Pastel Green,,Blazer,Kohl's,,Green,2,,Pineapple Cheeseburger,Tacos and Guac,,,,FALSE,FALSE,FALSE,FALSE,FALSE,FALSE,,,Seven Brothers,Utah Natural History Museum,,9,9,,"Pineapple, Guacamole",Lettuce,"Beef, Chicken, Pork",,,Love me some tropical cheeseburgers,Best wedding food I've had,,,,,,,,0,FALSE,TRUE,Warm,FALSE,FALSE,0,FALSE,0,14032,6.43,11,52,129,3274,,,,TRUE,FALSE,,"Scialabba, Brett, Jackson, Sam",,,TRUE,TRUE,2,2,FALSE,"Marvel Rivals, Fifa",,TRUE,5,
2025-06-29,Sunday,27,June,Sunny,93,69,79,Salt Lake City,Utah,USA,Salt Lake City,Utah,USA,Salt Lake City,Utah,USA,09:00,02:00,9,0,0,100,8,FALSE,51,Button-Up Shirt,Jungle Green,White,American Eagle,Tropical Plants,Green,2,Joggers,Forest Green,,American Eagle,,Green,1,Sneakers,Forest Green,Lime Green,Nike,Kobe,Green,Green,,Boxers,Green,50,Black,Electric Lime,Nike,,Black,Glasses,Green,FALSE,,,,,,,,TRUE,9,Pistachio,,Hoodie,Costco,,Green,2,,Double Cheeseburger,Chicken Quesadilla,,,,FALSE,FALSE,FALSE,FALSE,FALSE,FALSE,,,Utah Zoo,Taco Bell,,7,7,,,Lettuce,"Chicken, Beef",,,I've eaten a lot of cheeseburgers lately,Good quesadilla,,,,,,,,0,FALSE,TRUE,Warm,FALSE,FALSE,0,FALSE,0,14350,6.67,22,52,110,3129,,,Airplane,TRUE,FALSE,Lyft,"Scialabba, Brett, Sam",,,TRUE,TRUE,2,3,FALSE,Marvel Rivals,,TRUE,4,
2025-06-30,Monday,27,June,Partly Cloudy,92,72,80,Hoboken,New Jersey,USA,Hoboken,New Jersey,USA,Hoboken,New Jersey,USA,07:00,23:00,5,2,2,54,7,FALSE,21,T-Shirt,Kelly Green,Blue,Hoboken,Hoboken,Green,24,Joggers,White,Black,American Eagle,,White,6,Sandals,Electric Lime,Black,Nike,,Green,Green,White,Boxers,Green,,,,,,,Glasses,Green,FALSE,,,,,,,,FALSE,,,,,,,,1,,Sushi,Shrimp Noodles,,,,FALSE,TRUE,FALSE,TRUE,FALSE,FALSE,,,,,,7,8,,,,Shrimp,,,Good sushi,Favorite TJ item,,,Hulu,Hulu,,The Bear,The Bear,0,FALSE,TRUE,Warm,TRUE,FALSE,0,FALSE,30,6330,2.87,0,58,102,2444,,,,FALSE,FALSE,,,,,TRUE,TRUE,2,2,FALSE,Marvel Rivals,,FALSE,0,
2025-07-01,Tuesday,27,June,Partly Cloudy,92,73,83,Hoboken,New Jersey,USA,Hoboken,New Jersey,USA,Hoboken,New Jersey,USA,08:00,00:00,9,1,1,12,6,FALSE,78,Polo,Cerulean,,High Tide,Turtle,Blue,49,Shorts,Light Green,,allinmotion,,Green,10,Sneakers,Black,Electric Lime,Nike,Curry,Black,Green,Blue,Boxers,Green,2,Green,Blue,Nintendo,Luigi,Green,Glasses,Green,TRUE,14,Cadmium Green,,Cap,MUD,,Green,FALSE,,,,,,,,1,,Shrimp Noodles,Pizza,,,TJ's Fruit Jellies,FALSE,TRUE,TRUE,FALSE,FALSE,FALSE,,,,Rosario's,,8,8,,,,"Shrimp, Chicken",,,Favorite TJ item,Rosario's Pizza hits,,,Hulu,Hulu,,The Bear,The Bear,1,TRUE,TRUE,Warm,TRUE,FALSE,0,FALSE,30,5662,2.54,3,54,113,2462,,,,FALSE,FALSE,,,SheetCheck,python,TRUE,TRUE,2,3,FALSE,Marvel Rivals,,FALSE,0,
2025-07-02,Wednesday,27,July,Sunny,92,72,82,Hoboken,New Jersey,USA,Hoboken,New Jersey,USA,Hoboken,New Jersey,USA,08:00,02:30,8,1,1,100,8,FALSE,48,Athletic Shirt,Electric Lime,,Harvard,Harvard,Green,43,Shorts,Emerald Green,Neon Green,Nike,,Green,13,Slip-on Shoes,Electric Lime,,Moln,,Green,Black,Blue,Boxers,Black,23,Electric Lime,Black,Stance,,Green,Glasses,Green,FALSE,,,,,,,,FALSE,,,,,,,,1,,,Jerk Chicken Wrap,,,TJ's Fruit Jellies,FALSE,FALSE,FALSE,TRUE,FALSE,FALSE,,,,,,,7,,,Lettuce,Chicken,,,,Needed something quick since I was playing frisbee later,,,,,,,,0,FALSE,TRUE,Warm,FALSE,TRUE,30,FALSE,0,11385,5.17,6,55,161,3268,Frisbee,120,,TRUE,FALSE,Lyft,,SheetCheck,python,TRUE,TRUE,2,3,FALSE,Marvel Rivals,,FALSE,0,
2025-07-03,Thursday,27,July,Cloudy,85,71,76,Hoboken,New Jersey,USA,Norcross,Georgia,USA,"Hoboken, Norcross",New Jersey,USA,06:30,00:00,4,2,2,73,8,FALSE,24,T-Shirt,Lime Green,Red,Nintendo,Bowser Jr.,Green,20,Joggers,Olive Green,,American Eagle,,Green,3,Slip-on Shoes,Matcha Green,,Moln,,Green,Green,Magenta,Boxers,Green,57,Black,Forest Green,Harry Potter,Slytherin,Black,Glasses,Green,TRUE,15,Kelly Green,,Cap,Portugal,Portugal,Green,FALSE,,,,,,,,1,Egg and Bacon Breakfast Burrito,Chicken Platter,Jerk Turkey Sub,,,TJ's Fruit Jellies,FALSE,FALSE,FALSE,FALSE,FALSE,FALSE,,,Zaxby's,Publix,,9,9,,Bell Pepper,"Lettuce, Tomato","Chicken, Turkey",,much needed food before flight,Zaxby's so brrrrrrr,Publix sub very good,,,,,,,,0,FALSE,TRUE,Warm,FALSE,FALSE,0,FALSE,0,10854,4.84,4,53,112,2910,,,Airplane,TRUE,FALSE,Lyft,"Mom, Dad, Matthew, Sam C.",SheetCheck,python,TRUE,TRUE,2,3,FALSE,,,TRUE,1,Mojito
2025-07-04,Friday,27,July,Sunny,90,72,88,Norcross,Georgia,USA,Norcross,Georgia,USA,Norcross,Georgia,USA,10:00,00:00,10,0,0,32,8,FALSE,79,Athletic Shirt,Lime Green,,Nike,,Green,1,Pajama Pants,Light Blue,White,Star Wars,Baby Yoda,Blue,3,Slip-on Shoes,Matcha Green,,Moln,,Green,Green,,Boxers,Green,53,Neon Green,,Stance,,Green,Glasses,Green,FALSE,,,,,,,,FALSE,,,,,,,,1,,Blueberry Pancakes w/ Bacon,Hotdog and Turkey Burger,,Popcorn,"TJ's Fruit Jellies, Scandanavian Sour Swimmers",FALSE,FALSE,FALSE,FALSE,FALSE,FALSE,,,,,,9,9,,Blueberry,,"Bacon, Turkey, Beef",,,The classic,Cookout food,,,,,,,,0,FALSE,TRUE,Warm,FALSE,FALSE,0,FALSE,0,1894,0.87,0,49,90,2151,,,,TRUE,FALSE,,"Mom, Dad, Matthew",SheetCheck,python,TRUE,TRUE,2,3,FALSE,,,FALSE,0,
2025-07-05,Saturday,27,July,Sunny,92,71,85,Norcross,Georgia,USA,Norcross,Georgia,USA,Norcross,Georgia,USA,10:00,00:00,10,1,1,89,8,FALSE,1,T-Shirt,Lime Green,Crimson,,Harvantis,Green,4,Joggers,Cadmium Green,,,,Green,3,Slip-on Shoes,Matcha Green,,Moln,,Green,Blue,Black,Boxers,Blue,45,White,Green,Nintendo,Yoshi,White,Glasses,Green,TRUE,15,Kelly Green,,Cap,Portugal,Portugal,Green,FALSE,,,,,,,,1,,Blueberry Pancakes w/ Bacon,Turkey Burgers,,"Chips, Skinny Pop",TJ's Fruit Jellies,FALSE,FALSE,FALSE,FALSE,FALSE,FALSE,,,,,,9,9,,Blueberry,,"Bacon, Turkey",,,The classic,Cookout food,,,,,,,,0,FALSE,TRUE,Warm,FALSE,FALSE,0,FALSE,0,5292,2.44,2,52,95,2435,,,,TRUE,FALSE,,"Mom, Dad, Matthew",,,TRUE,TRUE,3,4,FALSE,,,FALSE,0,
2025-07-06,Sunday,28,July,Cloudy,90,71,86,Norcross,Georgia,USA,Norcross,Georgia,USA,Norcross,Georgia,USA,11:00,00:00,11,1,1,40,8,FALSE,80,T-Shirt,Electric Lime,,Amazon,Amazon,Green,60,Shorts,Forest Green,Gray,,,Green,3,Slip-on Shoes,Matcha Green,,Moln,,Green,Green,Red,Boxers,Green,2,Green,Blue,Nintendo,Luigi,Green,Glasses,Green,TRUE,15,Kelly Green,,Cap,Portugal,Portugal,Green,FALSE,,,,,,,,1,,Waffles,Mango Salmon,,"Chips, Skinny Pop",TJ's Fruit Jellies,FALSE,FALSE,FALSE,FALSE,FALSE,FALSE,,,,,,7,8,,"Mango, Avocado, Bell Pepper, Plantains",,Salmon,,,The classic waffles,Really good cuban salmon,,,,,,,,0,FALSE,TRUE,Warm,FALSE,FALSE,0,FALSE,0,1685,0.8,0,50,84,2064,,,,TRUE,FALSE,,"Mom, Dad, Matthew",CWS,python,TRUE,TRUE,3,4,FALSE,,,FALSE,0,
2025-07-07,Monday,28,July,Sunny,93,72,93,Norcross,Georgia,USA,Norcross,Georgia,USA,Norcross,Georgia,USA,10:00,23:00,10,0,0,59,8,FALSE,79,Athletic Shirt,Lime Green,,Nike,,Green,20,Joggers,Olive Green,,American Eagle,,Green,3,Slip-on Shoes,Matcha Green,,Moln,,Green,Green,,Boxers,Green,53,Neon Green,,Stance,,Green,Glasses,Green,FALSE,,,,,,,,FALSE,,,,,,,,1,,Hamburger and Turkey Burger,Salmon and Carrot,,Skinny Pop,Scandanavian Sour Swimmers,FALSE,FALSE,FALSE,FALSE,FALSE,FALSE,,,,,,8,9,,,Carrot,"Turkey, Beef, Salmon",,,Leftovers from cookout,Homecooked salmon,,,,,,,,0,FALSE,TRUE,Warm,FALSE,FALSE,0,FALSE,0,6984,2.94,7,49,124,2644,Golf,60,,TRUE,FALSE,,"Mom, Dad",CWS,python,TRUE,TRUE,2,3,FALSE,,,FALSE,0,
2025-07-08,Tuesday,28,July,Cloudy,95,76,80,Norcross,Georgia,USA,Hoboken,New Jersey,USA,Hoboken,"Georgia, New Jersey",USA,07:00,02:00,8,1,1,93,7,FALSE,42,T-Shirt,Blue,Lime Green,,T-Rex,Blue,20,Joggers,Olive Green,,American Eagle,,Green,3,Slip-on Shoes,Matcha Green,,Moln,,Green,Green,,Boxers,Green,53,Neon Green,,Stance,,Green,Glasses,Green,TRUE,15,Kelly Green,,Cap,Portugal,Portugal,Green,TRUE,44,Navy Blue,,Hoodie,ATL Fifa Club World Cup,,Blue,2,,Waffles,Mole Burrito,,Skinny Pop,"TJ's Fruit Jellies, Hot Tamales, Hot Tamales, Hot Tamales",FALSE,FALSE,FALSE,TRUE,FALSE,FALSE,,,,,,8,8,,,,Chicken,,,The classic waffles,Pretty good just kinda threw this together,,,,,,,,0,FALSE,TRUE,Warm,TRUE,TRUE,30,TRUE,30,5649,2.55,1,49,102,2697,,,Airplane,TRUE,FALSE,Lyft,"Mom, Jiwei","SheetCheck, CWS",python,TRUE,TRUE,2,3,FALSE,Marvel Rivals,,FALSE,0,
2025-07-09,Wednesday,28,July,Cloudy,92,74,91,Hoboken,New Jersey,USA,Hoboken,New Jersey,USA,Hoboken,New Jersey,USA,09:00,00:00,7,0,0,73,5,FALSE,49,Athletic Shirt,Dark Green,,,,Green,41,Sweatpants,Black,Electric Lime,Adidas,,Black,5,Sandals,Forest Green,Orange,Adidas,,Green,Green,Blue,Boxers,Green,,,,,,,Glasses,Green,FALSE,,,,,,,,FALSE,,,,,,,,1,,Mole and Rice,Shrimp Gyozas,,,TJ's Fruit Jellies,FALSE,TRUE,TRUE,TRUE,FALSE,FALSE,,,,,,8,9,,,"Corn, Carrot, Cauliflour","Chicken, Shrimp",,,Good!,I didn't add sauce to these this time and they were very very good,,,Fmovies,Fmovies,,Rick and Morty,Love Island USA,0,FALSE,TRUE,Warm,TRUE,FALSE,0,TRUE,30,18701,8.57,5,53,174,4207,Frisbee,120,,TRUE,FALSE,,Jiwei,CWS,python,TRUE,TRUE,2,3,FALSE,Marvel Rivals,,FALSE,0,
2025-07-10,Thursday,28,July,Cloudy,85,71,85,Hoboken,New Jersey,USA,Hoboken,New Jersey,USA,Hoboken,New Jersey,USA,08:00,01:00,8,0,0,91,6,FALSE,8,T-Shirt,Lime Green,Blue,Nike,Tribal,Green,41,Sweatpants,Black,Electric Lime,Adidas,,Black,6,Sandals,Electric Lime,Black,Nike,,Green,Purple,,Boxers,Purple,,,,,,,Glasses,Green,FALSE,,,,,,,,FALSE,,,,,,,,1,,Shrimp Gyozas,"Beef and Carrot, Cauliflour, Corn",,,TJ's Fruit Jellies,FALSE,TRUE,TRUE,TRUE,FALSE,FALSE,,,,,,9,9,,Jalepeño,"Corn, Carrot, Cauliflour","Shrimp, Beef",,,Great leftovers,The beef paired well with the corn and I used the Jalepeño sauce,,,,,,,,0,FALSE,TRUE,Warm,FALSE,FALSE,0,FALSE,0,6903,3.21,0,53,102,2728,,,,FALSE,FALSE,,Jiwei,"SheetCheck, CWS",python,TRUE,TRUE,2,3,TRUE,Marvel Rivals,,FALSE,0,
2025-07-11,Friday,28,July,Cloudy,88,72,78,Hoboken,New Jersey,USA,Hoboken,New Jersey,USA,Hoboken,New Jersey,USA,06:00,00:00,5,1,1,47,7,FALSE,67,Athletic Shirt,Mint Green,,,,Green,43,Shorts,Emerald Green,Neon Green,Nike,,Green,6,Sandals,Electric Lime,Black,Nike,,Green,Green,Black,Boxers,Green,35,Dark Green,Gold,Stance,Donavon Mitchell,Green,Glasses,Green,TRUE,14,Cadmium Green,,Cap,MUD,,Green,FALSE,,,,,,,,1,,"Beef and Carrot, Cauliflour, Corn",Banana and Cereal Bar,,,,FALSE,TRUE,TRUE,TRUE,FALSE,FALSE,,,,,,9,6,,Jalepeño,"Corn, Carrot, Cauliflour",Beef,,,Great leftovers,I was in the zone and I didn't want to cook,,,Fmovies,,,Love Island USA,,0,FALSE,TRUE,Warm,FALSE,TRUE,30,FALSE,0,6920,3.22,1,50,149,2859,Frisbee,90,,FALSE,FALSE,,Jiwei,"SheetCheck, CWS",python,TRUE,TRUE,2,3,FALSE,Marvel Rivals,,FALSE,0,
2025-07-12,Saturday,28,July,Cloudy,87,73,86,Hoboken,New Jersey,USA,Hoboken,New Jersey,USA,Hoboken,New Jersey,USA,08:00,00:00,8,0,0,24,8,FALSE,81,T-Shirt,Pastel Green,H&M,,,Green,51,Golf Shorts,Forest Green,White,,Sailboats,Green,7,Sneakers,Black,Kelly Green,Adidas,Lego,Black,Green,Red,Boxers,Green,57,Black,Forest Green,Harry Potter,Slytherin,Black,Contacts,,FALSE,,,,,,,,FALSE,,,,,,,,1,,Chicken Sausage Mac and Cheese,"Oyster, Fried Chicken, Shisito Bell Pepper",,,,FALSE,TRUE,FALSE,TRUE,FALSE,FALSE,,,,,,10,10,,Jalepeño,,"Chicken, Oyster",,,Very simple and very effective meal,Never a bad meal when Oyster are involved,,,,,,,,0,FALSE,TRUE,Hot,TRUE,TRUE,30,TRUE,30,19869,9.18,15,47,154,3795,,,"NJTransit Bus, NJTransit Bus, Subway, Subway",FALSE,FALSE,,Jiwei,"SheetCheck, CWS",python,TRUE,TRUE,2,3,FALSE,Marvel Rivals,,FALSE,0,
2025-07-13,Sunday,29,July,Cloudy,85,75,80,Hoboken,New Jersey,USA,Hoboken,New Jersey,USA,Hoboken,New Jersey,USA,08:00,00:00,8,0,0,73,7,FALSE,82,T-Shirt,Electric Lime,Black,,Batman,Green,41,Sweatpants,Black,Electric Lime,Adidas,,Black,3,Slip-on Shoes,Matcha Green,,Moln,,Green,Green,,Boxers,Green,32,Black,Electric Lime,Underarmour,,Black,Glasses,Green,FALSE,,,,,,,,TRUE,33,Cadmium Green,,Sun Hoodie,,,Green,2,,Chicken Sausage w/ Rice,Turkey Bacon Sandwich,,Plaintain Chips,,FALSE,TRUE,FALSE,FALSE,FALSE,FALSE,,,,Sandwell,,8,9,,Shisito Pepper,Lettuce,"Turkey, Bacon, Chicken",,,,,,,,,,,,0,FALSE,TRUE,Hot,FALSE,FALSE,0,FALSE,0,13413,6.06,8,49,101,2922,,,"NJTransit Bus, NJTransit Bus, Subway, Subway",FALSE,FALSE,,"Jiwei, Joe, Claire",,,TRUE,TRUE,2,3,FALSE,Marvel Rivals,,FALSE,0,
2025-07-14,Monday,29,July,Rain,87,71,74,Hoboken,New Jersey,USA,Hoboken,New Jersey,USA,Hoboken,New Jersey,USA,07:00,01:00,7,1,1,11,7,FALSE,83,T-Shirt,Moss Green,,,,Green,7,Sweatpants,Gray,Crimson,Quincy,Quincy,Gray,5,Sandals,Forest Green,Orange,Adidas,,Green,Red,Blue,Boxers,Red,,,,,,,Glasses,Green,FALSE,,,,,,,,FALSE,,,,,,,,1,,Yogurt and Banana,Salmon Salad,,Fruit Bar,Wintergreen Tic Tacs,FALSE,TRUE,TRUE,TRUE,FALSE,FALSE,,,,,,6,8,,Banana,Lettuce,Salmon,,,NJTransit Busy week so didn't have to make lunch,,,,,,,,,0,FALSE,FALSE,,FALSE,FALSE,0,FALSE,0,2674,1.24,0,47,125,2415,,,,FALSE,FALSE,,Jiwei,"SheetCheck, CWS",python,TRUE,TRUE,2,3,FALSE,Marvel Rivals,,FALSE,0,
2025-07-15,Tuesday,29,July,Partly Cloudy,86,76,78,Hoboken,New Jersey,USA,Hoboken,New Jersey,USA,"Hoboken, Manhattan","New Jersey, New York",USA,07:00,00:00,6,1,1,30,7,FALSE,84,T-Shirt,Cerulean,Lime Green,,T-Rexy,Blue,49,Shorts,Light Green,,allinmotion,,Green,3,Slip-on Shoes,Matcha Green,,Moln,,Green,Blue,Green,Boxers,Blue,53,Neon Green,,Stance,,Green,Glasses,Green,FALSE,,,,,,,,FALSE,,,,,,,,1,,Salmon Salad,Soup Dumpling with Rice,,Fruit Bar,Wintergreen Tic Tacs,FALSE,TRUE,TRUE,TRUE,FALSE,FALSE,,,,,,8,7,,Banana,,"Salmon, Pork",,,,,,,,,,,,0,FALSE,TRUE,Hot,TRUE,TRUE,30,TRUE,30,18014,8.27,17,47,190,3789,"Frisbee, Climbing","90, 60","NJTransit Bus, NJTransit Bus, Subway, Subway",FALSE,FALSE,,"Jiwei, Wilson, Joe, Chloe, Elaine","SheetCheck, CWS",python,TRUE,TRUE,2,3,TRUE,Marvel Rivals,,FALSE,0,
2025-07-16,Wednesday,29,July,Sunny,89,77,90,Hoboken,New Jersey,USA,Hoboken,New Jersey,USA,Hoboken,New Jersey,USA,10:00,01:00,10,1,1,23,7,FALSE,85,T-Shirt,Dark Green,Electric Lime,American Eagle,American Eagle,Green,43,Shorts,Emerald Green,Neon Green,Nike,,Green,3,Slip-on Shoes,Matcha Green,,Moln,,Green,Green,White,Boxers,Green,23,Electric Lime,Black,Stance,,Green,Glasses,Green,TRUE,14,Cadmium Green,,Cap,MUD,,Green,FALSE,,,,,,,,1,,Yogurt and Banana,Steak and Broccoli Sandwich,,Fruit Bar,Wintergreen Tic Tacs,FALSE,TRUE,FALSE,TRUE,FALSE,FALSE,,,,,,7,10,,"Banana, Jalepeño",Broccoli,Beef,,,Same reason as before,I actually went crazy with this recipe,,,,,,,,0,FALSE,TRUE,Hot,FALSE,FALSE,0,FALSE,0,14387,6.62,4,49,178,3796,Frisbee,90,,TRUE,FALSE,,"Jiwei, Chloe, Elaine","Nextplay Nutrition, SheetCheck",python,TRUE,TRUE,2,3,TRUE,Marvel Rivals,,FALSE,0,
2025-07-17,Thursday,29,July,Cloudy,92,76,79,Hoboken,New Jersey,USA,Hoboken,New Jersey,USA,Hoboken,New Jersey,USA,07:00,00:00,6,1,1,100,7,FALSE,21,T-Shirt,Kelly Green,Blue,Hoboken,Hoboken,Green,61,Sweatpants,Black,Pink,VCU,Axolotls,Black,6,Sandals,Electric Lime,Black,Nike,,Green,Green,Blue,Boxers,Green,,,,,,,Glasses,Green,TRUE,14,Cadmium Green,,Cap,MUD,,Green,FALSE,,,,,,,,1,,Shrimp Sushi,Steak and Broccoli Sandwich,,"Plaintain Chips, Ritz Crackers",TJ's Fruit Jellies,FALSE,TRUE,FALSE,TRUE,TRUE,FALSE,,,,,,8,10,,"Jalepeño, Banana",Broccoli,"Shrimp, Beef",,,Good sushi,I ran it back because it was so good,,,,,,,,0,FALSE,TRUE,Hot,TRUE,TRUE,30,TRUE,30,15417,7.25,3,46,180,3338,Frisbee,90,,FALSE,FALSE,,Jiwei,"Nextplay Nutrition, SheetCheck",python,TRUE,TRUE,2,3,FALSE,Marvel Rivals,,FALSE,0,
2025-07-18,Friday,29,July,Cloudy,84,74,72,Hoboken,New Jersey,USA,Hoboken,New Jersey,USA,Hoboken,New Jersey,USA,07:00,00:00,7,0,0,40,7,FALSE,50,Button-Up Shirt,Dark Green,Neon Green,,,Green,62,Shorts,Black,White,BRed Line,Toast,Black,6,Sandals,Electric Lime,Black,Nike,,Green,Green,Black,Boxers,Green,,,,,,,Contacts,,TRUE,14,Cadmium Green,,Cap,MUD,,Green,FALSE,,,,,,,,1,,Steak and Broccoli Sandwich,Cheesy Sweet Potato w/ Pork Belly,,,TJ's Fruit Jellies,FALSE,TRUE,FALSE,TRUE,TRUE,FALSE,,,,,,10,9,,"Jalepeño, Banana","Broccoli, Sweet Potato, Spinach","Beef, Pork",,,I ran it back because it was so good 2x,Looks like I have my meal for the week haha,,,,,,,,0,FALSE,TRUE,Hot,TRUE,FALSE,0,TRUE,30,12947,5.97,11,55,91,2482,Frisbee,90,,FALSE,FALSE,,Jiwei,"Nextplay Nutrition, SheetCheck",python,TRUE,TRUE,2,3,FALSE,Marvel Rivals,,FALSE,0,
2025-07-19,Saturday,29,July,Partly Cloudy,84,68,72,Hoboken,New Jersey,USA,Hoboken,New Jersey,USA,Hoboken,New Jersey,USA,07:00,00:00,7,0,0,13,8,FALSE,15,Athletic Shirt,Lime Green,Dark Green,MUD,Summer Ultmate,Green,47,Shorts,Emerald Green,White,Adidas,,Green,7,Sneakers,Black,Kelly Green,Adidas,Lego,Black,Green,Black,Boxers,Green,7,Kelly Green,,Nike,Santa,Green,Contacts,,TRUE,14,Cadmium Green,,Cap,MUD,,Green,FALSE,,,,,,,,1,,Cheesy Sweet Potato w/ Pork Belly,Pork Shumai,,,TJ's Fruit Jellies,FALSE,TRUE,TRUE,TRUE,FALSE,FALSE,,,,,,9,9,,"Jalepeño, Banana","Sweet Potato, Spinach",Pork,,,Really good,Really good,,,,,,Squid Game,Squid Game,1,FALSE,TRUE,Warm,FALSE,FALSE,0,FALSE,0,11055,5.06,3,,,3231,Frisbee,180,,TRUE,FALSE,,Jiwei,"Nextplay Nutrition, CWS",python,TRUE,TRUE,2,3,FALSE,Marvel Rivals,,FALSE,0,
2025-07-20,Sunday,30,July,Partly Cloudy,89,75,80,Hoboken,New Jersey,USA,Hoboken,New Jersey,USA,"Hoboken, Manhattan","New Jersey, New York",USA,08:00,03:00,8,1,1,36,7,FALSE,86,Button-Up Shirt,Seafoam Green,Pink,Urban Outfitters,Flamingo,Green,63,Shorts,Dark Blue,Jungle Green,,Tropical Plants,Blue,15,Sneakers,White,Turquoise,Allbirds,,White,Green,,Boxers,Green,17,Jungle Green,White,Stance,Snakes,Green,Contacts,,FALSE,,,,,,,,FALSE,,,,,,,,1,,Cheesy Sweet Potato w/ Pork Belly,Egg and Sausage Croissantwich,,,Fruit Snacks,FALSE,TRUE,TRUE,FALSE,FALSE,FALSE,,,,Dunkin Donuts,,9,7,,"Jalepeño, Banana","Sweet Potato, Spinach","Egg, Beef, Pork",,,Really good,Didn't feel cooking,,,,,,,,0,FALSE,TRUE,Hot,TRUE,TRUE,30,TRUE,30,23765,10.77,19,68,75,3745,,,"NJTransit Bus, NJTransit Bus, Subway, Subway",FALSE,FALSE,,Jiwei,"Nextplay Nutrition, CWS",python,TRUE,TRUE,3,4,FALSE,Marvel Rivals,,FALSE,0,
2025-07-21,Monday,30,July,Sunny,85,69,74,Hoboken,New Jersey,USA,Hoboken,New Jersey,USA,Hoboken,New Jersey,USA,08:00,23:00,5,1,1,9,9,FALSE,39,T-Shirt,Dark Green,Light Blue,Beaver Creek,Beaver Creek,Green,5,Sweatpants,Chartreuse,,Adidas,Emojis,Green,6,Sandals,Electric Lime,Black,Nike,,Green,Green,Blue,Boxers,Green,,,,,,,Glasses,Green,FALSE,,,,,,,,FALSE,,,,,,,,1,,Cheesy Sweet Potato w/ Pork Belly,,,Corn Bugles,Fruit Snacks,FALSE,TRUE,TRUE,FALSE,FALSE,FALSE,,,,,,9,,,Banana,"Sweet Potato, Spinach",Pork,,,Really good,,,,,,,,,0,FALSE,TRUE,Warm,TRUE,TRUE,30,TRUE,30,19728,8.71,30,47,167,3947,Golf,129,,TRUE,FALSE,Lyft,"Jiwei, Kevin, Joe",,,TRUE,TRUE,3,4,FALSE,"Marvel Rivals, Ultimate Chicken Horse, Big Brain Academy: Brain vs. Brain",,FALSE,0,
2025-07-22,Tuesday,30,July,Sunny,82,67,73,Hoboken,New Jersey,USA,Hoboken,New Jersey,USA,"Hoboken, Manhattan","New Jersey, New York",USA,07:00,00:00,8,0,0,51,8,FALSE,87,Athletic Shirt,Light Blue,Pink,VCU,Axolotls,Blue,64,Shorts,Emerald Green,Navy,Nike,,Green,10,Sneakers,Black,Electric Lime,Nike,Curry,Black,Red,Green,Boxers,Red,22,Black,Green,Nike,,Black,Glasses,Green,TRUE,14,Cadmium Green,,Cap,MUD,,Green,FALSE,,,,,,,,1,,Taboulah Sandwich w/ Salad,Chicken Sausage w/ Yogurt,,Jalepeño Ruffles,,FALSE,FALSE,FALSE,TRUE,FALSE,FALSE,,Lebanese Restaurant near Vital,,,,9,7,,Avocado,"Spinach, Kale, Lettuce, Olives","Lamb, Chicken",,,Exceptional value. You get so much food for your buck and it's all good,Alright,,,,,,,,0,FALSE,TRUE,Warm,TRUE,FALSE,0,TRUE,30,26977,12.48,41,49,167,4743,"Frisbee, Basketball, Climbing","90, 120, 180","NJTransit Bus, NJTransit Bus, Subway, Subway",FALSE,FALSE,,"Jiwei, Kevin, Wilson, Joe, Weezy, Jordan",Nextplay Nutrition,python,TRUE,TRUE,2,3,FALSE,Marvel Rivals,,FALSE,0,
2025-07-23,Wednesday,30,July,Partly Cloudy,81,69,75,Hoboken,New Jersey,USA,Hoboken,New Jersey,USA,Hoboken,New Jersey,USA,08:00,00:00,8,0,0,83,7,FALSE,48,Athletic Shirt,Electric Lime,,Harvard,Harvard,Green,61,Sweatpants,Black,Pink,VCU,Axolotls,Black,3,Slip-on Shoes,Matcha Green,,Moln,,Green,Blue,Red,Boxers,Blue,23,Electric Lime,Black,Stance,,Green,Contacts,,TRUE,14,Cadmium Green,,Cap,MUD,,Green,FALSE,,,,,,,,1,,Steak and Stout Pie,Orange Chicken w/ Broccoli,,,TJ's Fruit Jellies,FALSE,TRUE,FALSE,TRUE,FALSE,FALSE,,,,,,8,8,,Banana,"Carrot, Potato","Chicken, Steak",,,"I will get these again, shephard's pie is very good",Orange chicken with chik-fil-a sauce was something I didn't know I needed in my life,,,,,,,,0,FALSE,TRUE,Warm,FALSE,TRUE,30,FALSE,0,10951,5.09,10,48,149,3346,Frisbee,120,,TRUE,FALSE,,Jiwei,Nextplay Nutrition,python,TRUE,TRUE,1,2,FALSE,Marvel Rivals,,FALSE,0,
2025-07-24,Thursday,30,July,Partly Cloudy,87,75,79,Hoboken,New Jersey,USA,Hoboken,New Jersey,USA,Hoboken,New Jersey,USA,08:00,20:00,8,1,1,62,7,FALSE,,,,,,,,57,Shorts,Electric Lime,Jungle Green,Nike,Tropical Plants,Green,5,Sandals,Forest Green,Orange,Adidas,,Green,Green,,Boxers,Green,,,,,,,Glasses,Green,FALSE,,,,,,,,TRUE,9,Pistachio,,Hoodie,Costco,,Green,1,,Orange Chicken w/ Broccoli,Steak and Stout Pie,,,TJ's Fruit Jellies,FALSE,TRUE,TRUE,TRUE,FALSE,FALSE,,,,,,8,8,,Banana,"Carrot, Potato","Chicken, Steak",,,Orange chicken with chik-fil-a sauce was something I didn't know I needed in my life,I had the same meals just reversed haha,,,,,,,,0,FALSE,FALSE,,FALSE,FALSE,0,FALSE,0,9289,4.43,0,46,147,2964,Frisbee,90,,FALSE,FALSE,,Jiwei,Nextplay Nutrition,python,TRUE,TRUE,2,3,FALSE,,,FALSE,0,
2025-07-25,Friday,30,July,Sunny,95,74,73,Hoboken,New Jersey,USA,Wildwood,New Jersey,USA,"Hoboken, Wildwood",New Jersey,USA,05:30,00:00,9.5,0,0,29,7,FALSE,62,Polo,Lime Green,,Nautica,,Green,65,Golf Shorts,Light Sea Green,,,,Green,11,Golf Shoes,White,Forest Green,Malbon,,White,Green,,Boxers,Green,29,Lime Green,Black,Polo,,Green,Glasses,Green,TRUE,21,Lime Green,,Cap,Black Mesa,Dragon,Green,FALSE,,,,,,,,1,,Orange Chicken w/ Broccoli,Steak Quesadilla,,,TJ's Fruit Jellies,FALSE,TRUE,TRUE,FALSE,FALSE,FALSE,,,,Taco Place,,7,8,,Watermelon,,,,,Solid,First meal of wildwood,,,,,,,,0,FALSE,TRUE,Hot,TRUE,TRUE,30,TRUE,30,18842,9.94,15,44,76,3512,Golf,129,,TRUE,FALSE,Lyft,Jiwei,Nextplay Nutrition,python,TRUE,TRUE,1,1,FALSE,,,TRUE,2,"Beer, Beer"
2025-07-26,Saturday,30,July,Partly Cloudy,79,73,75,Wildwood,New Jersey,USA,Wildwood,New Jersey,USA,"Hoboken, Wildwood",New Jersey,USA,07:00,02:00,7,0,0,100,9,FALSE,88,Pinnie,Blue,White,Alcolotls,Alcolotls,Blue,66,Swim Trunks,Emerald Green,,,,Green,5,Sandals,Forest Green,Orange,Adidas,,Green,Blue,Red,Boxers,Blue,,,,,,,Contacts,,TRUE,14,Cadmium Green,,Cap,MUD,,Green,FALSE,,,,,,,,1,Fruit Salad,$5 Pizza,Cowboy Burger,,,Fruit Snacks,FALSE,FALSE,FALSE,FALSE,FALSE,FALSE,,Wawa,Wildwood Pizza Place,,,6,7,,"Grape, Cantelope, Pineapple, Honeydew",Lettuce,"Beef, Chicken",,Fruit is so clutch,Got scammed by the boardwalk,Solid burger,,,,,,,,0,FALSE,TRUE,Warm,FALSE,FALSE,0,FALSE,0,10792,5.77,5,,,2797,Frisbee,180,,TRUE,FALSE,,Jiwei,,,TRUE,TRUE,3,4,FALSE,,,TRUE,10,"Fireball, Fireball, Fireball, Fireball, Rum, Beer, Vodka Lemonade, Tequila, Beer, Beer"
2025-07-27,Sunday,31,July,Rain,82,74,76,Wildwood,New Jersey,USA,Hoboken,New Jersey,USA,"Hoboken, Wildwood, Manhattan","New Jersey, New York",USA,09:00,00:00,7,0,0,100,9,FALSE,10,Button-Up Shirt,Pastel Green,Jungle Green,Columbia,Tropical Plants,Green,66,Swim Trunks,Emerald Green,,,,Green,5,Sandals,Forest Green,Orange,Adidas,,Green,Red,Green,Boxers,Red,,,,,,,Contacts,,TRUE,14,Cadmium Green,,Cap,MUD,,Green,FALSE,,,,,,,,1,,Fruit Salad,Chicken Quesadilla and Bacon Egg Wrap,,,Fruit Snacks,FALSE,FALSE,FALSE,FALSE,FALSE,FALSE,,,Wawa,Wawa,,7,8,,"Grape, Cantelope, Pineapple, Honeydew",,"Bacon, Chicken, Egg",,,I needed this fruit salad so bad,Wawa came in clutch,,,,,,,,0,FALSE,TRUE,Warm,FALSE,FALSE,0,FALSE,0,16030,8.32,11,,,3210,Frisbee,135,"NJTransit Bus, NJTransit Bus, Subway, Subway",TRUE,FALSE,,Jiwei,,,TRUE,TRUE,4,5,FALSE,,,TRUE,3,"Vodka Lemonade, Beer, Beer"
2025-07-28,Monday,31,July,Sunny,94,76,82,Hoboken,New Jersey,USA,Hoboken,New Jersey,USA,Hoboken,New Jersey,USA,09:00,00:00,9,0,0,27,7,FALSE,63,Button-Up Shirt,Jungle Green,White,H&M,Tropical Plants,Green,62,Shorts,Black,White,BRed Line,Toast,Black,6,Sandals,Electric Lime,Black,Nike,,Green,Green,White,Boxers,Green,,,,,,,Glasses,Green,TRUE,13,Forest Green,Yellow,Cap,Omega Mart,,Green,FALSE,,,,,,,,1,,Hatch Chile Mac and Cheese,Sushi,,Deli Chips,"TJ's Fruit Jellies, Spice Drops, Wintergreen Tic Tacs",FALSE,TRUE,FALSE,TRUE,FALSE,FALSE,,,,,,7,7,,Jalepeño,Carrot,Salmon,,,TJ mac and cheeese hits,Shoprite sushi,,,,,,,,0,TRUE,TRUE,Warm,FALSE,FALSE,0,FALSE,0,5831,3.08,0,,,2373,,,,FALSE,FALSE,,Jiwei,"SheetCheck, CWS",python,TRUE,TRUE,2,3,FALSE,,,FALSE,0,
2025-07-29,Tuesday,31,July,Sunny,96,77,82,Hoboken,New Jersey,USA,Hoboken,New Jersey,USA,"Hoboken, Manhattan","New Jersey, New York",USA,09:00,00:00,9,0,0,92,8,FALSE,13,T-Shirt,Blue,White,Zoom,Zoom,Blue,43,Shorts,Emerald Green,Neon Green,Nike,,Green,10,Sneakers,Black,Electric Lime,Nike,Curry,Black,Green,White,Boxers,Green,53,Neon Green,,Stance,,Green,Contacts,,TRUE,16,Black,Blue,Cap,Dave & NJTransit Buster's,Dave & NJTransit Buster's,Black,FALSE,,,,,,,,1,,Chicken Bruschetta Pizza and Pesto Pizza,Shrimp w/ Peas and Carrot,,Jalepeño Popcorners,Wintergreen Tic Tacs,FALSE,TRUE,FALSE,TRUE,FALSE,FALSE,,,,,,9,8,,Mango,"Carrot, Peas","Shrimp, Chicken",,,My new fav pizza place in hoboken,Shrimp burgers are always so good,,,,,,,,0,FALSE,TRUE,Hot,FALSE,FALSE,0,FALSE,0,18514,8.45,22,,,3200,"Frisbee, Basketball","90, 120","NJTransit Bus, NJTransit Bus, Subway, Subway",FALSE,FALSE,,"Jiwei, Kevin, Wilson, Joe, Weezy, Tharan","SheetCheck, CWS",python,TRUE,TRUE,2,3,FALSE,Ultimate Chicken Horse,,FALSE,0,
2025-07-30,Wednesday,31,July,Sunny,95,80,95,Hoboken,New Jersey,USA,Hoboken,New Jersey,USA,Hoboken,New Jersey,USA,08:00,23:00,8,1,1,16,8,FALSE,89,T-Shirt,Lime Green,,,,Green,40,Joggers,Black,Gray,Forever 21,,Black,6,Sandals,Electric Lime,Black,Nike,,Green,Blue,Red,Boxers,Blue,,,,,,,Glasses,Green,TRUE,14,Cadmium Green,,Cap,MUD,,Green,FALSE,,,,,,,,1,,Italian Salad,Shrimp w/ Peas and Carrot,,"Mango Slices, Jalepeño Popcorners",TJ's Fruit Jellies,FALSE,FALSE,FALSE,TRUE,TRUE,FALSE,,Panera Bread,,,,8,9,,Mango,"Lettuce, Chickpeas, Carrot, Peas","Shrimp, Pork",,,Great italian salad,Added spicy rice to this and it def elevated the dish,,,,,,,,0,TRUE,TRUE,Hot,TRUE,TRUE,30,TRUE,30,22000,9.83,13,,,3267,Frisbee,120,,TRUE,FALSE,,Jiwei,"SheetCheck, Nextplay Nutrition",python,TRUE,TRUE,2,3,FALSE,,,FALSE,0,
2025-07-31,Thursday,31,July,Rain,88,66,81,Hoboken,New Jersey,USA,Hoboken,New Jersey,USA,Hoboken,New Jersey,USA,07:00,00:00,8,0,0,39,7,FALSE,27,T-Shirt,Lime Green,White,Hawaiian Rumble,Hawaiian Rumble,Green,67,Shorts,Black,Electric Lime,And1,,Black,18,Sneakers,Neon Green,Black,Adidas,,Green,Green,Blue,Boxers,Green,14,Neon Green,Black,Nike,,Green,Glasses,Green,TRUE,21,Lime Green,,Cap,Black Mesa,Dragon,Green,FALSE,,,,,,,,1,,Bacon Egg and Cheese Bagel,Chicken and Waffles,,Black Pepper Chips,TJ's Fruit Jellies,FALSE,FALSE,FALSE,FALSE,FALSE,FALSE,,Bagelicious,Diner,,,7,8,,Mango,,"Egg, Bacon, Pork, Chicken",,,Good bagel,Diner food is underrated,,,,,,,,1,FALSE,TRUE,Wet,FALSE,FALSE,0,FALSE,0,17398,9.3,35,,,3361,Golf,124,,TRUE,FALSE,,"Jiwei, Ashley","SheetCheck, Nextplay Nutrition",python,TRUE,TRUE,2,3,FALSE,Marvel Rivals,,FALSE,0,
2025-08-01,Friday,31,August,Cloudy,74,63,67,Hoboken,New Jersey,USA,Hoboken,New Jersey,USA,Hoboken,New Jersey,USA,09:00,23:30,9,1,1,23,8,FALSE,17,T-Shirt,Lime Green,Black,Valdolsta State,Valdolsta State,Green,67,Shorts,Black,Electric Lime,And1,,Black,3,Slip-on Shoes,Matcha Green,,Moln,,Green,Green,Blue,Boxers,Green,46,Black,Neon Green,Atlanta Hawks,Atlanta Hawks,Black,Glasses,Green,FALSE,,,,,,,,FALSE,,,,,,,,1,,Spinach Paneer,Turkey Burger Salad,,Black Pepper Chips,,FALSE,TRUE,FALSE,TRUE,FALSE,FALSE,,,,,,7,8,,,"Spinach, Lettuce",Turkey,Ginger,,TJ Indian food might not be authentic Indian food but it is good,Love making salada and love eating salads,,,,,,,,0,FALSE,TRUE,Wet,TRUE,TRUE,30,TRUE,30,5325,2.31,7,,,2239,Climbing,60,,FALSE,FALSE,,Jiwei,"SheetCheck, Nextplay Nutrition",python,TRUE,TRUE,2,3,TRUE,Marvel Rivals,,FALSE,0,
2025-08-02,Saturday,31,August,Partly Cloudy,81,63,71,Hoboken,New Jersey,USA,Hoboken,New Jersey,USA,Hoboken,New Jersey,USA,07:30,00:00,8,1,1,100,8,FALSE,93,Athletic Shirt,White,Red,VCU,Axolotls,White,49,Shorts,Light Green,,allinmotion,,Green,11,Golf Shoes,White,Forest Green,Malbon,,White,Purple,,Boxers,Purple,18,OIive Green,Black,Stance,Christmas,Green,Glasses,Green,TRUE,14,Cadmium Green,,Cap,MUD,,Green,TRUE,33,Cadmium Green,,Sun Hoodie,,,Green,2,,Skyway Quesadilla,Chicken Sausage Salad,,,,FALSE,FALSE,FALSE,TRUE,FALSE,FALSE,,Skyway,,,,8,8,,Banana,Lettuce,Chicken,,,Was stuck at skyway for a while so got a quesadilla,Wanted to save the leftovers for the week for I made another salad with a different meat,,,,,,,,0,FALSE,TRUE,Warm,TRUE,FALSE,0,TRUE,30,29016,13.15,25,,,3484,"Frisbee, Golf","180, 126",,TRUE,FALSE,,"Jiwei, Kevin",,,TRUE,TRUE,3,4,FALSE,Marvel Rivals,,TRUE,1,Twisted Tea
2025-08-03,Sunday,32,August,Sunny,85,67,73,Hoboken,New Jersey,USA,Hoboken,New Jersey,USA,Hoboken,New Jersey,USA,08:00,23:00,8,1,1,100,9,FALSE,33,Polo,Jungle Green,Light Blue,Kohl's,Bananas,Green,51,Golf Shorts,Forest Green,White,,Sailboats,Green,11,Golf Shoes,White,Forest Green,Malbon,,White,Green,Blue,Boxers,Green,58,White,Dark Green,Stance,Aztec,White,Glasses,Green,TRUE,33,Forest Green,,Cap,Tobacco Road,Tobacco Road,Green,FALSE,,,,,,,,1,,,Lobster Pasta w/ Butter Sauce,,"Fruit Bar, Plaintain Chips, Cashews",,FALSE,FALSE,FALSE,TRUE,FALSE,FALSE,,,,,,,10,,Banana,Cashew,Lobster,,,,Pasta with butter sauce is so incredibly good especially when you add lobster to the mix,,,,,,,,0,FALSE,TRUE,Warm,FALSE,FALSE,0,FALSE,0,21891,11.75,0,,,3751,Golf,293,,TRUE,FALSE,,"Jiwei, Kevin, Jed",,,TRUE,TRUE,1,3,FALSE,Marvel Rivals,,TRUE,2,"Fireball, High Noon"
2025-08-04,Monday,32,August,Sunny,90,70,80,Hoboken,New Jersey,USA,Hoboken,New Jersey,USA,Hoboken,New Jersey,USA,08:00,23:00,9,0,0,18,7,FALSE,25,Athletic Shirt,Lime Green,Gray,Harvard,Harvard Ultimate,Green,68,Shorts,Navy Blue,Electric Lime,,,Blue,6,Sandals,Electric Lime,Black,Nike,,Green,Green,Blue,Boxers,Green,27,Black,Electric Lime,Nike,Air Jordan,Black,Glasses,Green,TRUE,21,Lime Green,,Cap,Black Mesa,Dragon,Green,FALSE,,,,,,,,1,,Spicy Chicken and Honey Chicken w/ Veggies,Cantelope Salad,,Fruit Bar,"Sour Eyeballs, Sour Albanese Gummy Bears",FALSE,FALSE,FALSE,TRUE,TRUE,FALSE,,Newport Mall,,,,8,8,,"Banana, Cantelope","Lettuce, Broccoli, Cabbage, Onion",Chicken,,,The best food at the mall,Solid salad,,,,,,,,0,TRUE,TRUE,Warm,TRUE,TRUE,30,TRUE,30,17624,8.07,12,50,143,3208,,,,FALSE,FALSE,,Jiwei,"SheetCheck, Nextplay Nutrition",python,TRUE,TRUE,1,2,FALSE,Marvel Rivals,,FALSE,0,
2025-08-05,Tuesday,32,August,Cloudy,86,69,84,Hoboken,New Jersey,USA,Hoboken,New Jersey,USA,"Hoboken, Manhattan","New Jersey, New York",USA,07:00,23:00,8,1,1,38,8,FALSE,26,Athletic Shirt,Blue,Grass Green,MUD,MUD,Blue,50,Shorts,Lime Green,Blue,Atlanta Hawks,Atlanta Hawks,Green,10,Sneakers,Black,Electric Lime,Nike,Curry,Black,Green,Blue,Boxers,Green,26,Olive Green,,Stance,,Green,Contacts,,TRUE,14,Cadmium Green,,Cap,MUD,,Green,FALSE,,,,,,,,1,,Jalepeño Chicken Sausage w/ Rice,Steak and Stout Pie,,Fruit Bar,"Sour Eyeballs, Sour Albanese Gummy Bears",FALSE,TRUE,TRUE,TRUE,TRUE,FALSE,,,,,,8,8,,Banana,"Carrot, Potato","Chicken, Steak",,,Good leftovers,Meat pies are where it's at,,,,,,,,0,FALSE,TRUE,Hot,TRUE,FALSE,0,TRUE,30,22167,10.39,23,50,164,4136,Frisbee,210,"NJTransit Bus, NJTransit Bus, Subway, Subway",FALSE,FALSE,,"Jiwei, Joe","SheetCheck, Nextplay Nutrition",python,TRUE,TRUE,2,3,FALSE,Marvel Rivals,,FALSE,0,
2025-08-06,Wednesday,32,August,Cloudy,81,70,74,Hoboken,New Jersey,USA,Hoboken,New Jersey,USA,Hoboken,New Jersey,USA,07:00,23:00,8,1,1,49,7,FALSE,90,T-Shirt,Eucalyptus,White,Harvard,Harvard,Green,18,Sweatpants,Gray,,Monstercat,,Gray,13,Slip-on Shoes,Electric Lime,,Moln,,Green,Blue,Red,Boxers,Blue,35,Dark Green,Gold,Stance,Donavon Mitchell,Green,Glasses,Green,TRUE,14,Cadmium Green,,Cap,MUD,,Green,FALSE,,,,,,,,1,,Turkey Burger Salad,Steak and Stout Pie,,Jalepeño Chips,Sour Eyeballs,FALSE,TRUE,TRUE,TRUE,FALSE,FALSE,,,,,,7,8,,Banana,"Lettuce, Carrot, Potato","Turkey, Steak",,,Solid salad,Meat pies are where it's at,,,,,,,,0,FALSE,TRUE,Warm,FALSE,TRUE,30,FALSE,0,13181,5.92,1,47,173,3390,Frisbee,120,,TRUE,FALSE,,Jiwei,"SheetCheck, Nextplay Nutrition",python,TRUE,TRUE,2,3,FALSE,Marvel Rivals,,FALSE,0,
2025-08-07,Thursday,32,August,Sunny,80,66,68,Hoboken,New Jersey,USA,Hoboken,New Jersey,USA,Hoboken,New Jersey,USA,07:00,00:00,8,1,1,10,7,FALSE,60,T-Shirt,Kelly Green,Light Blue,Hoboken,Hoboken,Green,15,Swishy Sweatpants,Forest Green,White,Holloway,Daldot,Green,13,Slip-on Shoes,Electric Lime,,Moln,,Green,Blue,Green,Boxers,Blue,,,,,,,Glasses,Green,TRUE,14,Cadmium Green,,Cap,MUD,,Green,FALSE,,,,,,,,1,,Veggie Biryani,Broccoli and Beef,,Popcorners,Wildberry Albanese Gummy Bears,FALSE,TRUE,FALSE,TRUE,FALSE,FALSE,,,,,,7,9,,,"Broccoli, Peas",Beef,,,,Big W from TJ frozen foods,,,Hulu,Hulu,,Always Sunny,Always Sunny,2,FALSE,TRUE,Warm,TRUE,FALSE,0,TRUE,30,13906,6.42,0,47,155,3161,Frisbee,90,,FALSE,FALSE,,Jiwei,"SheetCheck, CWS",python,TRUE,TRUE,2,3,FALSE,Marvel Rivals,,FALSE,0,
2025-08-08,Friday,32,August,Sunny,81,63,70,Hoboken,New Jersey,USA,Hoboken,New Jersey,USA,Hoboken,New Jersey,USA,07:00,02:00,7,0,0,70,7,FALSE,24,T-Shirt,Lime Green,Red,Nintendo,Bowser Jr.,Green,48,Sweatpants,Gray,Red,Adidas,,Gray,6,Sandals,Electric Lime,Black,Nike,,Green,Green,Blue,Boxers,Green,32,Black,Electric Lime,Underarmour,,Black,Glasses,Green,TRUE,14,Cadmium Green,,Cap,MUD,,Green,TRUE,9,Pistachio,,Hoodie,Costco,,Green,2,Pancake w/ Bacon Cheese,Broccoli and Beef,Shrimp Cheesy Flatbread,,Popcorners,Wildberry Albanese Gummy Bears,TRUE,TRUE,TRUE,TRUE,FALSE,FALSE,,,,,,9,9,,,"Peas, Carrot, Broccoli","Shrimp, Beef",,,Big W from TJ frozen foods,Love shrimp and cheesy flatbread is one of my specialties,,,,,,,,0,FALSE,TRUE,Warm,FALSE,FALSE,0,FALSE,0,16793,7.86,5,45,157,3659,Frisbee,90,,FALSE,FALSE,,Jiwei,"SheetCheck, CWS",python,TRUE,TRUE,2,3,FALSE,Marvel Rivals,,FALSE,0,
2025-08-09,Saturday,32,August,Sunny,84,67,74,Hoboken,New Jersey,USA,Hoboken,New Jersey,USA,Hoboken,New Jersey,USA,07:00,23:00,5,0,0,60,8,FALSE,43,Athletic Shirt,Electric Lime,,,,Green,49,Shorts,Light Green,,allinmotion,,Green,11,Golf Shoes,White,Forest Green,Malbon,,White,Green,,Boxers,Green,16,Crimson,White,Harvard,Harvard,Red,Contacts,,TRUE,14,Cadmium Green,,Cap,MUD,,Green,FALSE,,,,,,,,1,,Philly Cheesesteak and Empanadas,Shrimp Cheesy Flatbread,,Plaintain Chips,TJ's Fruit Jellies,FALSE,FALSE,FALSE,TRUE,FALSE,FALSE,,Skyway,,,,7,9,,Mango,"Peas, Carrot, Broccoli","Shrimp, Chicken, Beef",,,Ate a ton of food at skyway since I knew I wouldnt be eating for a while. Not amazing but still hit the spot,Great leftovers,,,,,,,,0,FALSE,TRUE,Warm,FALSE,FALSE,0,FALSE,0,33917,14.97,53,53,177,6184,"Frisbee, Golf","180,  300",,TRUE,FALSE,,"Jiwei, Kevin, Jed, Jordan",,,TRUE,TRUE,2,2,FALSE,Marvel Rivals,,TRUE,3,"Beer, High Noon, Spiked Monster"
2025-08-10,Sunday,33,August,Sunny,89,70,75,Hoboken,New Jersey,USA,Hoboken,New Jersey,USA,"Hoboken, Manhattan","New Jersey, New York",USA,09:00,01:00,10,1,1,100,9,FALSE,48,Athletic Shirt,Electric Lime,,Harvard,Harvard,Green,68,Shorts,Navy Blue,Electric Lime,,,Blue,10,Sneakers,Black,Electric Lime,Nike,Curry,Black,Green,Red,Boxers,Green,59,White,Electric Lime,Nike,,White,Glasses,Green,TRUE,20,Olive Green,,Cap,,Dinosaur,Green,FALSE,,,,,,,,1,,Shrimp Cheesy Flatbread,"Pan-fried Chicken, Sweet Potatoes, Mac and Cheese, and Catfish",,Plaintain Chips,TJ's Fruit Jellies,FALSE,TRUE,TRUE,FALSE,FALSE,FALSE,,,Charles Pan Fried Chicken,,,9,9,,"Pineapple, Coconut, Banana","Sweet Potatoes, Peas, Carrot","Chicken, Catfish, Shrimp",Ginger,,Great leftovers,Great catfish and publix level fried chicken. Mac and cheese and sweet potatoes were also super good,,,,,,,,0,FALSE,TRUE,Warm,FALSE,FALSE,0,FALSE,0,20340,9.25,37,45,136,3778,Tennis,120,"NJTransit Bus, NJTransit Bus, Subway, Subway",FALSE,FALSE,,"Jiwei, Kevin, Joe, Weezy, Tharan, Leo",,,TRUE,TRUE,1,2,FALSE,Marvel Rivals,,TRUE,2,"Beer, Beer"
2025-08-11,Monday,33,August,Sunny,89,70,77,Hoboken,New Jersey,USA,Hoboken,New Jersey,USA,Hoboken,New Jersey,USA,08:00,23:00,7,0,0,40,7,FALSE,11,T-Shirt,Kelly Green,White,Dollar Store,Do Your Thing,Green,41,Sweatpants,Black,Electric Lime,Adidas,,Black,5,Sandals,Forest Green,Orange,Adidas,,Green,Blue,White,Boxers,Blue,,,,,,,Glasses,Green,FALSE,,,,,,,,FALSE,,,,,,,,1,,Dumplings and Cornbread,"Beef, Corn, Carrot, Radish",,Cereal Bars,TJ's Fruit Jellies,FALSE,TRUE,FALSE,TRUE,FALSE,FALSE,,,,,,7,8,,,"Corn, Carrot, Radish, Broccoli","Beef, Pork",,,Good food,Good food,,,Hulu,Hulu,,Always Sunny,Always Sunny,2,FALSE,TRUE,Hot,TRUE,TRUE,30,TRUE,30,9897,4.61,11,49,174,3231,,,,FALSE,FALSE,,Jiwei,"CWS, Nextplay Nutrition",python,TRUE,TRUE,3,4,TRUE,Marvel Rivals,,FALSE,0,
2025-08-12,Tuesday,33,August,Sunny,89,71,89,Hoboken,New Jersey,USA,Hoboken,New Jersey,USA,"Hoboken, Manhattan","New Jersey, New York",USA,07:00,00:00,8,1,1,47,8,FALSE,26,Athletic Shirt,Blue,Grass Green,MUD,MUD,Blue,50,Shorts,Lime Green,Blue,Atlanta Hawks,Atlanta Hawks,Green,10,Sneakers,Black,Electric Lime,Nike,Curry,Black,Green,Blue,Boxers,Green,26,Olive Green,,Stance,,Green,Glasses,Green,TRUE,14,Cadmium Green,,Cap,MUD,,Green,FALSE,,,,,,,,1,,"Beef, Corn, Carrot, Radish",Bacon Cheese and Strawberry Crackers,,Cereal Bars,Wintergreen Tic Tacs,FALSE,TRUE,TRUE,TRUE,FALSE,FALSE,,,,,,8,7,,,"Corn, Carrot, Radish, Broccoli","Beef, Bacon",,,Good food,I had no more food to cook lol,,,Hulu,,,Always Sunny,,1,FALSE,TRUE,Hot,FALSE,FALSE,0,FALSE,0,30795,14.4,24,47,178,5135,"Frisbee, Basketball","120, 120","NJTransit Bus, NJTransit Bus, Subway, Subway",FALSE,FALSE,,"Jiwei, Kevin, Joe, Tharan, Wilson, Deezy","CWS, Nextplay Nutrition",python,TRUE,TRUE,2,3,TRUE,Marvel Rivals,,FALSE,0,
2025-08-13,Wednesday,33,August,Sunny,90,74,80,Hoboken,New Jersey,USA,Hoboken,New Jersey,USA,Hoboken,New Jersey,USA,08:00,22:00,8,0,0,26,7,FALSE,66,Long Sleeve,Forest Green,,Harvard,Harvard Ultimate,Green,69,Shorts,Black,Electric Lime,Nike,,Black,5,Sandals,Forest Green,Orange,Adidas,,Green,Red,Blue,Boxers,Red,60,Forest Green,,NXTBRND,,Green,Glasses,Green,TRUE,14,Cadmium Green,,Cap,MUD,,Green,FALSE,,,,,,,,1,,Shrimp Bao w/ Cornbread,Salmon Salad,,,,FALSE,TRUE,TRUE,TRUE,FALSE,FALSE,,,,,,8,10,,Banana,Lettuce,"Salmon, Shrimp",,,TJ item,I love salmon. It might be my favorite food behind shrimp,,,Hulu,Hulu,,Always Sunny,Always Sunny,2,FALSE,TRUE,Hot,TRUE,TRUE,30,TRUE,30,7670,3.43,0,51,92,2658,,,,TRUE,FALSE,,Jiwei,"CWS, Nextplay Nutrition",python,TRUE,TRUE,2,3,FALSE,Marvel Rivals,,FALSE,0,
2025-08-14,Thursday,33,August,Cloudy,90,75,82,Hoboken,New Jersey,USA,Hoboken,New Jersey,USA,Hoboken,New Jersey,USA,08:00,23:00,10,1,1,43,7,FALSE,85,T-Shirt,Dark Green,Electric Lime,American Eagle,American Eagle,Green,53,Jogger Shorts,White,Black,American Eagle,,White,3,Slip-on Shoes,Matcha Green,,Moln,,Green,Green,,Boxers,Green,61,Kelly Green,White,,,Green,Glasses,Green,TRUE,14,Cadmium Green,,Cap,MUD,,Green,FALSE,,,,,,,,1,,Shrimp Bao w/ Cornbread,"Pineapple, Banana, Coconut Acai Bowl",,Popcorners,Super Sour Scandinavian Swimmers,FALSE,TRUE,TRUE,FALSE,FALSE,FALSE,,,Jungle Juice,,,8,9,,"Banana, Pineapple, Coconut",,Shrimp,,,TJ item,Felt like going for an acai bowl and it was good,,,Hulu,,,Always Sunny,,1,TRUE,TRUE,Warm,FALSE,FALSE,0,FALSE,0,16179,7.51,2,46,155,3792,Frisbee,90,,FALSE,FALSE,,Jiwei,"CWS, Nextplay Nutrition",python,TRUE,TRUE,2,3,TRUE,Marvel Rivals,,FALSE,0,
2025-08-15,Friday,33,August,Sunny,88,74,80,Hoboken,New Jersey,USA,Hoboken,New Jersey,USA,Hoboken,New Jersey,USA,08:00,00:00,9,1,1,53,7,FALSE,31,T-Shirt,Kelly Green,White,Olympics,Olympics,Green,22,Sweatpants,Forest Green,Gray,Nike,,Green,5,Sandals,Forest Green,Orange,Adidas,,Green,Blue,White,Boxers,Blue,,,,,,,Glasses,Green,TRUE,15,Kelly Green,,Cap,Portugal,Portugal,Green,FALSE,,,,,,,,1,,Salmon w/ Rice,Turkey Egg Pepper Scramble,,Popcorners,Super Sour Scandinavian Swimmers,FALSE,TRUE,TRUE,TRUE,FALSE,FALSE,,,,,,10,9,,"Banana, Bell Pepper",,"Salmon, Turkey, Egg",,,Love salmon,Really good scramble that will last for a while,,,Hulu,,,Always Sunny,,1,FALSE,TRUE,Warm,TRUE,FALSE,0,TRUE,30,7110,3.31,5,47,132,2884,Climbing,60,,FALSE,FALSE,,Jiwei,"CWS, Nextplay Nutrition",python,TRUE,TRUE,2,3,FALSE,Marvel Rivals,,FALSE,0,
2025-08-16,Saturday,33,August,Partly Cloudy,84,72,76,Hoboken,New Jersey,USA,Hoboken,New Jersey,USA,Hoboken,New Jersey,USA,09:00,00:00,9,1,1,100,9,FALSE,91,T-Shirt,Red,Forest Green,,Godzilla,Red,57,Shorts,Electric Lime,Jungle Green,Nike,Tropical Plants,Green,17,Sneakers,Crimson,Neon Green,Nike,Darth Maul,Red,Green,,Boxers,Green,62,Electric Lime,Gray,Amazon,,Green,Glasses,Green,TRUE,22,Neon Green,Black,Cap,Sprints,Lightning,Green,FALSE,,,,,,,,1,,Turkey Egg Pepper Scramble,"Breaded Banana, Garlic Shrimp, Octopus, Pork, Yuca",,Jalepeño Chips,,FALSE,TRUE,TRUE,FALSE,FALSE,FALSE,,,Sabor Unido,,,8,9,,Bell Pepper,"Lettuce, Yuca, Sweet Potato","Pork, Turkey, Shrimp, Octopus, Egg",,,Great leftovers,The breaded bananas were absolutely unreal. The food was pretty good but the breaded banana was the star of the show. 10/10,,,,,,,,0,FALSE,TRUE,Hot,TRUE,TRUE,30,TRUE,30,12866,5.94,5,49,147,3656,,,,TRUE,FALSE,,"Jiwei, Kevin, Tharan, Deezy, Leo",,,TRUE,TRUE,2,3,FALSE,,,TRUE,1,White Wine
2025-08-17,Sunday,34,August,Rain,92,66,90,Hoboken,New Jersey,USA,Hoboken,New Jersey,USA,"Hoboken, Manhattan","New Jersey, New York",USA,07:00,00:00,7,0,0,100,9,FALSE,35,Polo,Lime Green,,,Golf Clubs,Green,51,Golf Shorts,Forest Green,White,,Sailboats,Green,11,Golf Shoes,White,Forest Green,Malbon,,White,Green,Red,Boxers,Green,63,Seafoam Green,Gray,Amazon,,Green,Glasses,Green,TRUE,10,Dark Blue,Green,Cap,Hoboken Golf,Hoboken Golf,Blue,FALSE,,,,,,,,1,,,3 Chicken Sandwiches and a Chili Dog,,"Fruit Bar, Jalepeño Chips",Sour Eyeballs,FALSE,FALSE,FALSE,FALSE,FALSE,FALSE,,,Tiki Chick,,,,8,,"Pineapple, Banana, App",Lettuce,"Chicken, Pork",,,,I really needed every single one of those chicken sandwiches,,,,,,,,0,FALSE,TRUE,Hot,FALSE,FALSE,0,FALSE,0,33458,14.35,57,51,136,5242,Golf,314,"NJTransit Bus, NJTransit Bus, Subway, Subway",TRUE,FALSE,,"Jiwei, Kevin, Tharan, Deezy, Joe, Leo",,,TRUE,TRUE,2,3,FALSE,,,TRUE,2,"Pickle Rum, Sunny D Spiked"
2025-08-18,Monday,34,August,Partly Cloudy,76,65,72,Hoboken,New Jersey,USA,Hoboken,New Jersey,USA,Hoboken,New Jersey,USA,08:00,23:00,8,1,1,93,7,FALSE,,,,,,,,2,Joggers,Forest Green,,American Eagle,,Green,6,Sandals,Electric Lime,Black,Nike,,Green,Green,Blue,Boxers,Green,,,,,,,Glasses,Green,FALSE,,,,,,,,FALSE,,,,,,,,1,,Spicy Chicken Sandwich,Turkey Egg Pepper Scramble,,"Passionfruit Rounds, Jalepeño Chips",Sour Eyeballs,FALSE,FALSE,FALSE,TRUE,TRUE,FALSE,,Tiki Chick,,,,8,8,,Banana,Lettuce,"Chicken, Turkey, Egg",,,Leftover chicken sandwich and it was so good,Great leftovers,,,,,,,,0,FALSE,FALSE,,FALSE,FALSE,0,FALSE,0,2231,1.05,0,46,92,2181,,,,FALSE,FALSE,,Jiwei,"CWS, Nextplay Nutrition, Sheetcheck",python,TRUE,TRUE,2,3,FALSE,,,FALSE,0,
2025-08-19,Tuesday,34,August,Partly Cloudy,77,65,75,Hoboken,New Jersey,USA,Hoboken,New Jersey,USA,Hoboken,New Jersey,USA,07:00,00:00,8,0,0,12,8,FALSE,87,Athletic Shirt,Light Blue,Pink,VCU,Axolotls,Blue,50,Shorts,Lime Green,Blue,Atlanta Hawks,Atlanta Hawks,Green,6,Sandals,Electric Lime,Black,Nike,,Green,Black,Blue,Boxers,Black,62,Electric Lime,Gray,Amazon,,Green,Glasses,Green,TRUE,22,Neon Green,Black,Cap,Sprints,Lightning,Green,TRUE,9,Pistachio,,Hoodie,Costco,,Green,2,,Lamb Salad,Cheesy Sweet Potatoes w/ Turkey,,"Passionfruit Rounds, Popcorn",,FALSE,TRUE,FALSE,TRUE,FALSE,FALSE,,,,,,8,8,,Passionfruit,"Lettuce, Sweet Potato","Lamb, Turkey",,,Getting rid of food since I'm going to be out of town until Monday,Made the meal I'll be eating until I leave,,,,,,,,0,FALSE,TRUE,Warm,TRUE,FALSE,0,TRUE,30,11523,5.37,9,46,155,3156,Frisbee,60,,FALSE,FALSE,,Jiwei,"CWS, Nextplay Nutrition, Sheetcheck",python,TRUE,TRUE,2,3,FALSE,Marvel Rivals,,FALSE,0,
2025-08-20,Wednesday,34,August,Rain,73,64,72,Hoboken,New Jersey,USA,Hoboken,New Jersey,USA,Hoboken,New Jersey,USA,08:00,00:00,8,1,1,77,8,FALSE,9,Long Sleeve,Seafoam Green,,Columbia,,Green,2,Joggers,Forest Green,,American Eagle,,Green,6,Sandals,Electric Lime,Black,Nike,,Green,Green,Blue,Boxers,Green,,,,,,,Glasses,Green,FALSE,,,,,,,,FALSE,,,,,,,,1,,Cheesy Sweet Potatoes w/ Turkey,Cheesy Sweet Potatoes w/ Turkey,,"Passionfruit Rounds, Popcorn",,FALSE,TRUE,TRUE,TRUE,TRUE,FALSE,,,,,,8,8,,Passionfruit,"Sweet Potato, Spinach",Turkey,,,Great leftovers,Great leftovers,,,,,,,,0,FALSE,TRUE,Wet,TRUE,FALSE,0,TRUE,30,7167,3.37,0,48,132,2956,,,,FALSE,FALSE,,Jiwei,"CWS, Nextplay Nutrition, Sheetcheck",python,TRUE,TRUE,2,3,FALSE,,,FALSE,0,
2025-08-21,Thursday,34,August,Cloudy,73,59,69,Hoboken,New Jersey,USA,Hoboken,New Jersey,USA,Hoboken,New Jersey,USA,08:00,23:00,8,0,0,45,7,FALSE,92,T-Shirt,Forest Green,Yellow,London Natural History Museum,Dinosaur,Green,20,Joggers,Olive Green,,American Eagle,,Green,19,Sneakers,Neon Green,Black,Sketchers,,Green,Green,,Boxers,Green,2,Green,Blue,Nintendo,Luigi,Green,Glasses,Green,FALSE,,,,,,,,FALSE,,,,,,,,1,,Cheesy Sweet Potatoes w/ Turkey,Cheesy Sweet Potatoes w/ Turkey,,,,FALSE,TRUE,TRUE,TRUE,TRUE,FALSE,,,,,,8,8,,,"Sweet Potato, Spinach",Turkey,,,Great leftovers,Great leftovers,,,,,,,,0,FALSE,TRUE,Warm,TRUE,TRUE,30,TRUE,30,9052,4.25,4,44,138,2923,Frisbee,90,,FALSE,FALSE,,Jiwei,"CWS, Nextplay Nutrition, Sheetcheck",python,TRUE,TRUE,2,3,FALSE,,,FALSE,0,
2025-08-22,Friday,34,August,Sunny,84,65,70,Hoboken,New Jersey,USA,"Washington, D.C.",,USA,"Hoboken, DC","New Jersey, District of Columbia",USA,05:00,02:00,6,0,0,100,10,FALSE,92,T-Shirt,Forest Green,Yellow,London Natural History Museum,Dinosaur,Green,20,Joggers,Olive Green,,American Eagle,,Green,19,Sneakers,Neon Green,Black,Sketchers,,Green,Blue,Green,Boxers,Blue,2,Green,Blue,Nintendo,Luigi,Green,Glasses,Green,TRUE,20,Olive Green,,Cap,,Dinosaur,Green,FALSE,,,,,,,,1,,Spicy Chicken Sandwich,Ethopian Food,,Tortilla Chips,,FALSE,FALSE,FALSE,FALSE,FALSE,FALSE,,Chik-fil-a,Ethiopian Restaurant,,,8,9,,Bell Pepper,"Lettuce, Broccoli","Beef, Chicken",,,Can't beat the chik-fil-a spicy chicken sandwich,"I love ethiopian food, it's incredibly underrated",,,,,,,,0,FALSE,TRUE,Warm,FALSE,FALSE,0,FALSE,0,20683,9.51,4,49,106,4216,,,"NJTransit Bus, Subway, Amtrak",TRUE,FALSE,,"Won, Scialabba, Jackson, Brett, Sam",,,TRUE,TRUE,2,3,FALSE,Marvel Rivals,,TRUE,6,"Fireball, Fireball, Sunny D, Sunny D, Yard, Beer"
2025-08-23,Saturday,34,August,Partly Cloudy,84,63,70,"Washington, D.C.",New Jersey,USA,Johnson City,Tenessee,USA,"DC, Johnson City, Knoxville","Tenessee, District of Columbia",USA,08:00,02:00,6,0,0,12,10,FALSE,19,Button-Up Shirt,Forest Green,White,Forever 21,,Green,20,Joggers,Olive Green,,American Eagle,,Green,19,Sneakers,Neon Green,Black,Sketchers,,Green,Red,Blue,Boxers,Red,45,White,Green,Nintendo,Yoshi,White,Glasses,Green,TRUE,20,Olive Green,,Cap,,Dinosaur,Green,FALSE,,,,,,,,1,"Sausage, Straberry, Blueberry, Bacon, Eggs, Potatoes",,Barbeque,,Crab Seasoning Chips,,FALSE,FALSE,FALSE,FALSE,FALSE,FALSE,,,,,8,,9,,"Strawberry, Blueberry",,"Beef, Pork, Bacon, Egg",,Won was super nice and cooked breakfast,,Great bbq at the wedding welcome event,,,,,,,,0,FALSE,TRUE,Warm,FALSE,FALSE,0,FALSE,0,13676,6.35,6,46,118,3607,,,,TRUE,TRUE,,"Jiwei, Joe, Michael, Zada, Won, Scialabba, Jackson, Brett, Sam",,,TRUE,TRUE,2,5,FALSE,Marvel Rivals,,TRUE,9,"Sunboy, Sunboy, Whiskey, Whiskey, Whiskey, Whiskey, Cocktail, Cocktail"
2025-08-24,Sunday,35,August,Partly Cloudy,83,65,72,Johnson City,Tenessee,USA,Johnson City,Tenessee,USA,Johnson City,Tennessee,USA,09:00,00:00,7,0,0,26,10,TRUE,119,Dress Shirt,White,,,,White,59,Dress Pants,Pastel Green,,Kohl's,,Green,21,Dress Shoes,Brown,,LL Bean,,Brown,Red,Green,Boxers,Red,64,White,,Nintendo,Mario Kart,White,Glasses,Green,TRUE,20,Olive Green,,Cap,,Dinosaur,Green,TRUE,43,Pastel Green,,Blazer,Kohl's,,Green,2,,Thai Kaprow,"Beef, Chicken, Pork, Broccoli, Corn",Ube Cake,Crab Seasoning Chips,,FALSE,FALSE,FALSE,FALSE,FALSE,FALSE,,Thai Restaurant,,,,7,9,,"Watermelon, Pineapple","Lettuce, Broccoli, Leek","Pork, Beef, Chicken",,,Thai place which was pretty solid,Fantastic food at the wedding,,,,,,,,0,FALSE,TRUE,Warm,FALSE,FALSE,0,FALSE,0,17160,7.82,22,55,125,3864,,,,TRUE,TRUE,,"Jiwei, Joe, Michael, Zada",,,TRUE,TRUE,3,6,FALSE,,,TRUE,4,"High Noon, High Noon, High Noon, Sunboy"
2025-08-25,Monday,35,August,Cloudy,80,60,66,Johnson City,Tenessee,USA,Hoboken,New Jersey,USA,"Johnson City, Hoboken","Tennessee, New Jersey",USA,04:00,23:00,4,3,3,83,8,FALSE,92,T-Shirt,Forest Green,Yellow,London Natural History Museum,Dinosaur,Green,2,Joggers,Forest Green,,American Eagle,,Green,19,Sneakers,Neon Green,Black,Sketchers,,Green,Green,White,Boxers,Green,45,White,Green,Nintendo,Yoshi,White,Glasses,Green,TRUE,20,Olive Green,,Cap,,Dinosaur,Green,FALSE,,,,,,,,1,,Sushi,Shrimp Bao,,Mango Slices,,FALSE,TRUE,FALSE,TRUE,FALSE,FALSE,,,,,,7,7,,Mango,,"Shrimp, Salmon",,,Got grocery store sushi,Getting rid of food since I am leaving for Myrtle Beach,,,,,,,,0,TRUE,TRUE,Warm,TRUE,FALSE,0,TRUE,30,6580,3.09,3,48,118,2947,,,,TRUE,TRUE,Lyft,"Jiwei, Joe, Michael",,,TRUE,TRUE,2,3,TRUE,,,FALSE,0,
2025-08-26,Tuesday,35,August,Partly Cloudy,87,63,77,Hoboken,New Jersey,USA,Hoboken,New Jersey,USA,Hoboken,New Jersey,USA,07:00,00:00,8,1,1,41,8,FALSE,87,Athletic Shirt,Light Blue,Pink,VCU,Axolotls,Blue,2,Joggers,Forest Green,,American Eagle,,Green,6,Sandals,Electric Lime,Black,Nike,,Green,Green,Black,Boxers,Green,,,,,,,Glasses,Green,TRUE,14,Cadmium Green,,Cap,MUD,,Green,FALSE,,,,,,,,1,,Shrimp Bao,Shrimp Noodles,,"Ranch Fries, Mango Slices",,FALSE,TRUE,TRUE,TRUE,FALSE,FALSE,,,,,,7,9,,Mango,"Peas, Carrot, Broccoli",Shrimp,,,Great leftovers,My favorite TJ item,,,,,,,,0,TRUE,TRUE,Warm,TRUE,FALSE,0,TRUE,30,13879,6.39,3,49,188,3342,Frisbee,60,,FALSE,FALSE,,Jiwei,"CWS, Nextplay Nutrition, Sheetcheck",python,TRUE,TRUE,2,3,FALSE,,,FALSE,0,
2025-08-27,Wednesday,35,August,Sunny,75,61,69,Hoboken,New Jersey,USA,Hoboken,New Jersey,USA,Hoboken,New Jersey,USA,08:00,02:00,8,1,1,31,7,FALSE,89,T-Shirt,Lime Green,,,,Green,61,Sweatpants,Black,Pink,VCU,Axolotls,Black,6,Sandals,Electric Lime,Black,Nike,,Green,White,Green,Boxers,White,,,,,,,Glasses,Green,TRUE,23,Navy Blue,Pink,Cap,BE,Axolotl,Blue,TRUE,9,Pistachio,,Hoodie,Costco,,Green,2,,Shrimp Noodles,Steak and Stout Pie,,"Ranch Fries, Hot Fries",,FALSE,TRUE,TRUE,FALSE,FALSE,FALSE,,,,,,9,8,,Bell Pepper,"Peas, Carrot, Broccoli, Potato","Shrimp, Steak",,,My favorite TJ item,Great,,,,,,,,0,FALSE,TRUE,Warm,FALSE,TRUE,30,FALSE,0,13259,6.06,4,54,181,3832,Frisbee,120,,TRUE,FALSE,,Jiwei,"CWS, Nextplay Nutrition, Sheetcheck",python,TRUE,TRUE,2,3,FALSE,,,FALSE,0,
2025-08-28,Thursday,35,August,Cloudy,77,60,68,Hoboken,New Jersey,USA,Hoboken,New Jersey,USA,Hoboken,New Jersey,USA,07:00,00:00,5,1,1,76,7,FALSE,21,T-Shirt,Kelly Green,Blue,Hoboken,Hoboken,Green,40,Joggers,Black,Gray,Forever 21,,Black,6,Sandals,Electric Lime,Black,Nike,,Green,Green,,Boxers,Green,65,Green,Red,Christmas,Penguins,Green,Glasses,Green,TRUE,22,Neon Green,Black,Cap,Sprints,Lightning,Green,TRUE,9,Pistachio,,Hoodie,Costco,,Green,2,,Taco Salad,"Chicken Bacon Ranch, and Veggie Pizza",,Hot Fries,"Tajin Watermelon Candy, Cinnamon Hard Candy",FALSE,FALSE,FALSE,FALSE,FALSE,FALSE,,Qdoba,,,,9,8,,"Bell Pepper, Jalepeño","Lettuce, Tomato",Chicken,,,Qdoba is working its way up my fast food ranking list,Food at house warming party,,,,,,,,0,FALSE,TRUE,Neutral,TRUE,FALSE,0,TRUE,30,13723,6.4,8,56,177,2265,Frisbee,60,,FALSE,FALSE,,Jiwei,"CWS, Nextplay Nutrition, Sheetcheck",python,TRUE,TRUE,2,3,FALSE,,"Bomb Squad, Bobble",TRUE,2,"Cider, Cider"
2025-08-29,Friday,35,August,Partly Cloudy,78,57,65,Hoboken,New Jersey,USA,Hoboken,New Jersey,USA,Hoboken,New Jersey,USA,08:00,00:00,8,0,0,24,7,FALSE,,,,,,,,44,Cargo Pants,Olive Green,,American Eagle,,Green,3,Slip-on Shoes,Matcha Green,,Moln,,Green,Green,Blue,Boxers,Green,18,OIive Green,Black,Stance,Christmas,Green,Glasses,Green,TRUE,,,,,,,,FALSE,,,,,,,,1,,"Mac and Cheese, Steak and Stout Pie","Meat, Cheese, and Crackers",,,,FALSE,TRUE,FALSE,FALSE,FALSE,FALSE,,,Napoli's,,,8,9,,Mango,"Broccoli, Cauliflour","Chicken, Pork, Beef",,,getting rid of food in fridge,Great pizza as usual,,,,,,,,0,FALSE,TRUE,Warm,TRUE,FALSE,0,TRUE,30,10310,4.77,29,50,137,2939,,,"NJTransit Bus, NJTransit Bus, Subway, Subway",FALSE,FALSE,,Jiwei,,,TRUE,TRUE,2,3,FALSE,,,FALSE,0,
2025-08-30,Saturday,35,August,Sunny,76,56,59,Hoboken,New Jersey,USA,Myrtle Beach,Sout Carolina,USA,"Myrtle Beach, Hoboken","New Jersey, South Carolina",USA,07:00,23:00,7,1,1,39,8,FALSE,94,Button-Up Shirt,Forest Green,White,,Knitted,Green,8,Japanese Leisure Pants,Olive Green,,,,Green,3,Slip-on Shoes,Matcha Green,,Moln,,Green,Green,Blue,Boxers,Green,46,Black,Neon Green,Atlanta Hawks,Atlanta Hawks,Black,Glasses,Green,TRUE,24,Kelly Green,White,Cap,Myrtle Beach,Myrtle Beach,Green,FALSE,,,,,,,,1,,Ham Croissantwich,Turkey Burger,,Hot Fries,,FALSE,FALSE,FALSE,FALSE,FALSE,FALSE,,Airport,Fuddrucker's,,,6,8,,"Banana, Tomato",Lettuce,"Turkey, Pork",,,alright,Fudd goes so hard,,,,,,,,0,FALSE,TRUE,Warm,FALSE,FALSE,0,FALSE,0,20355,9.13,22,50,180,4555,"Frisbee, Mini-Golf","180, 60",,TRUE,FALSE,,"Mom, Dad, Morgan, Matthew",,,TRUE,TRUE,2,3,FALSE,,,FALSE,0,
2025-08-31,Sunday,36,August,Cloudy,80,70,76,Myrtle Beach,Sout Carolina,USA,Myrtle Beach,Sout Carolina,USA,Myrtle Beach,New Jersey,USA,10:00,23:00,11,0,0,100,10,FALSE,95,Button-Up Shirt,White,Mint Green,H&M,Tropical,White,66,Swim Trunks,Emerald Green,,,,Green,6,Sandals,Electric Lime,Black,Nike,,Green,Red,Blue,Boxers,Red,46,Black,Neon Green,Atlanta Hawks,Atlanta Hawks,Black,Glasses,Green,TRUE,24,Kelly Green,White,Cap,Myrtle Beach,Myrtle Beach,Green,FALSE,,,,,,,,1,,Hot Dog,Jamaican Jerk Turkey Sub,,,,FALSE,FALSE,FALSE,FALSE,FALSE,FALSE,,,Firehouse Subs,,,7,8,,Banana,Lettuce,"Turkey, Pork",,,good burger,Big fan of turkey sandwich,,,,,,,,0,TRUE,TRUE,Warm,FALSE,FALSE,0,FALSE,0,3414,1.65,0,47,139,2434,Mini-Golf,60,,TRUE,FALSE,,"Mom, Dad, Morgan, Matthew",,,TRUE,TRUE,3,4,FALSE,,,FALSE,0,
2025-09-01,Monday,36,September,Sunny,82,64,70,Myrtle Beach,Sout Carolina,USA,Myrtle Beach,Sout Carolina,USA,Myrtle Beach,New Jersey,USA,10:00,23:00,11,0,0,100,10,FALSE,27,T-Shirt,Lime Green,White,Hawaiian Rumble,Hawaiian Rumble,Green,49,Shorts,Light Green,,allinmotion,,Green,3,Slip-on Shoes,Matcha Green,,Moln,,Green,Green,,Boxers,Green,58,White,Dark Green,Stance,Aztec,White,Glasses,Green,TRUE,24,Kelly Green,White,Cap,Myrtle Beach,Myrtle Beach,Green,FALSE,,,,,,,,1,,Ham Sandwich,"Maui Wowie Pizza (Pineapple, Pork, Broccoli)",,Jalepeño Chips,"Watermelon Rings, Tajin Gummy Bears, Tropical Fruit Snacks",FALSE,FALSE,FALSE,FALSE,FALSE,FALSE,,,Firebrick Pizza,,,6,9,,"Banana, Cantelope, Lemon, Pineapple","Broccoli, Lettuce","Pork, Chicken",,,sandwich was kinda wet lol,Maui Wowie wowied me-e,,,,,,,,0,FALSE,TRUE,Warm,FALSE,FALSE,0,FALSE,0,7308,3.71,1,50,108,2693,Mini-Golf,60,,TRUE,FALSE,,"Mom, Dad, Morgan, Matthew",,,TRUE,TRUE,5,6,FALSE,,,FALSE,0,
2025-09-02,Tuesday,36,September,Sunny,84,62,74,Myrtle Beach,Sout Carolina,USA,Myrtle Beach,Sout Carolina,USA,"Myrtle Beach, Norcross","New Jersey, Georgia",USA,08:00,23:00,9,0,0,100,10,FALSE,96,Polo,Blue,Pink,Chubbies,Palm Trees,Blue,70,Golf Shorts,Emerald Green,,Dockers,,Green,3,Slip-on Shoes,Matcha Green,,Moln,,Green,Green,Black,Boxers,Green,33,Forest Green,Yellow,Old Navy,Pineapples,Green,Glasses,Green,TRUE,24,Kelly Green,White,Cap,Myrtle Beach,Myrtle Beach,Green,FALSE,,,,,,,,1,,Chorizo Eggs Benedict,"Sauteed Shrimp, Rolls, Salad, Sweet Potato Mash",,Jalepeño Chips,"Watermelon Rings, Tajin Gummy Bears, Tropical Fruit Snacks",FALSE,FALSE,FALSE,FALSE,FALSE,FALSE,,Blueberry Grill,Chuck's,,,10,8,,"Banana, Cantelope, Avocado","Lettuce, Sweet Potato","Shrimp, Chorizo, Egg",,,I love blueberry grill,Chuck's rocks,,,,,,,,0,FALSE,TRUE,Warm,FALSE,FALSE,0,FALSE,0,12753,5.71,2,53,113,3227,Mini-Golf,120,,TRUE,FALSE,,"Mom, Dad, Morgan, Matthew",,,TRUE,TRUE,1,2,FALSE,,,FALSE,0,
2025-09-03,Wednesday,36,September,Sunny,81,63,76,Myrtle Beach,Sout Carolina,USA,Norcross,Georgia,USA,Norcross,Georgia,USA,04:00,00:00,5,3,3,100,8,FALSE,21,T-Shirt,Kelly Green,Blue,Hoboken,Hoboken,Green,8,Japanese Leisure Pants,Olive Green,,,,Green,3,Slip-on Shoes,Matcha Green,,Moln,,Green,Green,Blue,Boxers,Green,63,Seafoam Green,Gray,Amazon,,Green,Glasses,Green,TRUE,24,Kelly Green,White,Cap,Myrtle Beach,Myrtle Beach,Green,FALSE,,,,,,,,1,,Chicken Bacon Wrap,Wings,,Jalepeño Chips,"Watermelon Rings, Tajin Gummy Bears, Tropical Fruit Snacks",FALSE,FALSE,FALSE,FALSE,FALSE,FALSE,,,Nando's,,,6,8,,"Cantelope, Banana",Lettuce,"Chicken, Bacon",,,this was not amazing but servicable,Nando's chicken is so good,,,,,,,,0,FALSE,TRUE,Warm,FALSE,FALSE,0,FALSE,0,2773,1.31,6,48,94,2582,,,,TRUE,FALSE,,"Mom, Dad, Morgan, Matthew",,,TRUE,TRUE,2,3,FALSE,Marvel Rivals,,FALSE,0,
2025-09-04,Thursday,36,September,Sunny,84,70,76,Norcross,Georgia,USA,Hoboken,New Jersey,USA,"Norcross, Hoboken",New Jersey,USA,06:00,23:00,6,2,2,72,8,FALSE,21,T-Shirt,Kelly Green,Blue,Hoboken,Hoboken,Green,8,Japanese Leisure Pants,Olive Green,,,,Green,3,Slip-on Shoes,Matcha Green,,Moln,,Green,Red,Green,Boxers,Red,63,Seafoam Green,Gray,Amazon,,Green,Glasses,Green,TRUE,24,Kelly Green,White,Cap,Myrtle Beach,Myrtle Beach,Green,TRUE,17,Black,White,Rain Jacket,Champion,Harvard,Black,2,Blueberry Pancake w/ Bacon,Sushi,Shrimp Gyozas w/ Veggies,,,,TRUE,TRUE,FALSE,TRUE,TRUE,FALSE,,,,,,7,8,,,,"Shrimp, Salmon",,,Grocery store sushi,Yummy,,,,,,,,0,FALSE,TRUE,Warm,FALSE,FALSE,0,FALSE,0,7789,3.68,1,52,109,2681,,,,TRUE,FALSE,Lyft,"Mom, Dad, Jiwei","CWS, Sheetcheck",python,TRUE,TRUE,2,3,FALSE,Marvel Rivals,,FALSE,0,
2025-09-05,Friday,36,September,Sunny,86,72,78,Hoboken,New Jersey,USA,Hoboken,New Jersey,USA,Hoboken,New Jersey,USA,07:00,00:00,8,1,1,20,8,FALSE,2,Polo,Lime Green,,Grand Slam,,Green,63,Shorts,Dark Blue,Jungle Green,,Tropical Plants,Blue,11,Golf Shoes,White,Forest Green,Malbon,,White,Green,,Boxers,Green,34,Forest Green,,Uniqlo,,Green,Glasses,Green,TRUE,14,Cadmium Green,,Cap,MUD,,Green,FALSE,,,,,,,,1,,Shrimp Gyozas w/ Veggies,Pumpkin Samosas,,,,FALSE,TRUE,TRUE,TRUE,FALSE,FALSE,,,,,,8,8,,"Banana, Pumpkin","Broccoli, Carrot, Corn",Shrimp,,,Yummy,Wanted to get something quick while I played Marvel Rivals,,,,,,,,0,TRUE,TRUE,Warm,FALSE,FALSE,0,FALSE,0,10738,5.44,1,54,121,3309,"Frisbee, Golf","30, 130",,TRUE,FALSE,Lyft,"Kevin, Jiwei",,,TRUE,TRUE,3,4,FALSE,Marvel Rivals,,FALSE,0,
2025-09-06,Saturday,36,September,Sunny,87,73,79,Hoboken,New Jersey,USA,Hoboken,New Jersey,USA,Hoboken,New Jersey,USA,06:00,22:00,6,1,1,45,8,FALSE,34,Polo,Cadmium Green,,Greg Norman,,Green,71,Shorts,Seafoam Green,,,Tropical Plants,Green,11,Golf Shoes,White,Forest Green,Malbon,,White,Green,Black,Boxers,Green,66,Gray,Green,Old Navy,T-Rex,Gray,Glasses,Green,TRUE,33,Forest Green,,Cap,Tobacco Road,Tobacco Road,Green,FALSE,,,,,,,,1,,,Shrimp Noodles w/ Veggies,,,,FALSE,FALSE,FALSE,TRUE,FALSE,FALSE,,,,,,,9,,Banana,"Broccoli, Carrot, Corn",Shrimp,,,,Great TJ item,,,,,,,,0,FALSE,TRUE,Warm,FALSE,FALSE,0,FALSE,0,15779,7.01,13,55,133,3850,Golf,281,,TRUE,FALSE,,"Kevin, Jiwei, Tharan, Jed",,,TRUE,TRUE,3,4,FALSE,Marvel Rivals,,FALSE,0,
2025-09-07,Sunday,37,September,Rain,85,68,72,Hoboken,New Jersey,USA,Hoboken,New Jersey,USA,Hoboken,New Jersey,USA,08:00,00:00,10,1,1,62,8,FALSE,46,T-Shirt,Jungle Green,Black,Germany,,Green,5,Sweatpants,Chartreuse,,Adidas,Emojis,Green,5,Sandals,Forest Green,Orange,Adidas,,Green,Blue,Green,Boxers,Blue,16,Crimson,White,Harvard,Harvard,Red,Glasses,Green,FALSE,,,,,,,,FALSE,,,,,,,,1,,Shrimp Noodles w/ Veggies,Salmon Salad,,Truffle Chips,"Cinnamon Disks, Albanese Sour Gummy Worms",FALSE,TRUE,TRUE,TRUE,FALSE,FALSE,,,,,,9,7,,Banana,"Broccoli, Carrot, Corn","Shrimp, Salmon",,,Great TJ item,Good salad,,,,,,,,0,TRUE,TRUE,Wet,TRUE,FALSE,0,TRUE,30,11226,5,2,47,99,2886,,,,FALSE,FALSE,,Jiwei,,,TRUE,TRUE,2,3,FALSE,Marvel Rivals,,FALSE,0,
2025-09-08,Monday,37,September,Cloudy,73,57,67,Hoboken,New Jersey,USA,Hoboken,New Jersey,USA,Hoboken,New Jersey,USA,09:00,23:00,9,0,0,83,7,FALSE,46,T-Shirt,Jungle Green,Black,Germany,,Green,5,Sweatpants,Chartreuse,,Adidas,Emojis,Green,5,Sandals,Forest Green,Orange,Adidas,,Green,Green,,Boxers,Green,,,,,,,Glasses,Green,FALSE,,,,,,,,FALSE,,,,,,,,1,,Salmon w/ Rice,Turkey Quesadilla,,Truffle Chips,Cinnamon Disks,FALSE,TRUE,TRUE,TRUE,FALSE,FALSE,,,,,,,10,,Bell Pepper,,"Salmon, Turkey",,,Good salmon with rice,Quesadilla might be my favorite food,,,,,,,,0,FALSE,FALSE,,TRUE,FALSE,0,TRUE,30,6360,2.9,8,48,117,2679,,,,FALSE,FALSE,,Jiwei,"CWS, Sheetcheck",python,TRUE,TRUE,2,3,FALSE,Marvel Rivals,,FALSE,0,
2025-09-09,Tuesday,37,September,Partly Cloudy,74,62,68,Hoboken,New Jersey,USA,Hoboken,New Jersey,USA,"Hoboken, Manhattan","New Jersey, New York",USA,07:00,02:00,8,1,1,34,8,FALSE,13,T-Shirt,Blue,White,Zoom,Zoom,Blue,72,Shorts,Cadmium Green,,allinmotion,,Green,10,Sneakers,Black,Electric Lime,Nike,Curry,Black,Blue,White,Boxers,Blue,62,Electric Lime,Gray,Amazon,,Green,Contacts,,TRUE,23,Navy Blue,Pink,Cap,BE,Axolotl,Blue,TRUE,26,White,Blue,Sun Hoodie,Columbia,Columbia,White,2,,Turkey Quesadilla,"Volcano Chicken Sandwich, Hot Honey Chicken Sandwich, Chili Dog",,Truffle Chips,Cinnamon Disks,FALSE,TRUE,TRUE,FALSE,FALSE,FALSE,,,Tiki Chick,,,8,9,,Bell Pepper,Spinach,"Turkey, Chicken, Beef",,,Quesadillas are much better when the tortilla is crunchy but I still like the soft ones,"Volcano Chicken Sandwich is def my favorite, hot honey is a close second, and the hot dog is below that. I think I'm only going to order those from now on",,,,,,,,0,FALSE,TRUE,Neutral,TRUE,FALSE,0,TRUE,30,20090,9.32,13,51,189,4432,Frisbee,90,,TRUE,FALSE,,"Jiwei, Kevin, Joe, Deezy, Weezy","CWS, Sheetcheck",python,TRUE,TRUE,2,3,FALSE,,,TRUE,1,Marg
2025-09-10,Wednesday,37,September,Cloudy,73,61,62,Hoboken,New Jersey,USA,Hoboken,New Jersey,USA,Hoboken,New Jersey,USA,09:00,00:00,7,0,0,81,7,FALSE,31,T-Shirt,Kelly Green,White,Olympics,Olympics,Green,20,Joggers,Olive Green,,American Eagle,,Green,5,Sandals,Forest Green,Orange,Adidas,,Green,Blue,White,Boxers,Blue,,,,,,,Glasses,Green,TRUE,22,Neon Green,Black,Cap,Sprints,Lightning,Green,FALSE,,,,,,,,1,,Turkey Quesadilla,Turkey Bowl,,,"Cinnamon Disks, Tajin Peach Rings",FALSE,TRUE,TRUE,TRUE,FALSE,FALSE,,,,,,8,8,,"Bell Pepper, Banana",Spinach,Turkey,,,Soft quesadilla,turkey bowl was good,,,,,,,,0,FALSE,TRUE,Warm,FALSE,TRUE,30,FALSE,0,13967,6.49,10,54,165,3709,Frisbee,90,,FALSE,FALSE,,Jiwei,"CWS, Sheetcheck",python,TRUE,TRUE,2,3,TRUE,Marvel Rivals,,FALSE,0,
2025-09-11,Thursday,37,September,Sunny,82,62,81,Hoboken,New Jersey,USA,Hoboken,New Jersey,USA,Hoboken,New Jersey,USA,09:00,00:00,9,0,0,84,8,FALSE,65,T-Shirt,Forest Green,White,American Eagle,Eagle,Green,14,Pajama Pants,Dark Green,Lime Green,Care Bears,Care Bears,Green,5,Sandals,Forest Green,Orange,Adidas,,Green,Green,,Boxers,Green,,,,,,,Glasses,Green,FALSE,,,,,,,,FALSE,,,,,,,,1,,Turkey Quesadilla,Salmon w/ Rice,,,"Albanese Sour Gummy Worms, Tajin Peach Rings",FALSE,TRUE,TRUE,TRUE,FALSE,FALSE,,,,,,7,8,,"Bell Pepper, Banana",Spinach,Turkey,,,Soft quesadilla,Salmon good,,,,,,,,0,FALSE,FALSE,,FALSE,FALSE,0,FALSE,0,3448,1.63,0,53,108,2378,,,,FALSE,FALSE,,Jiwei,"Sheetcheck, Nextplay Nutrition",python,TRUE,TRUE,2,3,TRUE,Marvel Rivals,,FALSE,0,
2025-09-12,Friday,37,September,Cloudy,80,63,68,Hoboken,New Jersey,USA,Hoboken,New Jersey,USA,Hoboken,New Jersey,USA,07:00,23:00,7,0,0,62,7,FALSE,92,T-Shirt,Forest Green,Yellow,London Natural History Museum,Dinosaur,Green,2,Joggers,Forest Green,,American Eagle,,Green,7,Sneakers,Black,Kelly Green,Adidas,Lego,Black,Green,Blue,Boxers,Green,20,Forest Green,Dark Green,13th Tribe,Tribal,Green,Glasses,Green,TRUE,20,Olive Green,,Cap,,Dinosaur,Green,TRUE,9,Pistachio,,Hoodie,Costco,,Green,2,,,Pork Belly and Chicken over Rice/Veggies,,Hot BBQ Chips,Cinnamon Disks,FALSE,TRUE,TRUE,TRUE,FALSE,FALSE,,,Korea Kitchen,,,,8,,Banana,"Broccoli, Carrot, Cabbage","Pork, Chicken",,,,New place at the mall,,,fmovies,,,Peacemaker ,,1,FALSE,TRUE,Warm,FALSE,FALSE,0,FALSE,0,20763,9.21,6,50,160,3887,Frisbee,60,,FALSE,FALSE,,Jiwei,"Sheetcheck, Nextplay Nutrition",python,TRUE,TRUE,2,3,FALSE,Marvel Rivals,,FALSE,0,
2025-09-13,Saturday,37,September,Sunny,80,63,77,Hoboken,New Jersey,USA,Hoboken,New Jersey,USA,Hoboken,New Jersey,USA,10:00,23:00,11,1,1,62,8,FALSE,51,Button-Up Shirt,Jungle Green,White,American Eagle,Tropical Plants,Green,48,Sweatpants,Gray,Red,Adidas,,Gray,5,Sandals,Forest Green,Orange,Adidas,,Green,Green,Blue,Boxers,Green,,,,,,,Glasses,Green,TRUE,12,Olive Green,,Docker Cap,,Smile,Green,FALSE,,,,,,,,1,Banana Pancake w/ Cheese Omlette,,Salmon and Pan-Fried Bananas,,Jalepeño Pita Chips,Cinnamon Disks,TRUE,FALSE,FALSE,TRUE,TRUE,FALSE,,,,,10,,9,,Banana,,"Egg, Salmon",,Great breakfast on my day off,,Trying a new recipe and it worked out,,fmovies,,,Peacemaker,,,1,FALSE,TRUE,Warm,TRUE,FALSE,0,TRUE,30,12939,6.01,8,48,109,3081,,,"NJTransit Bus, NJTransit Bus, Subway, Subway",FALSE,FALSE,,"Jiwei, Kevin, Jed",Vyrtices,"python, R",TRUE,TRUE,2,3,FALSE,Marvel Rivals,,FALSE,0,
2025-09-14,Sunday,38,September,Sunny,82,65,71,Hoboken,New Jersey,USA,Hoboken,New Jersey,USA,"Hoboken, Manhattan","New Jersey, New York",USA,07:00,00:00,8,0,0,78,9,FALSE,90,T-Shirt,Eucalyptus,White,Harvard,Harvard,Green,49,Shorts,Light Green,,allinmotion,,Green,12,Slippers,Olive Green,Brown,LL Bean,,Green,Purple,,Boxers,Purple,67,Lime Green,,Amazon,,Green,Glasses,Green,TRUE,14,Cadmium Green,,Cap,MUD,,Green,FALSE,,,,,,,,1,,Bacon Egg and Cheese Bagel Sandwich,Turkey Sandwich,,Jalepeño Pita Chips,"Cinnamon Disks, Albanese Sour Gummy Worms",FALSE,FALSE,FALSE,TRUE,FALSE,FALSE,,Bagels on Broadway,,,,7,7,,Bell Pepper,"Spinach, Potato","Turkey, Egg, Bacon",,,Good,Good,,,,,,,,0,FALSE,TRUE,Warm,TRUE,FALSE,0,TRUE,30,20969,9.53,10,57,187,4792,Frisbee,180,"NJTransit Bus, NJTransit Bus, Subway, Subway",FALSE,FALSE,,"Jordan, Jed, Joe, Wilson, Keith",Vyrtices,"python, R",TRUE,TRUE,2,3,FALSE,,,FALSE,0,
2025-09-15,Monday,38,September,Sunny,81,65,71,Hoboken,New Jersey,USA,Hoboken,New Jersey,USA,Hoboken,New Jersey,USA,09:00,03:00,9,0,0,27,7,FALSE,4,Long Sleeve,Forest Green,,Polo,,Green,41,Sweatpants,Black,Electric Lime,Adidas,,Black,5,Sandals,Forest Green,Orange,Adidas,,Green,Blue,White,Boxers,Blue,,,,,,,Glasses,Green,FALSE,,,,,,,,FALSE,,,,,,,,1,,Turkey w/ Chips,Turkey Burger Salad,,Popcorners,Cinnamon Disks,FALSE,TRUE,TRUE,TRUE,FALSE,FALSE,,,,,,8,8,,"Apple, Banana, Coconut",Lettuce,Turkey,Ginger,,Good,Good,,,,,,,,0,FALSE,FALSE,,TRUE,FALSE,0,TRUE,30,3662,1.6,3,48,114,2552,,,,FALSE,FALSE,,,Nextplay Nutrition,python,TRUE,TRUE,2,3,TRUE,Marvel Rivals,,FALSE,0,
2025-09-16,Tuesday,38,September,Cloudy,74,64,72,Hoboken,New Jersey,USA,Hoboken,New Jersey,USA,Hoboken,New Jersey,USA,07:00,00:00,4,2,2,40,7,FALSE,26,Athletic Shirt,Blue,Grass Green,MUD,MUD,Blue,22,Sweatpants,Forest Green,Gray,Nike,,Green,5,Sandals,Forest Green,Orange,Adidas,,Green,Blue,Red,Boxers,Blue,62,Electric Lime,Gray,Amazon,,Green,Glasses,Green,TRUE,25,Electric Lime,,Cap,Sprints,Lightning,Green,TRUE,11,Cornflour Blue,,Hoodie,,,Blue,2,,,Turkey Burger Salad,,Popcorners,Cinnamon Disks,FALSE,FALSE,FALSE,TRUE,TRUE,FALSE,,,,,,,8,,,Lettuce,Turkey,,,,Good,,,,,,,,0,FALSE,TRUE,Neutral,TRUE,FALSE,0,TRUE,30,10555,4.85,9,47,162,2954,Frisbee,90,,FALSE,FALSE,,,"Sheetcheck, Nextplay Nutrition",python,TRUE,TRUE,3,5,FALSE,,,FALSE,0,
2025-09-17,Wednesday,38,September,Cloudy,69,65,66,Hoboken,New Jersey,USA,Hoboken,New Jersey,USA,"Hoboken, Manhattan","New Jersey, New York",USA,09:00,00:00,9,0,0,52,8,FALSE,15,Athletic Shirt,Lime Green,Dark Green,MUD,Summer Ultmate,Green,2,Joggers,Forest Green,,American Eagle,,Green,17,Sneakers,Crimson,Neon Green,Nike,Darth Maul,Red,Green,Blue,Boxers,Green,62,Electric Lime,Gray,Amazon,,Green,Glasses,Green,TRUE,25,Electric Lime,,Cap,Sprints,Lightning,Green,TRUE,9,Pistachio,,Hoodie,Costco,,Green,2,,Sushi,Sausage and Pepper Pizza,,,"Cinnamon Disks, Sour Eyeballs",FALSE,TRUE,FALSE,FALSE,FALSE,FALSE,,,Street Pizza,,,7,8,,"Bell Pepper, Jalepeño, Avocado",Carrot,"Sausage, Salmon",,,Cheap sushi,I like the pizza van that comes near here,,,fmovies,,,,The Royal Tenebaums,1,FALSE,TRUE,Neutral,FALSE,FALSE,0,FALSE,0,16597,7.68,21,50,136,3709,Climbing,180,"NJTransit Bus, NJTransit Bus, Subway, Subway",FALSE,FALSE,,"Jiwei, Joe","Sheetcheck, Nextplay Nutrition",python,TRUE,TRUE,2,3,TRUE,Marvel Rivals,,FALSE,0,
2025-09-18,Thursday,38,September,Sunny,83,66,76,Hoboken,New Jersey,USA,Hoboken,New Jersey,USA,Hoboken,New Jersey,USA,09:00,03:00,9,0,0,30,8,FALSE,3,Long Sleeve,Kelly Green,Yellow,Reebok,Power Rangers,Green,24,Joggers,White,Black,American Eagle,,White,19,Sneakers,Neon Green,Black,Sketchers,,Green,Black,Blue,Boxers,Black,45,White,Green,Nintendo,Yoshi,White,Glasses,Green,TRUE,26,Kelly Green,,Cap,Daldot,,Green,FALSE,,,,,,,,1,,Sushi,Ginger Shrimp Lo Mein,,"Pickle Almonds, Spicy Buffalo Chip Lays","Cinnamon Disks, Sour Eyeballs",FALSE,TRUE,FALSE,FALSE,FALSE,FALSE,,,,,,6,8,,Avocado,Carrot,"Crab, Shrimp",,,Cheap sushi,Another TJ item to the list. I need to power rank all of these eventually,,,,,,,,0,TRUE,TRUE,Neutral,TRUE,FALSE,0,TRUE,30,6467,2.89,0,49,119,2954,,,,FALSE,FALSE,,Jiwei,"Sheetcheck, Nextplay Nutrition",python,TRUE,TRUE,2,3,FALSE,Marvel Rivals,,FALSE,0,
2025-09-19,Friday,38,September,Sunny,84,67,76,Hoboken,New Jersey,USA,Hoboken,New Jersey,USA,Hoboken,New Jersey,USA,07:00,23:00,4,2,2,57,8,FALSE,10,Button-Up Shirt,Pastel Green,Jungle Green,Columbia,Tropical Plants,Green,15,Swishy Sweatpants,Forest Green,White,Holloway,Daldot,Green,5,Sandals,Forest Green,Orange,Adidas,,Green,Blue,White,Boxers,Blue,,,,,,,Glasses,Green,TRUE,14,Cadmium Green,,Cap,MUD,,Green,FALSE,,,,,,,,1,,Sushi,Turkey Egg and Cheese Bagels,,"Pickle Almond, Candied Oranges",,FALSE,TRUE,FALSE,TRUE,FALSE,FALSE,,,,,,6,8,,"Avocado, Tomato, Orange",Carrot,"Salmon, Egg, Turkey",,,Cheap sushi,I should have toasted the bagels. Otherwise great,,,fmovies,,,Peacemaker,,0,FALSE,TRUE,Warm,TRUE,FALSE,0,TRUE,30,15942,7.38,12,52,169,3717,Frisbee,120,,FALSE,FALSE,,Jiwei,"Sheetcheck, Nextplay Nutrition",python,TRUE,TRUE,2,3,FALSE,,,FALSE,0,
2025-09-20,Saturday,38,September,Sunny,74,60,68,Hoboken,New Jersey,USA,Hoboken,New Jersey,USA,"Hoboken, Manhattan","New Jersey, New York",USA,05:00,23:00,6,0,0,21,9,FALSE,62,Polo,Lime Green,,Nautica,,Green,34,Joggers,Black,,American Eagle,,Black,11,Golf Shoes,White,Forest Green,Malbon,,White,Green,White,Boxers,Green,57,Black,Forest Green,Harry Potter,Slytherin,Black,Glasses,Green,TRUE,21,Lime Green,,Cap,Black Mesa,Dragon,Green,FALSE,,,,,,,,0,,Burger and Fries,Korean BBQ,Shrimp Dumplings,,Cinnamon Disks,FALSE,FALSE,FALSE,FALSE,FALSE,FALSE,,Five Guys,,,,8,9,,"Tomato, Cucumber",Lettuce,Beef,,,,Kaishu's housewarming had really good food,Shrimp dumplings are the best dumplings,,,,,,,0,FALSE,TRUE,Warm,FALSE,FALSE,0,FALSE,0,29349,13.24,25,52,119,4693,Golf,323,,TRUE,FALSE,Lyft,"Jiwei, Kaishu, Leo, Jed",,,TRUE,TRUE,3,4,FALSE,Marvel Rivals,,FALSE,0,
2025-09-21,Sunday,39,September,Partly Cloudy,72,56,62,Hoboken,New Jersey,USA,Hoboken,New Jersey,USA,"Hoboken, Manhattan","New Jersey, New York",USA,07:00,23:00,8,1,1,50,8,FALSE,3,Long Sleeve,Kelly Green,Yellow,Reebok,Power Rangers,Green,2,Joggers,Forest Green,,American Eagle,,Green,19,Sneakers,Neon Green,Black,Sketchers,,Green,Green,Red,Boxers,Green,32,Black,Electric Lime,Underarmour,,Black,Glasses,Green,TRUE,25,Electric Lime,,Cap,Sprints,Lightning,Green,TRUE,45,Black,,,Patagonia,BRed Line,Black,1,,"Shrimp Dumplings, Beef, Asparagus, Pork Shu Mai",Dim Sum,,,Cinnamon Disks,FALSE,FALSE,FALSE,FALSE,FALSE,FALSE,,Dim Sum,China Cafe,,,8,8,,Tomato,"Asparagus, Carrot, Leek","Beef, Duck, Chicken, Shrimp, Egg",,,Also great dim sum,Really good dim sum,,,,,,,,0,FALSE,TRUE,Chilly,FALSE,FALSE,0,FALSE,0,24075,11.23,15,48,179,4445,Frisbee,180,"NJTransit Bus, NJTransit Bus, Subway, Subway",FALSE,FALSE,,"Jiwei, Kevin, Jed, Jordan",,,TRUE,TRUE,2,3,FALSE,,,FALSE,0,
2025-09-22,Monday,39,September,Cloudy,75,56,62,Hoboken,New Jersey,USA,Hoboken,New Jersey,USA,Hoboken,New Jersey,USA,07:00,23:00,8,0,0,72,7,FALSE,97,T-Shirt,Emerald Green,White,Kohl's,Legends Golf,Green,17,Shorts,Black,Electric Lime,Adidas,,Black,12,Slippers,Olive Green,Brown,LL Bean,,Green,Green,,Boxers,Green,,,,,,,Glasses,Green,FALSE,,,,,,,,TRUE,9,Pistachio,,Hoodie,Costco,,Green,2,,Turkey and Cheese Bagel,Steak Quesadilla,,,"Cinnamon Disks, Tajin Gummy Bears",FALSE,TRUE,FALSE,TRUE,FALSE,FALSE,,,,,,7,10,,"Banana, Bell Pepper",,"Turkey, Beef",,,Good bagel,I should just eat quesadilla for a week or something. I always make good ones,,,,,,,,0,FALSE,FALSE,,TRUE,TRUE,30,TRUE,30,11616,5.42,4,49,115,3017,,,,FALSE,FALSE,,Jiwei,Nextplay Nutrition,python,TRUE,TRUE,2,3,FALSE,Marvel Rivals,,FALSE,0,
2025-09-23,Tuesday,39,September,Cloudy,83,64,74,Hoboken,New Jersey,USA,Hoboken,New Jersey,USA,Hoboken,New Jersey,USA,07:00,23:00,8,2,2,85,7,FALSE,59,Henley,Cyan,,Forever 21,,Blue,37,Sweatpants,Lime Green,White,H&M,,Green,5,Sandals,Forest Green,Orange,Adidas,,Green,Blue,White,Boxers,Blue,,,,,,,Glasses,Green,TRUE,14,Cadmium Green,,Cap,MUD,,Green,FALSE,,,,,,,,1,,Steak Burrito,Tomato Mozzerella Salad,,,"Cinnamon Disks, Strawberry Gummies",FALSE,TRUE,TRUE,TRUE,FALSE,FALSE,,,,,,9,8,,"Banana, Bell Pepper, Tomato",Spinach,Beef,,,And the quesadilla makes good leftovers,Gotta love an italian salad,,,,,,,,0,TRUE,TRUE,Warm,TRUE,FALSE,0,TRUE,30,20133,9.2,8,43,167,4025,Frisbee,90,,FALSE,FALSE,,Jiwei,Nextplay Nutrition,python,TRUE,TRUE,2,3,FALSE,Marvel Rivals,,FALSE,0,
2025-09-24,Wednesday,39,September,Cloudy,79,68,71,Hoboken,New Jersey,USA,Hoboken,New Jersey,USA,Hoboken,New Jersey,USA,07:00,23:00,8,0,0,50,7,FALSE,99,T-Shirt,Lime Green,White,Vidyard,Vidyard,Green,41,Sweatpants,Black,Electric Lime,Adidas,,Black,5,Sandals,Forest Green,Orange,Adidas,,Green,Green,Blue,Boxers,Green,,,,,,,Glasses,Green,FALSE,,,,,,,,FALSE,,,,,,,,1,,Tomato Mozzerella Sandwich,Breakfast Sausage Crepe,,,,FALSE,TRUE,TRUE,TRUE,FALSE,FALSE,,,,,,7,8,,Tomato,,Chicken,,,Good sandwich,Crepes are actually really delicious especially with savory ingredients. I need to do more experiments with crepes,,,,,,,,0,FALSE,TRUE,Warm,TRUE,FALSE,0,TRUE,30,8548,3.99,5,46,142,3082,,,,FALSE,FALSE,,Jiwei,Nextplay Nutrition,python,TRUE,TRUE,2,3,TRUE,,,FALSE,0,
2025-09-25,Thursday,39,September,Rain,78,67,70,Hoboken,New Jersey,USA,Hoboken,New Jersey,USA,Hoboken,New Jersey,USA,09:00,00:00,10,1,1,89,7,FALSE,51,Button-Up Shirt,Jungle Green,White,American Eagle,Tropical Plants,Green,43,Shorts,Emerald Green,Neon Green,Nike,,Green,13,Slip-on Shoes,Electric Lime,,Moln,,Green,Green,Red,Boxers,Green,,,,,,,Glasses,Green,FALSE,,,,,,,,FALSE,,,,,,,,1,,Breakfast Sausage Crepe,Turkey and Cheese Bagel,,,,FALSE,TRUE,TRUE,TRUE,FALSE,FALSE,,,,,,8,7,,,,"Turkey, Chicken",,,Still good the second time around,Struggling,,,,,,,,0,FALSE,FALSE,,TRUE,FALSE,0,TRUE,30,7103,3.27,11,52,136,2983,,,,FALSE,FALSE,,Jiwei,Nextplay Nutrition,python,TRUE,TRUE,2,3,FALSE,,,FALSE,0,
2025-09-26,Friday,39,September,Partly Cloudy,85,66,74,Hoboken,New Jersey,USA,Hoboken,New Jersey,USA,Hoboken,New Jersey,USA,08:00,02:00,8,0,0,23,9,FALSE,63,Button-Up Shirt,Jungle Green,White,H&M,Tropical Plants,Green,2,Joggers,Forest Green,,American Eagle,,Green,7,Sneakers,Black,Kelly Green,Adidas,Lego,Black,Green,,Boxers,Green,68,Lime Green,White,Mint,Leaves,Green,Glasses,Green,TRUE,27,Kelly Green,,Cap,Adidas,,Green,FALSE,,,,,,,,1,,Turkey and Cheese Bagel,Pizza,,Jalepeño Pita Chips,,FALSE,TRUE,TRUE,FALSE,FALSE,FALSE,,,Morristown Pizza,,,8,7,,Tomato,,"Turkey, Chicken",,,Struggling,Good pizza at the axolotl party,,,,,,,,0,FALSE,TRUE,Warm,FALSE,FALSE,0,FALSE,0,20615,9.67,9,49,171,4324,Frisbee,90,Amtrak,TRUE,FALSE,Lyft,Jiwei,Nextplay Nutrition,python,TRUE,TRUE,2,3,TRUE,,,TRUE,8,"Seltzer, Seltzer, Seltzer, Seltzer, Beef, Beer, Old Bay Shot, Whiskey Shot"
2025-09-27,Saturday,39,September,Partly Cloudy,79,65,69,Hoboken,New Jersey,USA,Hoboken,New Jersey,USA,Hoboken,New Jersey,USA,12:00,23:30,10,0,0,56,9,FALSE,100,Polo,Pistachio,,Polo,,Green,51,Golf Shorts,Forest Green,White,,Sailboats,Green,13,Slip-on Shoes,Electric Lime,,Moln,,Green,Blue,White,Boxers,Blue,21,Lime Green,Light Green,,Golf,Green,Glasses,Green,TRUE,10,Dark Blue,Green,Cap,Hoboken Golf,Hoboken Golf,Blue,FALSE,,,,,,,,1,,,Rosario's,,,,FALSE,FALSE,FALSE,FALSE,FALSE,FALSE,,,Rosario's,,,,7,,Tomato,,Chicken,,,,Starving,,,,,,,,0,FALSE,TRUE,Warm,FALSE,FALSE,0,FALSE,0,10995,4.86,15,53,123,3162,Golf,154,,FALSE,FALSE,,"Jiwei, Leo",,,TRUE,TRUE,2,6,FALSE,,,FALSE,0,
2025-09-28,Sunday,40,September,Partly Cloudy,85,67,74,Hoboken,New Jersey,USA,Hoboken,New Jersey,USA,"Hoboken, Manhattan","New Jersey, New York",USA,07:30,00:00,8,0,0,72,9,FALSE,25,Athletic Shirt,Lime Green,Gray,Harvard,Harvard Ultimate,Green,62,Shorts,Black,White,BRed Line,Toast,Black,8,Sneakers,Lime Green,Emerald Green,Nike,,Green,Red,Green,Boxers,Red,53,Neon Green,,Stance,,Green,Glasses,Green,TRUE,28,Black,Neon Green,Cap,Sprints,Ligtning,Black,FALSE,,,,,,,,1,,"Shrimp Dumpling, Duck Dumpling, Seasame Balls",Chicken Wings,,Jalepeño Pita Chips,,FALSE,FALSE,FALSE,FALSE,FALSE,FALSE,,,,,,8,8,,,Carrot,"Shrimp, Duck, Chicken",,,New DSS spot with new duck dumpling. Really really good,I was so hungry and these wings were really good. Dry rub is def the move since getting sticky fingers on the clubs is kinda gross,,,fmovies,,,,Gen V,1,FALSE,TRUE,Warm,FALSE,FALSE,0,FALSE,0,24894,11.36,16,52,177,4978,Frisbee,90,"NJTransit Bus, NJTransit Bus, Subway, Subway",FALSE,FALSE,,"Jiwei, Kevin, Tharan, Jed, Deezy, Weezy, Wilson, Joe",,,TRUE,TRUE,3,4,FALSE,,,FALSE,0,
2025-09-29,Monday,40,September,Partly Cloudy,80,65,72,Hoboken,New Jersey,USA,Hoboken,New Jersey,USA,"Hoboken, Manhattan","New Jersey, New York",USA,08:00,00:00,8,0,0,46,7,FALSE,17,T-Shirt,Lime Green,Black,Valdolsta State,Valdolsta State,Green,13,Joggers,Crimson,,American Eagle,,Red,5,Sandals,Forest Green,Orange,Adidas,,Green,Green,Red,Boxers,Green,,,,,,,Glasses,Green,FALSE,,,,,,,,FALSE,,,,,,,,1,,Bagel,Beef and Broccoli,,Jalepeño Pita Chips,,FALSE,TRUE,FALSE,TRUE,FALSE,FALSE,,,,,,7,8,,Mango,Broccoli,Beef,,,Good,Great,,,,,,,,0,FALSE,TRUE,Neutral,TRUE,FALSE,0,TRUE,30,10755,4.93,25,52,137,3048,Climbing,120,"NJTransit Bus, NJTransit Bus, Subway, Subway",FALSE,FALSE,,"Jiwei, Joe","Sheetcheck, Nextplay Nutrition",python,TRUE,TRUE,2,3,FALSE,,,FALSE,0,
2025-09-30,Tuesday,40,September,Cloudy,80,65,69,Hoboken,New Jersey,USA,Hoboken,New Jersey,USA,Hoboken,New Jersey,USA,08:00,23:00,8,0,0,38,7,TRUE,87,Athletic Shirt,Light Blue,Pink,VCU,Axolotls,Blue,16,Pajama Pants,Forest Green,Red,Old Navy,Candy Canes,Green,5,Sandals,Forest Green,Orange,Adidas,,Green,Green,White,Boxers,Green,,,,,,,Glasses,Green,FALSE,,,,,,,,TRUE,26,White,Blue,Sun Hoodie,Columbia,Columbia,White,2,,Beef and Broccoli,Potato Pepper Tacos,,,TJ's Fruit Jellies,FALSE,TRUE,TRUE,TRUE,FALSE,FALSE,,,,,,8,7,,"Mango, Coconut",Broccoli,Beef,Ginger,,Great,Good,,,,,,,,0,FALSE,TRUE,Neutral,FALSE,FALSE,0,FALSE,0,14591,6.68,14,48,125,3355,"Basketball, Climbing","90, 60","NJTransit Bus, NJTransit Bus, Subway, Subway",FALSE,FALSE,,"Jiwei, Joe","Sheetcheck, Nextplay Nutrition",python,TRUE,TRUE,2,2,FALSE,,,FALSE,0,
2025-10-01,Wednesday,40,October,Sunny,70,57,59,Hoboken,New Jersey,USA,"Washington, D.C.",,USA,"Hoboken, DC","New Jersey, District of Columbia",USA,06:00,00:00,7,0,0,80,8,TRUE,101,T-Shirt,Forest Green,,Kohl's,Pocket Square,Green,24,Joggers,White,Black,American Eagle,,White,7,Sneakers,Black,Kelly Green,Adidas,Lego,Black,Green,Blue,Boxers,Green,22,Black,Green,Nike,,Black,Glasses,Green,TRUE,29,Forest Green,,Cap,H&M,,Green,TRUE,46,Emerald Green,,Pullover,Izod,Quarter Zip,Green,2,Bacon Egg and Cheese,Pork Belly Bowl,Lamb Tibs,,"Taco Chips, Ketchup Chips",Cinnamon Disks,FALSE,FALSE,FALSE,FALSE,FALSE,FALSE,Penn Station,Cracked Eggery,Family Ethopian Restaurant,,7,8,9,,,"Lettuce, Carrot","Egg, Bacon, Pork, Lamb",,Yummy,Very good brunch place in DC. Would definitely recommmend,Ethopian food is king in DC. Some of the best I've had there,,,,,,,,0,FALSE,TRUE,Neutral,TRUE,FALSE,0,TRUE,30,17813,8.12,11,50,136,3499,,,Amtrak,FALSE,FALSE,,,"Sheetcheck, Nextplay Nutrition",python,TRUE,TRUE,2,2,FALSE,,,FALSE,0,
2025-10-02,Thursday,40,October,Cloudy,68,54,67,"Washington, D.C.",,USA,"Washington, D.C.",,USA,DC,"New Jersey, District of Columbia",USA,07:00,22:00,7,0,0,99,8,TRUE,101,T-Shirt,Forest Green,,Kohl's,Pocket Square,Green,30,Dress Pants,Black,,Kohl's,,Black,7,Sneakers,Black,Kelly Green,Adidas,Lego,Black,Black,Green,Boxers,Black,3,Black,Neon Green,Stance,Space,Black,Glasses,Green,TRUE,29,Forest Green,,Cap,H&M,,Green,FALSE,,,,,,,,1,"Sausage, Egg, Waffle",Shrimp Sushi,Dim Sum Dumplings,,Pickle Flaming Hot Cheetos,Cinnamon Disks,FALSE,FALSE,FALSE,FALSE,FALSE,FALSE,Hyatt House,Giant,Korean Bar,,8,6,9,,"Strawberry, Blueberry","Leek, Spinach","Egg, Pork, Shrimp, Beef",,I really liked the breakfast at the hotel.,"Good sushi, had to work so I couldn't get another thing to eat",Great meal with Won at a Korean bar,,,,,,,,0,TRUE,TRUE,Warm,FALSE,FALSE,0,FALSE,0,8851,4.01,12,53,117,2799,,,,FALSE,FALSE,,Won,"Sheetcheck, Nextplay Nutrition",python,TRUE,TRUE,2,5,TRUE,,,TRUE,6,"Soju, Soju, Soju, Whiskey, Cocktail, Beer"
2025-10-03,Friday,40,October,Cloudy,73,54,62,"Washington, D.C.",,USA,Hoboken,New Jersey,USA,"Hoboken, DC","New Jersey, District of Columbia",USA,07:00,00:00,9,1,1,42,8,TRUE,60,T-Shirt,Kelly Green,Light Blue,Hoboken,Hoboken,Green,24,Joggers,White,Black,American Eagle,,White,7,Sneakers,Black,Kelly Green,Adidas,Lego,Black,Blue,,Boxers,Blue,69,Mint Green,,Amazon,,Green,Glasses,Green,TRUE,29,Forest Green,,Cap,H&M,,Green,TRUE,46,Emerald Green,,Pullover,Izod,Quarter Zip,Green,2,"Canadian Bacon, Egg, French Toast Sticks",,Fogo,,,Cinnamon Disks,FALSE,FALSE,FALSE,FALSE,FALSE,FALSE,Hyatt House,,Fogo,,8,,10,,"Strawberry, Blueberry",,"Egg, Pork, Chicken, Beef",,I really liked the breakfast at the hotel.,,I always enjoy my time at Fogo,,,,,,,,0,FALSE,TRUE,Chilly,FALSE,FALSE,0,FALSE,0,12144,5.73,14,49,144,2964,,,Amtrak,FALSE,FALSE,,"Jiwei, Deezy, Weezy, Jed","Sheetcheck, Nextplay Nutrition",python,TRUE,TRUE,2,3,TRUE,Marvel Rivals,,FALSE,0,
2025-10-04,Saturday,40,October,Sunny,83,62,67,Hoboken,New Jersey,USA,Hoboken,New Jersey,USA,Hoboken,New Jersey,USA,08:00,23:30,8,0,0,30,8,TRUE,35,Polo,Lime Green,,,Golf Clubs,Green,39,Joggers,Khaki,,American Eagle,,Brown,11,Golf Shoes,White,Forest Green,Malbon,,White,Green,White,Boxer Briefs,Green,45,White,Green,Nintendo,Yoshi,White,Glasses,Green,TRUE,21,Lime Green,,Cap,Black Mesa,Dragon,Green,FALSE,,,,,,,,1,,,Pretzel Spicy Chicken Sandwich,,,,FALSE,FALSE,FALSE,FALSE,FALSE,FALSE,,,Chik-fil-a,,,,10,,Tomato,Lettuce,Chicken,,,,Might be the best thing Chik-fil-a has ever produced. wow,,,,,,,,0,FALSE,TRUE,Warm,FALSE,FALSE,0,FALSE,0,23803,10.63,47,47,138,4222,"Tennis, Golf","80, 240",,FALSE,FALSE,,"Jed, Tharan, Kevin, Jiwei",,,TRUE,TRUE,2,3,FALSE,Marvel Rivals,,FALSE,0,
2025-10-05,Sunday,41,October,Sunny,85,62,73,Hoboken,New Jersey,USA,Hoboken,New Jersey,USA,Hoboken,New Jersey,USA,07:30,23:00,8,0,0,76,9,TRUE,74,Mesh Polo,Mint Green,,Kohl's,,Green,30,Dress Pants,Black,,Kohl's,,Black,17,Sneakers,Crimson,Neon Green,Nike,Darth Maul,Red,Red,Yellow,Boxers,Red,60,Forest Green,,NXTBRND,,Green,Contacts,,TRUE,14,Cadmium Green,,Cap,MUD,,Green,FALSE,,,,,,,,1,,,BLT,Froyo,Buffalo Cheetos,Red Hots,FALSE,FALSE,FALSE,FALSE,FALSE,FALSE,,,Elysian Cafe,,,,8,,Tomato,Lettuce,Bacon,,,,Can't believe a witch cursed this place. The BLT was pretty good,,,,,,,,0,FALSE,TRUE,Hot,FALSE,FALSE,0,FALSE,0,29421,13.51,16,45,176,5650,Frisbee,300,,FALSE,FALSE,,"Jiwei, Deezy, Jed, Kaishu",,,TRUE,TRUE,2,3,FALSE,Marvel Rivals,,FALSE,0,
2025-10-06,Monday,41,October,Sunny,78,61,66,Hoboken,New Jersey,USA,Hoboken,New Jersey,USA,Hoboken,New Jersey,USA,08:00,00:00,9,1,1,17,7,FALSE,36,T-Shirt,Forest Green,Light Green,Old Navy,Indoors Club,Green,8,Japanese Leisure Pants,Olive Green,,,,Green,5,Sandals,Forest Green,Orange,Adidas,,Green,Green,Black,Boxers,Green,,,,,,,Glasses,Green,FALSE,,,,,,,,FALSE,,,,,,,,1,,Salmon Sushi,Salmon Pretzel Burger,,Buffalo Cheetos,Red Hots,FALSE,TRUE,FALSE,TRUE,FALSE,FALSE,,,,,,7,10,,"Bell Pepper, Grape, Pickle",Lettuce,Salmon,,,Grocery store sushi,"One of the best things I have made, the pretzel bun is my new favorite",,,,,,,,0,TRUE,TRUE,Warm,FALSE,FALSE,0,FALSE,0,14531,6.89,0,49,162,3297,,,,FALSE,FALSE,,Jiwei,Nextplay Nutrition,python,TRUE,TRUE,3,4,TRUE,Marvel Rivals,,FALSE,0,
2025-10-07,Tuesday,41,October,Cloudy,79,65,79,Hoboken,New Jersey,USA,Hoboken,New Jersey,USA,"Hoboken, Manhattan","New Jersey, New York",USA,07:00,00:00,7,1,1,61,7,FALSE,102,Button-Up Shirt,Light Blue,Fern Green,George,Island,Blue,6,Sweatpants,Eucalyptus,,,,Green,5,Sandals,Forest Green,Orange,Adidas,,Green,Green,Red,Boxers,Green,70,White,Blue,Nintendo,Toad,White,Glasses,Green,FALSE,,,,,,,,FALSE,,,,,,,,1,,Salmon Pretzel Burger,Salmon w/ Rice and Bell Pepper,,Plantains,,FALSE,TRUE,TRUE,TRUE,TRUE,FALSE,,,,,,10,9,,"Bell Pepper, Pickle",Lettuce,Salmon,,,I elevated the dish by toasting the buns as well,Leftovers using hot sauce,,,,,,,,0,FALSE,TRUE,Warm,TRUE,FALSE,0,TRUE,30,19899,9.09,16,46,100,3678,Frisbee,120,"NJTransit Bus, NJTransit Bus, Subway, Subway",FALSE,FALSE,,Jiwei,Nextplay Nutrition,python,TRUE,TRUE,2,3,TRUE,Marvel Rivals,,TRUE,1,Autumn Cocktail
2025-10-08,Wednesday,41,October,Cloudy,71,56,65,Hoboken,New Jersey,USA,Hoboken,New Jersey,USA,Hoboken,New Jersey,USA,08:00,00:00,8,1,1,15,8,FALSE,21,T-Shirt,Kelly Green,Blue,Hoboken,Hoboken,Green,74,Pajama Pants,Emerald Green,,H&M,Golf,Green,5,Sandals,Forest Green,Orange,Adidas,,Green,Blue,Magenta,Boxers,Blue,,,,,,,Glasses,Green,FALSE,,,,,,,,FALSE,,,,,,,,1,,Butternut Squash Mac and Cheese,Salmon Salad,,,,FALSE,TRUE,FALSE,TRUE,TRUE,FALSE,,,,,,8,8,,,"Squash, Lettuce",Salmon,,,TJ,I love salmon,,,,,,,,0,FALSE,FALSE,,TRUE,FALSE,0,TRUE,30,4463,2.04,0,50,91,2306,,,,FALSE,FALSE,,Jiwei,Nextplay Nutrition,python,TRUE,TRUE,2,3,FALSE,Marvel Rivals,,FALSE,0,
2025-10-09,Thursday,41,October,Sunny,61,49,46,Hoboken,New Jersey,USA,Hoboken,New Jersey,USA,Hoboken,New Jersey,USA,08:00,00:00,8,0,0,31,8,FALSE,103,T-Shirt,Kelly Green,Yellow,Target,Grinch,Green,18,Sweatpants,Gray,,Monstercat,,Gray,6,Sandals,Electric Lime,Black,Nike,,Green,Green,,Boxers,Green,,,,,,,Glasses,Green,FALSE,,,,,,,,TRUE,9,Pistachio,,Hoodie,Costco,,Green,2,,Salmon w/ Rice,Vegetable Biryani,,,,FALSE,TRUE,TRUE,TRUE,FALSE,FALSE,,,,,,8,7,,,"Peas, Chickpeas, Carrot",Salmon,,,I love salmon,Good,,,,,,,,0,FALSE,TRUE,Warm,FALSE,FALSE,0,FALSE,0,6719,3.12,5,48,105,2804,,,,FALSE,FALSE,,Jiwei,,,TRUE,TRUE,2,3,FALSE,Marvel Rivals,,FALSE,0,
2025-10-10,Friday,41,October,Partly Cloudy,63,57,55,Hoboken,New Jersey,USA,Hoboken,New Jersey,USA,Hoboken,New Jersey,USA,08:00,00:00,8,0,0,37,8,FALSE,51,Button-Up Shirt,Jungle Green,White,American Eagle,Tropical Plants,Green,6,Sweatpants,Eucalyptus,,,,Green,17,Sneakers,Crimson,Neon Green,Nike,Darth Maul,Red,Red,Green,Boxers,Red,67,Lime Green,,Amazon,,Green,Glasses,Green,TRUE,28,Black,Neon Green,Cap,Sprints,Ligtning,Black,FALSE,,,,,,,,1,,Turkey Sandwich,Pepperoni Pizza,,,,FALSE,TRUE,FALSE,FALSE,FALSE,FALSE,,,10th Street Pizza,,,7,8,,"Banana, Apple, Bell Pepper",Spinach,"Turkey, Pepperoni",Ginger,,Good,This pizza place is actually pretty good,,,,,,,,0,FALSE,TRUE,Cold,FALSE,FALSE,0,FALSE,0,14697,6.81,1,43,181,3547,Frisbee,120,,FALSE,FALSE,,"Jiwei, Tharan, Jed, Leo",,,TRUE,TRUE,2,3,FALSE,Marvel Rivals,,FALSE,0,
2025-10-11,Saturday,41,October,Rain,66,60,58,Hoboken,New Jersey,USA,Hoboken,New Jersey,USA,Hoboken,New Jersey,USA,11:00,00:00,11,1,1,20,8,FALSE,34,Polo,Cadmium Green,,Greg Norman,,Green,75,Joggers,Olive Green,,Gap,,Green,11,Golf Shoes,White,Forest Green,Malbon,,White,Green,,Boxers,Green,69,Mint Green,,Amazon,,Green,Glasses,Green,TRUE,10,Dark Blue,Green,Cap,Hoboken Golf,Hoboken Golf,Blue,FALSE,,,,,,,,1,,Chicken Sandwich,Tilapia and Broccoli,,Jalepeño Chips,"Hot Tamales, Hot Tamales, Hot Tamales",FALSE,TRUE,FALSE,TRUE,FALSE,FALSE,,Popeye's,,,,9,7,,,Broccoli,"Tilapia, Chicken",,,Wow popeye's hot ones chicken sandwich was very very good. Only downside is that it is a bit messy,Wasn't my best meal but I did enjoy it,,,,,,,,0,FALSE,TRUE,Wet,FALSE,FALSE,0,FALSE,0,19228,8.44,13,54,130,4117,Golf,260,,FALSE,FALSE,,"Jiwei, Tharan, Jed",,,TRUE,TRUE,2,3,FALSE,Marvel Rivals,,FALSE,0,
2025-10-12,Sunday,42,October,Rain,62,56,49,Hoboken,New Jersey,USA,Hoboken,New Jersey,USA,"Hoboken, Manhattan","New Jersey, New York",USA,11:00,01:00,11,1,1,100,9,FALSE,72,Dress Shirt,Hunter Green,Olive Green,American Eagle,,Green,30,Dress Pants,Black,,Kohl's,,Black,14,Boots,Army Green,,Timberland,,Green,Blue,Red,Boxers,Blue,58,White,Dark Green,Stance,Aztec,White,Contacts,,FALSE,,,,,,,,TRUE,1,Hunter Green,,Winter Jacket,Costco,,Green,2,,Chicken Potstickers and Fries,Oyster and Bread,,Jalepeño Chips,"Hot Tamales, Hot Tamales, Hot Tamales",FALSE,TRUE,FALSE,TRUE,FALSE,FALSE,,,,,,6,8,,,,"Oyster, Chicken",,,These were not very good lol,I love Oyster,,,fmovies,,,Peacemaker,,1,TRUE,TRUE,Wet,FALSE,FALSE,0,FALSE,0,9940,4.54,17,46,137,2866,,,"NJTransit Bus, NJTransit Bus, Subway, Subway",FALSE,FALSE,,Jiwei,,,TRUE,TRUE,2,3,FALSE,Marvel Rivals,,TRUE,1,Presecco
2025-10-13,Monday,42,October,Rain,62,54,43,Hoboken,New Jersey,USA,Hoboken,New Jersey,USA,Hoboken,New Jersey,USA,08:00,23:00,7,1,1,66,8,FALSE,16,T-Shirt,Lime Green,Dark Green,New Mexico,Mainframe,Green,36,Swishy Sweatpants,Navy Blue,,Nike,,Blue,14,Boots,Army Green,,Timberland,,Green,Green,Red,Boxers,Green,67,Lime Green,,Amazon,,Green,Glasses,Green,FALSE,,,,,,,,TRUE,1,Hunter Green,,Winter Jacket,Costco,,Green,2,,Chicken and Veggies,Proscutto Fig Bread,,,Wintergreen Tic Tacs,FALSE,FALSE,FALSE,FALSE,FALSE,FALSE,,King Cajun,Paris Baguette,,,8,6,,Fig,"Broccoli, Lettuce, Carrot","Chicken, Pork",,,Never go wrong with this,Edible but the croissant saved this,,,,,,,,0,FALSE,TRUE,Chilly,TRUE,FALSE,0,TRUE,30,9714,4.46,12,51,136,2838,,,,FALSE,FALSE,,Jiwei,Nextplay Nutrition,python,TRUE,TRUE,2,3,FALSE,Marvel Rivals,,FALSE,0,
2025-10-14,Tuesday,42,October,Cloudy,65,54,47,Hoboken,New Jersey,USA,Hoboken,New Jersey,USA,Hoboken,New Jersey,USA,06:00,00:00,7,0,0,76,8,FALSE,59,Henley,Cyan,,Forever 21,,Blue,2,Joggers,Forest Green,,American Eagle,,Green,5,Sandals,Forest Green,Orange,Adidas,,Green,Red,Blue,Boxers,Red,67,Lime Green,,Amazon,,Green,Glasses,Green,FALSE,,,,,,,,FALSE,,,,,,,,1,,Tilapia and Broccoli,Roast Beef Sandwich,,Fig Bar,Wintergreen Tic Tacs,FALSE,TRUE,FALSE,FALSE,FALSE,FALSE,,,,,,7,7,,Fig,"Lettuce, Broccoli","Tilapia, Beef",,,Good,Good,,,,,,,,0,TRUE,TRUE,Warm,TRUE,FALSE,0,TRUE,30,6093,2.82,3,49,108,2586,,,,FALSE,FALSE,,Jiwei,Nextplay Nutrition,python,TRUE,TRUE,2,3,TRUE,Marvel Rivals,,FALSE,0,
2025-10-15,Wednesday,42,October,Cloudy,68,50,59,Hoboken,New Jersey,USA,Myrtle Beach,Sout Carolina,USA,"Myrtle Beach, Hoboken, Manhattan","New Jersey, New York, South Carolina",USA,06:00,00:00,6,1,1,7,10,FALSE,97,T-Shirt,Emerald Green,White,Kohl's,Legends Golf,Green,2,Joggers,Forest Green,,American Eagle,,Green,7,Sneakers,Black,Kelly Green,Adidas,Lego,Black,Green,Red,Boxers,Green,67,Lime Green,,Amazon,,Green,Glasses,Green,TRUE,21,Lime Green,,Cap,Black Mesa,Dragon,Green,TRUE,33,Cadmium Green,,Sun Hoodie,,,Green,2,"Smoked Salmon Grits, Egg Bacon Bao, Pancake, French Toast, Almond Croissant, Orange Smoothie, Sausage Potato Scramble",,Turkey Cactus Jack Burger,,Fig Bar,,FALSE,FALSE,FALSE,FALSE,FALSE,FALSE,Chase Sapphire Lounge,,Fuddrucker's,,10,,10,,"Fig, Orange, Jalepeño, Tomato, Pickle",Onion,"Salmon, Egg, Bacon, Beef, Pork, Turkey",,One of the best breakfast experiences I have ever had. I love the chase sapphire lounge and I will be heavily considering getting a card,,"I love Fuddrucker's so much, there needs to be more fuddrucker's in america",,,,,,,,0,TRUE,TRUE,Warm,FALSE,FALSE,0,FALSE,0,20957,9.2,16,50,129,4821,"Golf, Mini-Golf","120, 150",Airplane,TRUE,FALSE,Lyft,"Jiwei, Kevin",Nextplay Nutrition,python,TRUE,TRUE,2,3,FALSE,,,TRUE,1,Chase Sapphire Cocktail
2025-10-16,Thursday,42,October,Sunny,74,50,58,Myrtle Beach,South Carolina,USA,Myrtle Beach,South Carolina,USA,Myrtle Beach,South Carolina,USA,08:00,00:00,8,0,0,100,10,FALSE,33,Polo,Jungle Green,Light Blue,Kohl's,Bananas,Green,27,Khakis,Emerald Green,,Polo,,Green,7,Sneakers,Black,Kelly Green,Adidas,Lego,Black,Green,,Boxers,Green,67,Lime Green,,Amazon,,Green,Glasses,Green,TRUE,21,Lime Green,,Cap,Black Mesa,Dragon,Green,FALSE,,,,,,,,1,,,Chinese Buffet,,,Albanese Gummy Bears,FALSE,FALSE,FALSE,FALSE,FALSE,FALSE,,,Myrtle Chinese Buffet,,,,8,,Banana,Broccoli,"Shrimp, Pork, Crab, Chicken",,,,Good chinese buffet,,,,,,,,0,FALSE,TRUE,Warm,FALSE,FALSE,0,FALSE,0,19433,8.76,23,53,136,4818,Golf,284,,TRUE,FALSE,,"Jiwei, Kevin, Jed, Jordan, Tharan",,,TRUE,TRUE,2,3,FALSE,,,TRUE,5,"Seltzer, Seltzer, Seltzer, Bear, Fireball"
2025-10-17,Friday,42,October,Sunny,70,52,64,Myrtle Beach,South Carolina,USA,Myrtle Beach,South Carolina,USA,Myrtle Beach,South Carolina,USA,09:00,00:00,9,0,0,100,10,FALSE,62,Polo,Lime Green,,Nautica,,Green,26,Khakis,Verdigris,,Docker,,Green,11,Golf Shoes,White,Forest Green,Malbon,,White,Purple,,Boxers,Purple,36,Lime Green,Black,,Flames,Green,Glasses,Green,TRUE,21,Lime Green,,Cap,Black Mesa,Dragon,Green,FALSE,,,,,,,,1,,,Fish Taco,,,Albanese Gummy Bears,FALSE,FALSE,FALSE,FALSE,FALSE,FALSE,,,Popstroke,,,,8,,Jalepeño,Lettuce,Mahi Mahi,,,,Popstroke food is actually pretty good,,,,,,,,0,FALSE,TRUE,Chilly,FALSE,FALSE,0,FALSE,0,26337,11.89,10,53,122,5115,"Golf, Mini-Golf","414, 120",,TRUE,FALSE,,"Jiwei, Kevin, Jed, Jordan, Tharan",,,TRUE,TRUE,2,3,FALSE,,,TRUE,4,"Seltzer, Seltzer, Seltzer, Seltzer"
2025-10-18,Saturday,42,October,Sunny,75,59,64,Myrtle Beach,South Carolina,USA,Myrtle Beach,South Carolina,USA,Myrtle Beach,South Carolina,USA,08:00,01:00,8,0,0,50,10,FALSE,2,Polo,Lime Green,,Grand Slam,,Green,52,Khakis,Brown,,,,Brown,11,Golf Shoes,White,Forest Green,Malbon,,White,Green,Blue,Boxers,Green,51,White,Red,Heatonist,,White,Glasses,Green,TRUE,21,Lime Green,,Cap,Black Mesa,Dragon,Green,TRUE,17,Black,White,Rain Jacket,Champion,Harvard,Black,2,,"Jalepeño, Avocado, Chicken Sandwich",Seafood Medley w/ Bread Pudding,,,Icebreaker,FALSE,FALSE,FALSE,FALSE,FALSE,FALSE,,Mcalister's,Carolina Roadhouse,,,8,10,,Banana,,"Chicken, Beef, Tilapia, Shrimp, Oyster",,,New place to go to in Myrtle,One of the best restaurants in Myrtle. It's always packed but we got a nice booth table and had a good time. Must go to again,,,,,,,,0,FALSE,TRUE,Warm,FALSE,FALSE,0,FALSE,0,26194,12.06,23,58,118,5089,Golf,440,,TRUE,FALSE,,"Jiwei, Kevin, Jed, Jordan, Tharan",,,TRUE,TRUE,2,3,FALSE,,,TRUE,4,"Seltzer, Seltzer, Seltzer, Seltzer"
2025-10-19,Sunday,43,October,Partly Cloudy,81,54,70,Myrtle Beach,South Carolina,USA,Hoboken,New Jersey,USA,"Myrtle Beach, Hoboken","New Jersey, South Carolina",USA,08:00,00:00,7,0,0,23,10,FALSE,52,Polo,Lime Green,Black,Urban Outfitters,,Green,2,Joggers,Forest Green,,American Eagle,,Green,7,Sneakers,Black,Kelly Green,Adidas,Lego,Black,Green,Red,Boxers,Green,21,Lime Green,Light Green,,Golf,Green,Glasses,Green,TRUE,21,Lime Green,,Cap,Black Mesa,Dragon,Green,TRUE,33,Cadmium Green,,Sun Hoodie,,,Green,2,,Chicken Platter w/ Fried Pickles,Pretzels,,,Red Hots,FALSE,FALSE,FALSE,FALSE,FALSE,FALSE,,Zaxby's,Auntie Anne's,,,4,7,,Pickle,,Chicken,,,"This zaxby's was kinda trash. Cold chicken, fries, and toast. Would not go here again",Can't go wrong with Auntie Anne's,,,,,,,,0,FALSE,TRUE,Warm,FALSE,FALSE,0,FALSE,0,11791,5.75,7,46,90,2817,Golf,90,Airplane,TRUE,FALSE,Lyft,"Jiwei, Kevin, Jed, Jordan, Tharan",,,TRUE,TRUE,4,4,FALSE,,,TRUE,4,"Seltzer, Seltzer, Seltzer, Seltzer"
2025-10-20,Monday,43,October,Rain,62,49,52,Hoboken,New Jersey,USA,Hoboken,New Jersey,USA,Hoboken,New Jersey,USA,09:00,22:00,9,1,1,100,7,FALSE,104,Long Sleeve,Forest Green,,American Eagle,,Green,18,Sweatpants,Gray,,Monstercat,,Gray,6,Sandals,Electric Lime,Black,Nike,,Green,Red,Green,Boxers,Red,,,,,,,Glasses,Green,FALSE,,,,,,,,FALSE,,,,,,,,1,,Sushi,Thanksgiving Turkey Sandwich,,,,FALSE,TRUE,FALSE,TRUE,FALSE,FALSE,,,,,,7,7,,"Cranberry, Banana","Lettuce, Carrot","Salmon, Turkey",,,Sushi,TJ thanksgiving wrap,,,fmovies,fmovies,,Smiling Friends,Gen V,2,TRUE,TRUE,Neutral,FALSE,FALSE,0,FALSE,0,5415,2.58,1,,,2286,,,,FALSE,FALSE,,Jiwei,Nextplay Nutrition,python,TRUE,TRUE,2,3,FALSE,Marvel Rivals,,FALSE,0,
2025-10-21,Tuesday,43,October,Sunny,70,56,63,Hoboken,New Jersey,USA,Hoboken,New Jersey,USA,Hoboken,New Jersey,USA,08:00,00:00,10,1,1,21,7,FALSE,20,T-Shirt,Dark Blue,White,Columbia,DSI,Blue,37,Sweatpants,Lime Green,White,H&M,,Green,6,Sandals,Electric Lime,Black,Nike,,Green,Blue,Green,Boxers,Blue,,,,,,,Glasses,Green,FALSE,,,,,,,,FALSE,,,,,,,,1,,Salad,Pork Ginger Dumplings,,Plantains,Sour Eyeballs,FALSE,TRUE,FALSE,TRUE,FALSE,FALSE,,,,,,7,7,,Banana,"Lettuce, Carrot",,,,Simple salad,Good,,,Hulu,Hulu,,One Punch Man,My Hero Academia,2,FALSE,FALSE,,FALSE,FALSE,0,FALSE,0,2181,1.03,0,50,90,2039,,,,FALSE,FALSE,,Jiwei,Nextplay Nutrition,python,TRUE,TRUE,2,3,FALSE,Marvel Rivals,,FALSE,0,
2025-10-22,Wednesday,43,October,Sunny,62,50,56,Hoboken,New Jersey,USA,Hoboken,New Jersey,USA,"Hoboken, Manhattan","New Jersey, New York",USA,08:00,00:00,8,0,0,23,8,FALSE,15,Athletic Shirt,Lime Green,Dark Green,MUD,Summer Ultmate,Green,61,Sweatpants,Black,Pink,VCU,Axolotls,Black,6,Sandals,Electric Lime,Black,Nike,,Green,Green,Red,Boxers,Green,,,,,,,Glasses,Green,TRUE,14,Cadmium Green,,Cap,MUD,,Green,FALSE,,,,,,,,1,,Salad,Pizza,,,,FALSE,TRUE,FALSE,FALSE,FALSE,FALSE,,,,,,7,7,,"Banana, Mango","Mushrooms, Lettuce",Pork,,,Simple salad,Mushroom pizza was alright and the pepperoni was ok. Goodish pizza,,,,,,Alice in Borderland,Alice in Borderland,2,FALSE,TRUE,Chilly,TRUE,FALSE,0,TRUE,30,14001,6.53,23,51,142,3630,"Climbing, Yoga","90, 60","NJTransit Bus, NJTransit Bus, Subway, Subway",FALSE,FALSE,,"Jiwei, Joe",Nextplay Nutrition,python,TRUE,TRUE,2,3,FALSE,Marvel Rivals,,FALSE,0,
2025-10-23,Thursday,43,October,Cloudy,61,48,54,Hoboken,New Jersey,USA,Bridgewater,Massachussetts,USA,"Hoboken, Bridgewater","New Jersey, Massachusetts",USA,08:00,02:00,8,1,1,50,8,FALSE,4,Long Sleeve,Forest Green,,Polo,,Green,75,Joggers,Olive Green,,Gap,,Green,19,Sneakers,Neon Green,Black,Sketchers,,Green,Green,Red,Boxers,Green,69,Mint Green,,Amazon,,Green,Glasses,Green,TRUE,2,Dark Green,,Beanie,American Eagle,,Green,TRUE,7,Mint Green,,Hoodie,Old Navy,,Green,2,,Thanksgiving Turkey Sandwich,3 Chicken Sandwiches,,,,FALSE,FALSE,FALSE,FALSE,FALSE,FALSE,,,Tiki Chik,,,7,9,,"Cranberry, Banana",,Turkey,,,TJ thanksgiving wrap,I love Tiki Chick esp. Volcano Chicken,,,,,,Gen V,,1,FALSE,TRUE,Chilly,TRUE,FALSE,0,TRUE,30,10198,4.9,7,51,116,2868,,,"NJTransit Bus, NJTransit Bus, Subway, Subway",TRUE,FALSE,,"Jiwei, Joe",Nextplay Nutrition,python,TRUE,TRUE,2,3,TRUE,,,FALSE,0,
2025-10-24,Friday,43,October,Sunny,59,37,51,Bridgewater,Massachussetts,USA,Bridgewater,Massachussetts,USA,Bridgewater,Massachusetts,USA,08:00,02:00,6,0,0,65,10,FALSE,4,Long Sleeve,Forest Green,,Polo,,Green,75,Joggers,Olive Green,,Gap,,Green,19,Sneakers,Neon Green,Black,Sketchers,,Green,Green,Red,Boxers,Green,69,Mint Green,,Amazon,,Green,Glasses,Green,TRUE,2,Dark Green,,Beanie,American Eagle,,Green,TRUE,7,Mint Green,,Hoodie,Old Navy,,Green,2,,Sushi,Jalepeño Burger,,Skinny Pop,,FALSE,FALSE,FALSE,FALSE,FALSE,FALSE,,Sushi Restaurant,Treehouse Brewery,,,,,,Jalepeño,Lettuce,"Salmon, Beef, Crab, Tuna",,,,,,,,,,,,0,FALSE,TRUE,Chilly,FALSE,FALSE,0,FALSE,0,7687,3.65,15,56,144,3231,,,,TRUE,FALSE,,"Jiwei, Joe, Zada, Caroline, Michael, Bambi",Nextplay Nutrition,python,TRUE,TRUE,2,3,FALSE,Mario Kart World,"Skull King, BlockNJTransit Buster",TRUE,4,"Beer, Cocktail, Seltzer, Seltzer"
2025-10-25,Saturday,43,October,Partly Cloudy,57,39,43,Worcester,Massachussetts,USA,Worcester,Massachussetts,USA,Worcester,Massachusetts,USA,08:00,00:00,6,0,0,12,10,FALSE,14,T-Shirt,Lime Green,White,Nintendo,Luigi,Green,32,Sweatpants,Blue,,Nike,,Blue,19,Sneakers,Neon Green,Black,Sketchers,,Green,Blue,Green,Boxers,Blue,18,OIive Green,Black,Stance,Christmas,Green,Glasses,Green,TRUE,2,Dark Green,,Beanie,American Eagle,,Green,TRUE,28,Lime Green,Blue,Hoodie,Nintendo,Luigi,Green,3,Pancakes,Chicken Quesadilla,Cheese Pizza,,Skinny Pop,,FALSE,FALSE,FALSE,FALSE,FALSE,FALSE,,Mexican Restaurant,Brewery,,8,,,,Bell Pepper,Lettuce,"Chicken, Sausage",,,Chicken Quesadillas are my weakness,,,,,,,,,0,FALSE,TRUE,Chilly,FALSE,FALSE,0,FALSE,0,12625,5.53,31,51,119,3297,Disc Golf,90,,TRUE,FALSE,,"Jiwei, Joe, Zada, Caroline, Michael, Bambi",,,TRUE,TRUE,3,4,FALSE,,Terraforming Mars,TRUE,4,"Margarita, Margarita, Beer, Beer"
2025-10-26,Sunday,44,October,Partly Cloudy,57,35,45,Worcester,Massachussetts,USA,Hoboken,New Jersey,USA,"Worcester, Hoboken","Massachusetts, New Jersey",USA,09:00,22:00,9,0,0,83,10,FALSE,9,Long Sleeve,Seafoam Green,,Columbia,,Green,20,Joggers,Olive Green,,American Eagle,,Green,19,Sneakers,Neon Green,Black,Sketchers,,Green,Red,,Boxers,Red,2,Green,Blue,Nintendo,Luigi,Green,Glasses,Green,TRUE,2,Dark Green,,Beanie,American Eagle,,Green,TRUE,28,Lime Green,Blue,Hoodie,Nintendo,Luigi,Green,3,,BBQ,Cheese Pizza,,Skinny Pop,Sour Worms,FALSE,FALSE,FALSE,FALSE,FALSE,FALSE,,Maple Hills,,,,9,4,,"Pickle, Jalepeño",,"Bacon, Beef, Pork",,,Spectacular BBQ. Will definitely be visiting Maple Hills again for disc golf and BBQ,That pizza was lowkey ass,,,,,,,,0,FALSE,TRUE,Chilly,FALSE,FALSE,0,FALSE,0,23163,9.89,74,49,120,4077,Disc Golf,195,"NJTransit Bus, NJTransit Bus, Subway, Subway",TRUE,FALSE,,"Jiwei, Joe, Zada, Caroline, Michael, Bambi",,,TRUE,TRUE,1,2,FALSE,,,TRUE,1,Beer
2025-10-27,Monday,44,October,Sunny,58,44,52,Hoboken,New Jersey,USA,Hoboken,New Jersey,USA,Hoboken,New Jersey,USA,09:00,00:00,11,1,1,45,7,FALSE,104,Long Sleeve,Forest Green,,American Eagle,,Green,40,Joggers,Black,Gray,Forever 21,,Black,5,Sandals,Forest Green,Orange,Adidas,,Green,Green,Blue,Boxers,Green,,,,,,,Glasses,Green,FALSE,,,,,,,,FALSE,,,,,,,,1,,Paneer,Salmon Shisito Pepper Salad,,Plantains,,FALSE,TRUE,FALSE,TRUE,FALSE,FALSE,,,,,,7,8,,Bell Pepper,"Spinach, Lettuce",Salmon,,,TJ Item,Always been a fan of salmon salads,,,Netflix,Netflix,,Alice in Borderland,Alice in Borderland,2,TRUE,TRUE,Chilly,FALSE,FALSE,0,FALSE,0,6410,2.81,1,49,99,2551,,,,FALSE,FALSE,,Jiwei,Nextplay Nutrition,python,TRUE,TRUE,2,3,FALSE,Marvel Rivals,,FALSE,0,
2025-10-28,Tuesday,44,October,Sunny,56,43,39,Hoboken,New Jersey,USA,Hoboken,New Jersey,USA,Hoboken,New Jersey,USA,08:00,00:00,8,0,0,89,7,FALSE,47,T-Shirt,Blue,Orange,Dave and Buster's,Dave and Buster's,Blue,15,Swishy Sweatpants,Forest Green,White,Holloway,Daldot,Green,5,Sandals,Forest Green,Orange,Adidas,,Green,Green,Red,Boxers,Green,,,,,,,Glasses,Green,FALSE,,,,,,,,TRUE,11,Cornflour Blue,,Hoodie,,,Blue,2,,Salmon Shisito Pepper Salad,Shrimp Salad,,Plantains,,FALSE,TRUE,TRUE,TRUE,FALSE,FALSE,,,,,,8,8,,"Bell Pepper, Banana",Lettuce,"Salmon, Shrimp",,,Always been a fan of salmon salads,Always been a fan of shrimp salads,,,Netflix,,,Alice in Borderland,,1,FALSE,TRUE,Chilly,TRUE,FALSE,0,TRUE,30,5884,2.82,1,51,98,2540,,,,FALSE,FALSE,,Jiwei,Nextplay Nutrition,python,TRUE,TRUE,2,3,FALSE,Marvel Rivals,,FALSE,0,
2025-10-29,Wednesday,44,October,Cloudy,56,48,43,Hoboken,New Jersey,USA,Hoboken,New Jersey,USA,Hoboken,New Jersey,USA,09:00,00:00,9,2,2,89,7,FALSE,25,Athletic Shirt,Lime Green,Gray,Harvard,Harvard Ultimate,Green,41,Sweatpants,Black,Electric Lime,Adidas,,Black,5,Sandals,Forest Green,Orange,Adidas,,Green,Green,Blue,Boxers,Green,,,,,,,Glasses,Green,FALSE,,,,,,,,TRUE,31,Light Green,,Hoodie,,,Green,2,,Shrimp w/ Rice,Beef Quesadilla,,Black Pepper Chips,,FALSE,TRUE,TRUE,TRUE,FALSE,FALSE,,,,,,8,9,,"Bell Pepper, Banana, Coconut",,"Shrimp, Beef",,,Shrimp is my favorite food,Back to the quesadilla,,,,,,,,0,FALSE,TRUE,Chilly,FALSE,FALSE,0,FALSE,0,6951,3.15,12,52,131,2798,,,,FALSE,FALSE,,Jiwei,Nextplay Nutrition,python,TRUE,TRUE,2,3,TRUE,Marvel Rivals,,FALSE,0,
2025-10-30,Thursday,44,October,Rain,63,51,46,Hoboken,New Jersey,USA,Hoboken,New Jersey,USA,"Hoboken, Manhattan","New Jersey, New York",USA,08:00,00:00,8,0,0,10,7,FALSE,19,Button-Up Shirt,Forest Green,White,Forever 21,,Green,75,Joggers,Olive Green,,Gap,,Green,14,Boots,Army Green,,Timberland,,Green,Red,Green,Boxers,Red,67,Lime Green,,Amazon,,Green,Contacts,,FALSE,,,,,,,,TRUE,1,Hunter Green,,Winter Jacket,Costco,,Green,2,,Beef w/ Rice,Truffle Fries,,Black Pepper Chips,,FALSE,TRUE,TRUE,FALSE,FALSE,FALSE,,,Pomme Frites,,,9,8,,Banana,,,,,Bulgogi Beef is so good,I really liked the fries at this place,,,,,,,,0,FALSE,TRUE,Wet,TRUE,FALSE,0,TRUE,30,11185,5.13,20,48,121,3117,,,"NJTransit Bus, NJTransit Bus, Subway, Subway",FALSE,FALSE,,Jiwei,Nextplay Nutrition,python,TRUE,TRUE,2,3,FALSE,Marvel Rivals,,FALSE,0,
2025-10-31,Friday,44,October,Windy,58,48,50,Hoboken,New Jersey,USA,Hoboken,New Jersey,USA,"Hoboken, Manhattan","New Jersey, New York",USA,09:00,03:00,9,0,0,23,9,FALSE,14,T-Shirt,Lime Green,White,Nintendo,Luigi,Green,74,Pajama Pants,Emerald Green,,H&M,Golf,Green,19,Sneakers,Neon Green,Black,Sketchers,,Green,Green,,Boxers,Green,2,Green,Blue,Nintendo,Luigi,Green,Glasses,Green,FALSE,,,,,,,,TRUE,28,Lime Green,Blue,Hoodie,Nintendo,Luigi,Green,2,,Shrimp Bao,Spicy Turkey Sandwich,Nacho Fries,Plantains,,FALSE,TRUE,TRUE,FALSE,FALSE,FALSE,,,The Terrace,,,8,9,,"Banana, Avocado",Lettuce,"Shrimp, Turkey, Bacon",,,Shrimp is my favorite food,Turkey avocado sandwich was really good,,,,,,,,0,FALSE,TRUE,Warm,TRUE,FALSE,0,TRUE,30,15073,7.08,22,55,175,3670,Frisbee,120,"NJTransit Bus, NJTransit Bus, Subway, Subway",TRUE,FALSE,,"Jiwei, Opara, Weezy",Nextplay Nutrition,python,TRUE,TRUE,2,5,TRUE,Marvel Rivals,,TRUE,6,"Jungle Juice, Jungle Juice, Bourbon, Bourbon, High Noon, High Noon"
2025-11-01,Saturday,44,November,Sunny,60,42,49,Hoboken,New Jersey,USA,Hoboken,New Jersey,USA,"Hoboken, Manhattan","New Jersey, New York",USA,10:00,23:00,7,0,0,93,8,FALSE,48,Athletic Shirt,Electric Lime,,Harvard,Harvard,Green,5,Sweatpants,Chartreuse,,Adidas,Emojis,Green,19,Sneakers,Neon Green,Black,Sketchers,,Green,Blue,Green,Boxers,Blue,2,Green,Blue,Nintendo,Luigi,Green,Glasses,Green,FALSE,,,,,,,,FALSE,,,,,,,,1,,Cheese Dip Sausage Quesadilla,Pumpkin Ravioli w/ Pan-Fried Banana,,,,FALSE,TRUE,TRUE,TRUE,FALSE,FALSE,,,,Krispy Kreme,,9,10,,"Banana, Pumpkin, Jalepeño",,Chicken,,,"I really enjoyed this although without the sausage, the cheese dip was overpowering",The maple butter sauce was incredible with the ravioli and bananas,,,,Hulu,,,My Hero Academia,1,FALSE,TRUE,Warm,FALSE,FALSE,0,FALSE,0,9308,4.46,12,52,170,2824,,,"NJTransit Bus, NJTransit Bus, Subway, Subway",FALSE,FALSE,,"Jiwei, Opara, Weezy",,,TRUE,TRUE,2,3,FALSE,Marvel Rivals,,FALSE,0,
2025-11-02,Sunday,45,November,Sunny,62,48,54,Hoboken,New Jersey,USA,Hoboken,New Jersey,USA,"Hoboken, Manhattan","New Jersey, New York",USA,07:00,00:00,8,0,0,76,8,FALSE,105,T-Shirt,Green,,Target,Hulk,Green,42,Shorts,Purple,,And1,,Purple,1,Sneakers,Forest Green,Lime Green,Nike,Kobe,Green,Blue,White,Boxers,Blue,60,Forest Green,,NXTBRND,,Green,Glasses,Green,TRUE,2,Dark Green,,Beanie,American Eagle,,Green,TRUE,42,Fern Green,,Hoodie,,Finger Holes,Green,2,,,Dumplings/Noodles/Beef Stew,,Plantains,,FALSE,FALSE,FALSE,FALSE,FALSE,FALSE,,,Din Tai Fung,,,,10,,,"Leek, Mushrooms, Ube","Beef, Pork, Shrimp",,,,Amazing Taiwanese food. Dumplings are expertly crafted and all the stews and wontons were seasoned to perfection. The ube bun was also great and the salted cream or whatever was amazing. 10/10,,,,,,,,0,FALSE,TRUE,Warm,FALSE,FALSE,0,FALSE,0,25482,11.53,20,52,170,4933,Frisbee,270,"NJTransit Bus, NJTransit Bus, Subway, Subway",TRUE,FALSE,,"Jiwei, Weezy, Kevin, Jed, Leo",,,TRUE,TRUE,2,5,FALSE,,,TRUE,1,Margarita
2025-11-03,Monday,45,November,Cloudy,60,48,53,Hoboken,New Jersey,USA,Hoboken,New Jersey,USA,Hoboken,New Jersey,USA,08:00,23:30,8,0,0,45,7,FALSE,48,Athletic Shirt,Electric Lime,,Harvard,Harvard,Green,2,Joggers,Forest Green,,American Eagle,,Green,5,Sandals,Forest Green,Orange,Adidas,,Green,Green,,Boxers,Green,,,,,,,Glasses,Green,FALSE,,,,,,,,TRUE,30,Forest Green,,Pullover,Harvard,Leverett,Green,2,,Cheese Dip Sausages,Turkey Spinach Quesadilla,,Plantains,,FALSE,TRUE,TRUE,TRUE,FALSE,FALSE,,,,,,8,9,,"Jalepeño, Orange",Spinach,"Chicken, Turkey",,,Great,Great recipe,,,fmovies,,,Smiling Friends,,1,TRUE,TRUE,Chilly,TRUE,FALSE,0,TRUE,30,6424,2.91,1,54,118,2536,,,,FALSE,FALSE,,Jiwei,"Nextplay Nutrition, CWS",python,TRUE,TRUE,2,3,TRUE,,,FALSE,0,
2025-11-04,Tuesday,45,November,Sunny,61,45,50,Hoboken,New Jersey,USA,Hoboken,New Jersey,USA,"Hoboken, Manhattan","New Jersey, New York",USA,06:30,00:00,7,1,1,21,9,FALSE,47,T-Shirt,Blue,Orange,Dave and Buster's,Dave and Buster's,Blue,2,Joggers,Forest Green,,American Eagle,,Green,4,Sneakers,Aquamarine,Light Green,Nike,,Green,Green,Red,Boxers,Green,23,Electric Lime,Black,Stance,,Green,Glasses,Green,TRUE,1,Eucalyptus,,Beanie,Target,,Green,TRUE,35,Navy Blue,White,Hoodie,,Panda Dab,Blue,2,,Chicken Fries,Pizza,,Plantains,Gummy Christmas Trees,FALSE,FALSE,FALSE,FALSE,FALSE,FALSE,,,,,,9,8,,"Pickle, Onion, Jalepeño",Lettuce,"Beef, Chicken, Bacon",,,Love BK,Nice pizza,,,,,,,,0,FALSE,TRUE,Chilly,FALSE,FALSE,0,FALSE,0,42337,18.6,112,47,172,5773,"Frisbee, Disc Golf","120, 315","NJTransit Bus, NJTransit Bus, Subway, Subway",TRUE,FALSE,,"Jiwei, Kevin, Joe, Claire",Nextplay Nutrition,python,TRUE,TRUE,3,4,FALSE,,,FALSE,0,
2025-11-05,Wednesday,45,November,Cloudy,67,45,55,Hoboken,New Jersey,USA,Hoboken,New Jersey,USA,Hoboken,New Jersey,USA,08:00,00:00,8,1,1,82,7,FALSE,63,Button-Up Shirt,Jungle Green,White,H&M,Tropical Plants,Green,15,Swishy Sweatpants,Forest Green,White,Holloway,Daldot,Green,6,Sandals,Electric Lime,Black,Nike,,Green,Blue,Red,Boxers,Blue,,,,,,,Glasses,Green,FALSE,,,,,,,,TRUE,9,Pistachio,,Hoodie,Costco,,Green,2,,,Turkey Spinach Scramble,,Coconut Crunch,"Gummy Christmas Trees, Candy Canes, Wintergreen Tic Tacs",FALSE,FALSE,FALSE,TRUE,TRUE,FALSE,,,,,,,8,,Orange,Spinach,Turkey,,,,Great recipe,,,Hulu,,,One Punch Man,,1,TRUE,TRUE,Chilly,FALSE,FALSE,0,FALSE,0,2933,1.33,0,49,98,2241,,,,FALSE,FALSE,,Jiwei,Nextplay Nutrition,python,TRUE,TRUE,2,3,TRUE,,,TRUE,2,"Cider, Cider"
2025-11-06,Thursday,45,November,Windy,56,40,36,Hoboken,New Jersey,USA,Hoboken,New Jersey,USA,Hoboken,New Jersey,USA,08:00,23:30,8,1,1,79,7,FALSE,97,T-Shirt,Emerald Green,White,Kohl's,Legends Golf,Green,19,Sweatpants,Black,Kelly Green,Adidas,Lego,Black,6,Sandals,Electric Lime,Black,Nike,,Green,Green,Blue,Boxers,Green,,,,,,,Glasses,Green,FALSE,,,,,,,,TRUE,9,Pistachio,,Hoodie,Costco,,Green,2,,Turkey Spinach Scramble,Turkey Spinach Burrito,,Gingerbread Cookies,"Candy Canes, Wintergreen Tic Tacs",FALSE,TRUE,TRUE,TRUE,FALSE,FALSE,,,,,,8,8,,Orange,Spinach,Turkey,,,Great recipe,Great recipe,,,,,,,,0,FALSE,FALSE,,TRUE,FALSE,0,TRUE,30,2738,1.28,0,51,100,2233,,,,FALSE,FALSE,,Jiwei,Nextplay Nutrition,python,TRUE,TRUE,2,3,TRUE,Marvel Rivals,,TRUE,2,"Cider, Cider"
2025-11-07,Friday,45,November,Cloudy,59,39,43,Hoboken,New Jersey,USA,Hoboken,New Jersey,USA,Hoboken,New Jersey,USA,06:30,00:00,7,1,1,65,7,FALSE,36,T-Shirt,Forest Green,Light Green,Old Navy,Indoors Club,Green,48,Sweatpants,Gray,Red,Adidas,,Gray,5,Sandals,Forest Green,Orange,Adidas,,Green,Green,Red,Boxers,Green,,,,,,,Glasses,Green,TRUE,1,Eucalyptus,,Beanie,Target,,Green,TRUE,9,Pistachio,,Hoodie,Costco,,Green,2,,Turkey Spinach Burrito,Cheese Quesadilla,,Gingerbread Cookies,"Candy Canes, Wintergreen Tic Tacs",FALSE,TRUE,TRUE,TRUE,FALSE,FALSE,,,,,,8,7,,Orange,Spinach,Turkey,,,Great leftovers,Messed up with the shrimp by accidentally pouring a ton of pepper on top of it and it was inedible lol. Cheese quesadilla was alright,,,,,,,,0,FALSE,TRUE,Chilly,TRUE,FALSE,0,TRUE,30,12690,6.04,7,55,177,3375,Frisbee,120,,FALSE,FALSE,,Jiwei,Nextplay Nutrition,python,TRUE,TRUE,1,2,FALSE,Marvel Rivals,,TRUE,2,"Cider, Cider"
2025-11-08,Saturday,45,November,Sunny,64,51,58,Hoboken,New Jersey,USA,Hoboken,New Jersey,USA,Hoboken,New Jersey,USA,08:00,03:00,8,0,0,50,9,FALSE,27,T-Shirt,Lime Green,White,Hawaiian Rumble,Hawaiian Rumble,Green,8,Japanese Leisure Pants,Olive Green,,,,Green,3,Slip-on Shoes,Matcha Green,,Moln,,Green,Green,,Boxers,Green,67,Lime Green,,Amazon,,Green,Glasses,Green,TRUE,,,,,,,,TRUE,9,Pistachio,,Hoodie,Costco,,Green,2,Pancake,Turkey Spinach,Sushi,"Fries, Oyster, Wings, Slider","Gingerbread Cookies, Popcorn",,FALSE,TRUE,TRUE,TRUE,FALSE,FALSE,,,,,,8,7,9,"Orange, Lemon",Spinach,"Beef, Oyster, Chicken, Salmon, Turkey",,,Great leftovers,Good sushi,One of the best long room nights in a while. Drinks were flowing and the food was surprising delicious,,,,,,,0,FALSE,TRUE,Chilly,TRUE,FALSE,0,TRUE,30,9343,4.33,1,54,98,2819,,,"NJTransit Bus, NJTransit Bus, Subway, Subway",FALSE,FALSE,,"Kevin, Leo, Jiwei, Weezy",Nextplay Nutrition,python,TRUE,TRUE,2,3,FALSE,,,TRUE,1,Cider
2025-11-09,Sunday,46,November,Rain,63,53,58,Hoboken,New Jersey,USA,Hoboken,New Jersey,USA,"Hoboken, Manhattan","New Jersey, New York",USA,08:00,00:00,5,1,1,100,8,FALSE,48,Athletic Shirt,Electric Lime,,Harvard,Harvard,Green,22,Sweatpants,Forest Green,Gray,Nike,,Green,3,Slip-on Shoes,Matcha Green,,Moln,,Green,Blue,White,Boxers,Blue,60,Forest Green,,NXTBRND,,Green,Glasses,Green,TRUE,14,Cadmium Green,,Cap,MUD,,Green,TRUE,47,Pastel Green,,Hoodie,Greg Norman,,Green,2,,Cheesy Fries,,,,,FALSE,FALSE,FALSE,FALSE,FALSE,FALSE,,,,,,7,,,,,,,,My stomach did not feel good after eating all that food at long room,,,,,,,,,0,FALSE,TRUE,Chilly,FALSE,FALSE,0,FALSE,0,29706,13.42,26,52,185,5379,Frisbee,270,"NJTransit Bus, NJTransit Bus, Subway, Subway",TRUE,FALSE,,"Jed, Jiwei, Kevin, Deezy, Weezy, Wilson, Joe",,,TRUE,TRUE,2,3,FALSE,Marvel Rivals,,TRUE,1,Cider
2025-11-10,Monday,46,November,Rain,55,33,43,Hoboken,New Jersey,USA,Hoboken,New Jersey,USA,Hoboken,New Jersey,USA,09:00,00:00,9,1,1,51,8,FALSE,24,T-Shirt,Lime Green,Red,Nintendo,Bowser Jr.,Green,14,Pajama Pants,Dark Green,Lime Green,Care Bears,Care Bears,Green,6,Sandals,Electric Lime,Black,Nike,,Green,Green,White,Boxer Briefs,Green,,,,,,,Glasses,Green,FALSE,,,,,,,,FALSE,,,,,,,,1,,Turkey Spinach,Pork Dumplings,,,TJ's Fruit Jellies,FALSE,TRUE,FALSE,TRUE,FALSE,FALSE,,,,,,7,7,,Orange,Spinach,Turkey,,,Kinda sick of this meal now haha,TJ item,,,Hulu,,,,One Punch Man,1,TRUE,FALSE,,FALSE,FALSE,0,FALSE,0,6415,2.91,3,53,104,2444,,,,FALSE,FALSE,,Jiwei,Nextplay Nutrition,python,TRUE,TRUE,2,3,TRUE,Marvel Rivals,,TRUE,1,Cider
2025-11-11,Tuesday,46,November,Cloudy,41,33,25,Hoboken,New Jersey,USA,Hoboken,New Jersey,USA,Hoboken,New Jersey,USA,07:00,00:00,7,1,1,44,7,FALSE,13,T-Shirt,Blue,White,Zoom,Zoom,Blue,6,Sweatpants,Eucalyptus,,,,Green,5,Sandals,Forest Green,Orange,Adidas,,Green,Green,,Boxers,Green,,,,,,,Glasses,Green,TRUE,1,Eucalyptus,,Beanie,Target,,Green,TRUE,11,Cornflour Blue,,Hoodie,,,Blue,2,,Bacon Egg and Cheese Empanada,Salmon Salad,,,TJ's Fruit Jellies,FALSE,TRUE,FALSE,TRUE,FALSE,FALSE,,,,,,6,9,,"Orange, Banana",Lettuce,"Salmon, Bacon, Egg",,,Alright i guess,"Wow this salmon was perfectly seasoned with steak seasoning, butter, and black pepper. I could've eaten so many of these salads",,fmovies,,,,Smiling Friends,,1,TRUE,TRUE,Cold,TRUE,FALSE,0,TRUE,30,15816,7.26,16,56,170,3447,Frisbee,60,,FALSE,FALSE,,Jiwei,Nextplay Nutrition,python,TRUE,TRUE,2,3,TRUE,,,FALSE,0,
2025-11-12,Wednesday,46,November,Cloudy,49,38,29,Hoboken,New Jersey,USA,Hoboken,New Jersey,USA,Hoboken,New Jersey,USA,08:00,02:00,8,1,1,100,7,FALSE,106,T-Shirt,Olive Green,Red,Amazon,King Ghidorah,Green,16,Pajama Pants,Forest Green,Red,Old Navy,Candy Canes,Green,6,Sandals,Electric Lime,Black,Nike,,Green,Blue,,Boxers,Blue,,,,,,,Glasses,Green,FALSE,,,,,,,,FALSE,,,,,,,,1,,Salmon Salad,Jalepeño Beef and Broccoli,,,Orange Slices,FALSE,TRUE,FALSE,TRUE,FALSE,FALSE,,,,,,9,9,,Orange,"Broccoli, Lettuce","Salmon, Beef",,,I'll have to do this salmon again damn,Really really good,,,,,,,,0,FALSE,TRUE,Chilly,TRUE,FALSE,0,TRUE,30,3847,2.04,0,,,2203,Climbing,60,,FALSE,FALSE,,Jiwei,Nextplay Nutrition,python,TRUE,TRUE,2,3,FALSE,,,FALSE,0,
2025-11-13,Thursday,46,November,Cloudy,51,40,36,Hoboken,New Jersey,USA,Hoboken,New Jersey,USA,Hoboken,New Jersey,USA,09:00,01:00,7,1,1,75,6,FALSE,97,T-Shirt,Emerald Green,White,Kohl's,Legends Golf,Green,21,Sweatpants,Pastel Green,,H&M,,Green,5,Sandals,Forest Green,Orange,Adidas,,Green,Blue,White,Boxers,Blue,,,,,,,Glasses,Green,FALSE,,,,,,,,TRUE,9,Pistachio,,Hoodie,Costco,,Green,2,,Jalepeño Beef and Broccoli,Shrimp Quesadilla,,Thanksgiving Chips,"Orange Slices, Wintergreen Tic Tacs",FALSE,TRUE,FALSE,TRUE,FALSE,FALSE,,,,,,8,7,,Orange,Broccoli,"Shrimp, Beef",,,Really really good,A little too crispy but really good,,,,,,,,0,FALSE,FALSE,,TRUE,FALSE,0,TRUE,30,2417,1.93,0,45,106,4076,,,,FALSE,FALSE,,Jiwei,Nextplay Nutrition,python,TRUE,TRUE,2,3,FALSE,,,FALSE,0,
2025-11-14,Friday,46,November,Cloudy,49,37,41,Hoboken,New Jersey,USA,Hoboken,New Jersey,USA,Hoboken,New Jersey,USA,07:00,00:00,6,1,1,82,8,FALSE,19,Button-Up Shirt,Forest Green,White,Forever 21,,Green,2,Joggers,Forest Green,,American Eagle,,Green,20,Sneakers,Forest Green,White,Reebok,,Green,Red,Blue,Boxers,Red,23,Electric Lime,Black,Stance,,Green,Glasses,Green,TRUE,12,Olive Green,,Docker Cap,,Smile,Green,TRUE,48,Dark Green,,Hoodie,,Fuzzy,,2,,,"Turkey, Chicken, Bread Pudding, Pork Dumpling, Spinach Dumpling, Mushroom and Beef",,Thanksgiving Chips,,FALSE,FALSE,FALSE,FALSE,FALSE,FALSE,,,,,,,10,,"Orange, Banana","Mushroom, Lettuce","Turkey, Beef, ",,,,friendsgiving at william's,,,,,,,,0,FALSE,TRUE,Chilly,FALSE,FALSE,0,FALSE,0,20096,9.23,21,46,178,3933,Frisbee,60,"NJTransit Bus, NJTransit Bus, Subway, Subway",FALSE,FALSE,,"Jiwei, Jed, Tharan, Leo, Weezy, Wilson",Nextplay Nutrition,python,TRUE,TRUE,2,3,FALSE,,,TRUE,3,"Cocktail, Seltzer, Seltzer"
2025-11-15,Saturday,46,November,Cloudy,51,47,43,Hoboken,New Jersey,USA,Hoboken,New Jersey,USA,Hoboken,New Jersey,USA,09:00,23:30,9,0,0,2,9,FALSE,16,T-Shirt,Lime Green,Dark Green,New Mexico,Mainframe,Green,2,Joggers,Forest Green,,American Eagle,,Green,6,Sandals,Electric Lime,Black,Nike,,Green,Green,,Boxers,Green,,,,,,,Glasses,Green,FALSE,,,,,,,,FALSE,,,,,,,,1,,Bread Pudding,Shrimp Quesadilla,,,,FALSE,TRUE,FALSE,TRUE,FALSE,FALSE,,,,,,10,8,,"Banana, Bell Pepper",,Shrimp,,,My best bread pudding yet,really liked my shrimp quesadilla and I didnt mess up on the crispiness this time,,,,,,,,0,FALSE,TRUE,Chilly,FALSE,FALSE,0,FALSE,0,4139,1.98,0,49,91,2288,,,,FALSE,FALSE,,Jiwei,,,TRUE,TRUE,2,3,FALSE,,,FALSE,0,
2025-11-16,Sunday,47,November,Windy,56,36,40,Hoboken,New Jersey,USA,Hoboken,New Jersey,USA,"Hoboken, Manhattan","New Jersey, New York",USA,07:30,23:00,8,1,1,45,8,FALSE,15,Athletic Shirt,Lime Green,Dark Green,MUD,Summer Ultmate,Green,43,Shorts,Emerald Green,Neon Green,Nike,,Green,13,Slip-on Shoes,Electric Lime,,Moln,,Green,Green,Red,Boxers,Green,67,Lime Green,,Amazon,,Green,Glasses,Green,TRUE,14,Cadmium Green,,Cap,MUD,,Green,TRUE,42,Fern Green,,Hoodie,,Finger Holes,Green,2,,,"Buffalo Pizza, Pepperoni Pizza",,,,FALSE,FALSE,FALSE,FALSE,FALSE,FALSE,,,,Bob's Your Uncle,,10,8,,Banana,,"Chicken, Pork",,,My best bread pudding yet,classic mud pizza,,,,,,,,0,FALSE,TRUE,Chilly,FALSE,FALSE,0,FALSE,0,34264,15.75,112,46,187,5690,Frisbee,270,"NJTransit Bus, NJTransit Bus, Subway, Subway",TRUE,FALSE,,"Jiwei, Jed, Joe, Weezy, Wilson, Kaishu",,,TRUE,TRUE,3,4,FALSE,Marvel Rivals,,TRUE,2,"Mule, Sour"
2025-11-17,Monday,47,November,Windy,41,35,24,Hoboken,New Jersey,USA,Hoboken,New Jersey,USA,Hoboken,New Jersey,USA,08:00,00:00,9,1,1,86,7,FALSE,40,Long Sleeve,Dark Green,,St. John's Bay,,Green,40,Joggers,Black,Gray,Forever 21,,Black,6,Sandals,Electric Lime,Black,Nike,,Green,Black,Blue,Boxers,Black,,,,,,,Glasses,Green,FALSE,,,,,,,,FALSE,,,,,,,,1,,Bread Pudding,Turkey Sandwich,,"Habenero Chips, Mango Slices",,FALSE,TRUE,FALSE,TRUE,FALSE,FALSE,,,,,,10,8,,"Banana, Apple",Lettuce,Turkey,,,My best bread pudding yet,The hummus I put on this made it much better,,fmovies,,,,Smiling Friends,,1,TRUE,TRUE,Chilly,FALSE,FALSE,0,FALSE,0,8207,4.3,13,51,120,2729,,,,FALSE,FALSE,,Jiwei,Nextplay Nutrition,python,TRUE,TRUE,2,3,TRUE,Marvel Rivals,,FALSE,0,
2025-11-18,Tuesday,47,November,Cloudy,47,36,37,Hoboken,New Jersey,USA,Hoboken,New Jersey,USA,Hoboken,New Jersey,USA,09:00,23:00,9,0,0,16,7,FALSE,20,T-Shirt,Dark Blue,White,Columbia,DSI,Blue,20,Joggers,Olive Green,,American Eagle,,Green,6,Sandals,Electric Lime,Black,Nike,,Green,Green,Blue,Boxers,Green,1,Lime Green,,Stance,Grinch,Green,Glasses,Green,FALSE,,,,,,,,TRUE,11,Cornflour Blue,,Hoodie,,,Blue,2,,Butter Chicken,Pepper Spinach Burger,,"Habenero Chips, Mango Slices",Tajin Peach Rings,FALSE,TRUE,FALSE,TRUE,FALSE,FALSE,,,,,,6,10,,"Bell Pepper, Mango",Spinach,"Beef, Chicken",,,,Definitely one of the best burgers I've ever made and I think it came from cooking the beef patties rare. We will see if there are any repercussions from that but rn I'm very happy with my burgers ,,,,,,,,0,TRUE,TRUE,Chilly,FALSE,FALSE,0,FALSE,0,6103,2.71,1,45,140,2569,,,,FALSE,FALSE,,Jiwei,Nextplay Nutrition,python,TRUE,TRUE,2,3,FALSE,,,FALSE,0,
2025-11-19,Wednesday,47,November,Cloudy,46,36,38,Hoboken,New Jersey,USA,Hoboken,New Jersey,USA,"Hoboken, Manhattan","New Jersey, New York",USA,08:00,00:00,9,0,0,30,8,FALSE,107,Polo,Electric Lime,,Izod,,Green,75,Joggers,Olive Green,,Gap,,Green,20,Sneakers,Forest Green,White,Reebok,,Green,Green,,Boxers,Green,42,Olive Green,Blue,Idaho,Moose,Green,Glasses,Green,TRUE,1,Eucalyptus,,Beanie,Target,,Green,TRUE,49,Dark Green,Yellow,Sweater,,,Green,2,,Pepper Spinach Burger,"Chicken, Bok Choy, Orange, Bean Sprouts",Two Chicken Sandwiches,Mango Slices,Tajin Peach Rings,FALSE,TRUE,FALSE,FALSE,FALSE,FALSE,,,Junzi,Tiki Chick,,9,8,9,"Bell Pepper, Cucumber, Orange","Spinach, Bok Choy, Bean Sprout","Beef, Chicken",,,I didn't toast and butter the buns this time which made the score lower,Throwback,Crazy amazing every time,,,,,,,0,FALSE,TRUE,Chilly,FALSE,FALSE,0,FALSE,0,13116,5.92,14,48,131,3108,,,"NJTransit Bus, NJTransit Bus, Subway, Subway",TRUE,FALSE,,"Jiwei, Joe",Nextplay Nutrition,python,TRUE,TRUE,2,3,FALSE,,,TRUE,2,"Seltzer, Cider"
2025-11-20,Thursday,47,November,Cloudy,48,35,37,Hoboken,New Jersey,USA,Hoboken,New Jersey,USA,"Hoboken, Manhattan","New Jersey, New York",USA,08:00,23:00,8,0,0,15,8,FALSE,44,Henley,Moss Green,,American Eagle,,Green,54,Joggers,Army Green,,American Eagle,,Green,15,Sneakers,White,Turquoise,Allbirds,,White,Green,Red,Boxers,Green,69,Mint Green,,Amazon,,Green,Glasses,Green,TRUE,7,Dark Blue,,Beanie,Columbia,Columbia,Blue,TRUE,10,Light Green,Pastel Green,Hoodie,Columbia,,Green,2,,Teriyaki Burger,"Chicken, Orange, Cucumber, Bean Sprout, Cabbage",,Ice Cream Cone Snacks,,FALSE,TRUE,FALSE,FALSE,FALSE,FALSE,,,Junzi,,,7,9,,"Bell Pepper, Cucumber, Orange","Cabbage, Bean Sprout",Chicken,,,Pretty good,Tried something new there and it was also really good,,,,,,,,0,FALSE,TRUE,Cold,FALSE,FALSE,0,FALSE,0,16249,7.32,26,51,118,3200,,,"NJTransit Bus, NJTransit Bus, Subway, Subway",TRUE,FALSE,,"Jiwei, Joe, Leo",,,TRUE,TRUE,2,3,FALSE,Marvel Rivals,,FALSE,0,
2025-11-21,Friday,47,November,Cloudy,53,42,45,Hoboken,New Jersey,USA,Hoboken,New Jersey,USA,Hoboken,New Jersey,USA,09:00,00:00,10,0,0,36,8,FALSE,54,Button-Up Shirt,Kelly Green,Yellow,H&M,Boba Fett,Green,61,Sweatpants,Black,Pink,VCU,Axolotls,Black,6,Sandals,Electric Lime,Black,Nike,,Green,Blue,,Boxers,Blue,,,,,,,Glasses,Green,FALSE,,,,,,,,FALSE,,,,,,,,1,,Teriyaki Burger,,,Ice Cream Cone Snacks,Gummy Christmas Trees,FALSE,TRUE,FALSE,FALSE,FALSE,FALSE,,,,,,7,,,Bell Pepper,Spinach,Chicken,,,Good,,,,,,,,,0,FALSE,TRUE,Chilly,TRUE,FALSE,0,TRUE,30,3804,1.78,0,46,106,2315,,,,FALSE,FALSE,,Jiwei,,,TRUE,TRUE,2,3,FALSE,Marvel Rivals,,TRUE,0,
2025-11-22,Saturday,47,November,Cloudy,52,38,42,Hoboken,New Jersey,USA,Hoboken,New Jersey,USA,Hoboken,New Jersey,USA,12:00,23:00,12,0,0,86,8,FALSE,108,Long Sleeve,Forest Green,Black,Monstercat,,Green,40,Joggers,Black,Gray,Forever 21,,Black,7,Sneakers,Black,Kelly Green,Adidas,Lego,Black,Green,Blue,Boxers,Green,60,Forest Green,,NXTBRND,,Green,Glasses,Green,TRUE,6,Electric Lime,,Beanie,American Eagle,,Green,TRUE,22,Dark Green,Red,Hoodie,,Fuzzy,Green,2,,Banana Bread Pudding,Pork Tenderloin w/ Sauteed Cheesy Spinach,,,Gummy Christmas Trees,FALSE,TRUE,FALSE,TRUE,FALSE,FALSE,,,,,,10,10,,Banana,Spinach,"Egg, Pork",,,Delicious,Another banger from chef Myles,,,,Hulu,,,My Hero Academia,1,TRUE,TRUE,Chilly,TRUE,FALSE,0,TRUE,30,13454,6.06,6,54,121,3021,,,,FALSE,FALSE,,Jiwei,Vyrtices,R,TRUE,TRUE,2,3,FALSE,Marvel Rivals,,TRUE,0,
2025-11-23,Sunday,48,November,Cloudy,49,34,40,Hoboken,New Jersey,USA,Hoboken,New Jersey,USA,Hoboken,New Jersey,USA,08:00,23:00,9,1,1,51,8,FALSE,109,Polo,Olive Green,,Polo,,Green,52,Khakis,Brown,,,,Brown,19,Sneakers,Neon Green,Black,Sketchers,,Green,Blue,Green,Boxers,Blue,67,Lime Green,,Amazon,,Green,Glasses,Green,FALSE,,,,,,,,TRUE,1,Hunter Green,,Winter Jacket,Costco,,Green,2,,Pork Tenderloin w/ Sauteed Cheesy Spinach,Banana Bread Pudding,,,,FALSE,TRUE,TRUE,TRUE,TRUE,FALSE,,,,,,10,10,,Banana,Spinach,"Egg, Pork",,,Bang,Bang,,,,,,,,0,FALSE,TRUE,Chilly,TRUE,FALSE,0,TRUE,30,9484,4.28,6,51,170,3508,Frisbee,120,,TRUE,FALSE,,Jiwei,,,TRUE,TRUE,3,4,FALSE,,,FALSE,0,
2025-11-24,Monday,48,November,Cloudy,72,46,61,Hoboken,New Jersey,USA,Norcross,Georgia,USA,"Norcross, Atlanta, Newark, Hoboken","Georgia, New Jersey",USA,06:00,00:00,7,2,2,23,7,FALSE,31,T-Shirt,Kelly Green,White,Olympics,Olympics,Green,40,Joggers,Black,Gray,Forever 21,,Black,8,Sneakers,Lime Green,Emerald Green,Nike,,Green,Red,Green,Boxers,Red,43,Red,White,Atlanta Hawks,Atlanta Hawks,Red,Glasses,Green,TRUE,9,Kelly Green,,Cap,,Atlanta,Green,TRUE,1,Hunter Green,,Winter Jacket,Costco,,Green,2,Breakfast Burger,Fried Chicken Plate,Spaghetti and Sausage,,Skinny Pop,"Hot Tamales, Hot Tamales, Hot Tamales, Watermelon Sour Patch",FALSE,FALSE,FALSE,FALSE,FALSE,FALSE,Burger Fi,Zaxby's,,,8,9,9,,,Lettuce,"Pork, Beef, Chicken, Bacon",,Good burger,Peak Zaxby's,Great home-cooked meal,,,,,,,,0,FALSE,TRUE,Chilly,FALSE,FALSE,0,FALSE,0,5099,2.31,22,54,113,2517,,,Airplane,TRUE,FALSE,Lyft,"Mom, Dad","Nextplay Nutrition, Vyrtices","python, R",TRUE,TRUE,1,2,TRUE,,,FALSE,0,
2025-11-25,Tuesday,48,November,Rain,52,44,44,Norcross,Georgia,USA,Norcross,Georgia,USA,Norcross,Georgia,USA,08:00,00:00,8,1,1,58,9,FALSE,110,T-Shirt,Cornflour Blue,Red,Target,Dr. Seuess,Blue,26,Khakis,Verdigris,,Docker,,Green,8,Sneakers,Lime Green,Emerald Green,Nike,,Green,Green,,Boxers,Green,67,Lime Green,,Amazon,,Green,Glasses,Green,TRUE,6,Electric Lime,,Beanie,American Eagle,,Green,TRUE,1,Hunter Green,,Winter Jacket,Costco,,Green,2,,Pancake Bacon,Costco Pizza,,Skinny Pop,"Coal Sour Patch Kids, Gummy Christmas Trees",FALSE,FALSE,FALSE,FALSE,FALSE,FALSE,,,,,,8,8,,Blueberry,,"Chicken, Bacon",,,The classic,Costco pizza slaps,,,,,,,,0,FALSE,TRUE,Chilly,FALSE,FALSE,0,FALSE,0,10582,4.9,15,54,113,3185,Golf,236,,TRUE,TRUE,,"Mom, Dad","Nextplay Nutrition, Vyrtices","python, R",TRUE,TRUE,2,3,FALSE,,,FALSE,0,
2025-11-26,Wednesday,48,November,Sunny,65,40,45,Norcross,Georgia,USA,Norcross,Georgia,USA,Norcross,Georgia,USA,09:00,23:00,9,0,0,31,9,FALSE,33,Polo,Jungle Green,Light Blue,Kohl's,Bananas,Green,12,Sweatpants,Aquamarine,,Old Navy,,Green,8,Sneakers,Lime Green,Emerald Green,Nike,,Green,Green,Blue,Boxers,Green,36,Lime Green,Black,,Flames,Green,Glasses,Green,TRUE,6,Electric Lime,,Beanie,American Eagle,,Green,TRUE,32,Forest Green,Dark Blue,Pullover,,,Green,2,Pancake Bacon,Spicy Chicken Sandwich,Fried Chicken Plate,,Skinny Pop,"Coal Sour Patch Kids, Gummy Christmas Trees",FALSE,FALSE,FALSE,FALSE,FALSE,FALSE,,,,,8,8,8,,"Blueberry, Pickle",,Chicken,,The classic,The classic,Peak Zaxby's,,,,,,,Pistons vs. Celtics,1,FALSE,TRUE,Warm,FALSE,FALSE,0,FALSE,0,8102,3.59,7,56,103,2730,Golf,96,,TRUE,FALSE,,"Mom, Dad, Matthew, Morgan","Nextplay Nutrition, Vyrtices","python, R",TRUE,TRUE,3,4,FALSE,,,FALSE,0,
2025-11-27,Thursday,48,November,Cloudy,50,35,33,Norcross,Georgia,USA,Norcross,Georgia,USA,Norcross,Georgia,USA,09:00,00:00,10,0,0,32,7,FALSE,40,Long Sleeve,Dark Green,,St. John's Bay,,Green,76,Sweatpants,Red,,GACS,,Red,2,Sneakers,Black,Lime Green,Nike,,Black,Green,Blue,Boxers,Green,64,White,,Nintendo,Mario Kart,White,Glasses,Green,TRUE,6,Electric Lime,,Beanie,American Eagle,,Green,TRUE,1,Hunter Green,,Winter Jacket,Costco,,Green,2,,,Thanksgiving,,Skinny Pop,"Coal Sour Patch Kids, Gummy Christmas Trees",FALSE,FALSE,FALSE,FALSE,FALSE,FALSE,,,,,,,10,,Blueberry,Yams,"Ham, Turkey, Bacon",,,,Thanksgiving meal,,,,Cable,,,Cowboys vs. Chiefs,1,FALSE,TRUE,Chilly,FALSE,FALSE,0,FALSE,0,1780,0.85,3,54,94,2137,,,,TRUE,FALSE,,"Mom, Dad, Matthew, Morgan",,,TRUE,TRUE,3,4,FALSE,Marvel Rivals,,FALSE,0,
2025-11-28,Friday,48,November,Sunny,47,29,34,Norcross,Georgia,USA,Norcross,Georgia,USA,Norcross,Georgia,USA,09:00,00:00,9,0,0,38,8,FALSE,36,T-Shirt,Forest Green,Light Green,Old Navy,Indoors Club,Green,40,Joggers,Black,Gray,Forever 21,,Black,2,Sneakers,Black,Lime Green,Nike,,Black,Green,Red,Boxers,Green,67,Lime Green,,Amazon,,Green,Glasses,Green,TRUE,6,Electric Lime,,Beanie,American Eagle,,Green,TRUE,1,Hunter Green,,Winter Jacket,Costco,,Green,2,,Thanksgiving leftovers,Pineapple Ham Jalepeño Pizza,,Skinny Pop,Gummy Christmas Trees,FALSE,FALSE,FALSE,FALSE,FALSE,FALSE,,,,,,10,9,,"Pineapple, Jalepeño",Yams,"Ham, Turkey, Bacon",,,Thanksgiving leftovers,Really good pizza but I got too much of it and became extremely full. The pizza calzone things were unreal tho,,,,,,,,0,FALSE,TRUE,Chilly,FALSE,FALSE,0,FALSE,0,6218,2.9,3,54,105,2614,,,,TRUE,FALSE,,"Mom, Dad, Matthew, Morgan",,,TRUE,TRUE,1,2,FALSE,,,FALSE,0,
2025-11-29,Saturday,48,November,Cloudy,43,30,36,Norcross,Georgia,USA,Hoboken,New Jersey,USA,"Norcross, Atlanta, Newark, Hoboken","Georgia, New Jersey",USA,07:00,00:00,7,1,1,32,7,FALSE,40,Long Sleeve,Dark Green,,St. John's Bay,,Green,28,Dress Pants,Forest Green,Black,Forever 21,Wicked,Green,8,Sneakers,Lime Green,Emerald Green,Nike,,Green,Green,Blue,Boxers,Green,60,Forest Green,,NXTBRND,,Green,Glasses,Green,TRUE,6,Electric Lime,,Beanie,American Eagle,,Green,TRUE,1,Hunter Green,,Winter Jacket,Costco,,Green,2,Banana,Shrimp Noodles,Butternut Squash Pasta,,,Tajin Peach Rings,FALSE,TRUE,FALSE,TRUE,FALSE,FALSE,,,,,6,8,8,,Banana,Squash,Shrimp,,just a banana,TJ Item,Good past,,,Hulu,Netflix,,My Hero Academia,Stranger Things,2,FALSE,TRUE,Cold,TRUE,FALSE,0,TRUE,30,6893,3.16,1,48,116,2730,,,Airplane,TRUE,FALSE,Lyft,"Mom, Dad, Matthew, Morgan","Nextplay Nutrition, Vyrtices","python, R",TRUE,TRUE,2,3,FALSE,,,FALSE,0,
2025-11-30,Sunday,49,November,Rain,45,37,36,Hoboken,New Jersey,USA,Hoboken,New Jersey,USA,Hoboken,New Jersey,USA,08:00,00:00,8,0,0,72,7,FALSE,10,Button-Up Shirt,Pastel Green,Jungle Green,Columbia,Tropical Plants,Green,10,Sweatpants,Black,White,BRed Line,Toast,Black,5,Sandals,Forest Green,Orange,Adidas,,Green,Blue,White,Boxers,Blue,,,,,,,Glasses,Green,FALSE,,,,,,,,TRUE,9,Pistachio,,Hoodie,Costco,,Green,2,,Shrimp Noodles,Salmon w/ Veggies,,,Tajin Peach Rings,FALSE,TRUE,TRUE,TRUE,FALSE,FALSE,,,,,,8,8,,Orange,"Broccoli, Cauliflour, Carrot, Squash",Shrimp,,,TJ Item,Wanted a simple meal,,,fmovies,,,Smiling Friends,,1,FALSE,FALSE,,TRUE,FALSE,0,TRUE,30,4117,1.97,1,53,98,2423,,,,FALSE,FALSE,,Jiwei,"Nextplay Nutrition, Vyrtices","python, R",TRUE,TRUE,2,3,FALSE,,,FALSE,0,
2025-12-01,Monday,49,December,Cloudy,43,28,40,Hoboken,New Jersey,USA,Hoboken,New Jersey,USA,Hoboken,New Jersey,USA,08:00,00:00,8,1,1,88,7,FALSE,85,T-Shirt,Dark Green,Electric Lime,American Eagle,American Eagle,Green,16,Pajama Pants,Forest Green,Red,Old Navy,Candy Canes,Green,6,Sandals,Electric Lime,Black,Nike,,Green,Green,Blue,Boxers,Green,,,,,,,Glasses,Green,FALSE,,,,,,,,TRUE,9,Pistachio,,Hoodie,Costco,,Green,2,,Butternut Squash Pasta,Shrimp Pepper Flatbread,,Black Pepper Chips,,FALSE,TRUE,TRUE,TRUE,FALSE,FALSE,,,,,,8,9,,"Orange, Bell Pepper, Mango",Squash,Shrimp,,,Good past,Love flatbread,,,fmovies,,,Smiling Friends,,1,FALSE,FALSE,,FALSE,FALSE,0,FALSE,0,3300,1.55,0,52,95,2382,,,,FALSE,FALSE,,Jiwei,"Nextplay Nutrition, Vyrtices","python, R",TRUE,TRUE,2,3,TRUE,,,FALSE,0,
2025-12-02,Tuesday,49,December,Rain,41,33,39,Hoboken,New Jersey,USA,Hoboken,New Jersey,USA,Hoboken,New Jersey,USA,07:00,00:00,7,1,1,58,6,FALSE,78,Polo,Cerulean,,High Tide,Turtle,Blue,37,Sweatpants,Lime Green,White,H&M,,Green,5,Sandals,Forest Green,Orange,Adidas,,Green,Blue,White,Boxers,Blue,,,,,,,Glasses,Green,FALSE,,,,,,,,TRUE,11,Cornflour Blue,,Hoodie,,,Blue,2,,Shrimp Pepper Flatbread,Ribs,,Black Pepper Chips,,FALSE,TRUE,TRUE,TRUE,FALSE,FALSE,,,,,,9,8,,Bell Pepper,,"Shrimp, Beef",,,Love flatbread,Finally cooked the ribs and they were great,,,,,,,,0,FALSE,FALSE,,TRUE,FALSE,0,TRUE,30,3806,1.79,0,53,124,2561,,,,FALSE,FALSE,,Jiwei,"Nextplay Nutrition, Vyrtices","python, R",TRUE,TRUE,2,3,TRUE,,,FALSE,0,
2025-12-03,Wednesday,49,December,Sunny,41,31,38,Hoboken,New Jersey,USA,Hoboken,New Jersey,USA,Hoboken,New Jersey,USA,10:00,00:00,10,0,0,79,7,FALSE,90,T-Shirt,Eucalyptus,White,Harvard,Harvard,Green,7,Sweatpants,Gray,Crimson,Quincy,Quincy,Gray,5,Sandals,Forest Green,Orange,Adidas,,Green,Blue,White,Boxers,Blue,8,White,Green,Roots,Elk,White,Glasses,Green,FALSE,,,,,,,,TRUE,31,Light Green,,Hoodie,,,Green,2,,Ribs,Pork Bun,,Skinny Pop,Wintergreen Tic Tacs,FALSE,TRUE,TRUE,TRUE,FALSE,FALSE,,,,,,8,7,,"Mango, Watermelon",,"Pork, Beef",,,Definitely not worth the price however,Really good buns,,,,,,,,0,FALSE,TRUE,Chilly,FALSE,FALSE,0,FALSE,0,8487,3.85,2,46,165,3006,,,,FALSE,FALSE,,"Jiwei, Joe","Nextplay Nutrition, Vyrtices","python, R",TRUE,TRUE,2,3,TRUE,,,FALSE,0,
2025-12-04,Thursday,49,December,Windy,42,20,29,Hoboken,New Jersey,USA,Hoboken,New Jersey,USA,Hoboken,New Jersey,USA,08:00,02:00,8,0,0,26,7,FALSE,111,Button-Up Shirt,Olive Green,Black,GameStop,Attack on Titan,Green,39,Joggers,Khaki,,American Eagle,,Brown,19,Sneakers,Neon Green,Black,Sketchers,,Green,Green,Red,Boxers,Green,25,Olive Green,Gray,,Wooly,Green,Glasses,Green,TRUE,6,Electric Lime,,Beanie,American Eagle,,Green,TRUE,1,Hunter Green,,Winter Jacket,Costco,,Green,2,,Watermelon Salad,Shrimp Noodles,,Jalepeño Chips,Wintergreen Tic Tacs,FALSE,TRUE,FALSE,TRUE,FALSE,FALSE,,,,,,7,9,,"Watermelon, Bell Pepper, Mango",Lettuce,Shrimp,,,I need to eat more salads,Really good TJ item,,,,,,,,0,FALSE,TRUE,Cold,FALSE,FALSE,0,FALSE,0,5765,2.71,10,52,150,2961,,,"NJTransit Bus, NJTransit Bus, Subway, Subway",FALSE,FALSE,,"Jiwei, Joe, Leo","Nextplay Nutrition, Vyrtices","python, R",TRUE,TRUE,2,3,TRUE,,,FALSE,0,
2025-12-05,Friday,49,December,Cloudy,18,-4,13,Hoboken,New Jersey,USA,Killington,Vermont,USA,"Hoboken, Killington","New Jersey, Vermont",USA,09:00,00:00,7,0,0,35,7,FALSE,40,Long Sleeve,Dark Green,,St. John's Bay,,Green,6,Sweatpants,Eucalyptus,,,,Green,19,Sneakers,Neon Green,Black,Sketchers,,Green,Green,White,Boxers,Green,25,Olive Green,Gray,,Wooly,Green,Glasses,Green,TRUE,32,Dark Green,White,Beanie,Utah,Utah,Green,TRUE,30,Forest Green,,Pullover,Harvard,Leverett,Green,2,,Buffalo Chicken Pizza,Bacon Jalepeño Pizza,,Jalepeño Chips,Wintergreen Tic Tacs,FALSE,FALSE,FALSE,FALSE,FALSE,FALSE,,,,,,7,6,,Jalepeño,,"Chicken, Bacon",,,I think I'm more of a Napoli's guy these days,Worse than Rosario's,,,,,,,,0,FALSE,TRUE,Freezing,FALSE,FALSE,0,FALSE,0,8488,3.93,9,51,121,2995,,,,TRUE,FALSE,,"Jiwei, Deezy","Nextplay Nutrition, Vyrtices","python, R",TRUE,TRUE,2,3,TRUE,Galaga,"Camel Up, Euchre",TRUE,2,"Seltzer, Seltzer"
2025-12-06,Saturday,49,December,Cloudy,30,21,24,Killington,Vermont,USA,Killington,Vermont,USA,Killington,Vermont,USA,08:00,01:00,8,0,0,59,9,FALSE,40,Long Sleeve,Dark Green,,St. John's Bay,,Green,36,Swishy Sweatpants,Navy Blue,,Nike,,Blue,19,Sneakers,Neon Green,Black,Sketchers,,Green,White,Green,Boxers,White,69,Mint Green,,Amazon,,Green,Contacts,,TRUE,32,Dark Green,White,Beanie,Utah,Utah,Green,TRUE,1,Hunter Green,,Winter Jacket,Costco,,Green,2,,Breakfast Burrito,Wings,,,,FALSE,FALSE,FALSE,FALSE,FALSE,FALSE,,Killington,Jax Food and Games,,,9,7,,,,"Egg, Bacon, Chicken",,,Reasonably priced ski lodge food is rare to find and this burrito hit the spot.,ok wings,,,,,,,,0,FALSE,TRUE,Freezing,FALSE,FALSE,0,FALSE,0,14468,6.73,21,59,134,4186,Ski,300,,TRUE,FALSE,,"Jiwei, Deezy, Jed, Jordan",,,TRUE,TRUE,3,4,FALSE,"Galaga, Galaga 80's, Rolling Thunder",,TRUE,13,"Fireball 11x, Seltzer, Seltzer"
2025-12-07,Sunday,50,December,Cloudy,26,8,12,Killington,Vermont,USA,Hoboken,New Jersey,USA,"Hoboken, Killington","New Jersey, Vermont",USA,07:00,00:00,6,0,0,21,9,FALSE,40,Long Sleeve,Dark Green,,St. John's Bay,,Green,36,Swishy Sweatpants,Navy Blue,,Nike,,Blue,19,Sneakers,Neon Green,Black,Sketchers,,Green,Green,Blue,Boxers,Green,69,Mint Green,,Amazon,,Green,Contacts,,TRUE,32,Dark Green,White,Beanie,Utah,Utah,Green,TRUE,1,Hunter Green,,Winter Jacket,Costco,,Green,2,,Breakfast Burrito,Smokehouse Combo,,,,FALSE,FALSE,FALSE,FALSE,FALSE,FALSE,,Killington,Chili's,,,9,10,,Banana,Corn,"Egg, Bacon, Chicken, Beef",,,Reasonably priced ski lodge food is rare to find and this burrito hit the spot.,Chili's is one of the greatest eating establishments in America,,,,,,,,0,FALSE,TRUE,Freezing,FALSE,FALSE,0,FALSE,0,11839,5.49,7,61,174,4216,"Ski, Frisbee","180, 120",,TRUE,FALSE,,"Jiwei, Deezy, Jed, Jordan, Joe, Kevin",,,TRUE,TRUE,2,3,FALSE,,,TRUE,5,"Fireball 3x, Seltzer, Seltzer"
2025-12-08,Monday,50,December,Partly Cloudy,31,17,24,Hoboken,New Jersey,USA,Hoboken,New Jersey,USA,Hoboken,New Jersey,USA,09:00,00:00,9,0,0,100,7,FALSE,60,T-Shirt,Kelly Green,Light Blue,Hoboken,Hoboken,Green,16,Pajama Pants,Forest Green,Red,Old Navy,Candy Canes,Green,5,Sandals,Forest Green,Orange,Adidas,,Green,Green,,Boxers,Green,,,,,,,Glasses,Green,FALSE,,,,,,,,TRUE,9,Pistachio,,Hoodie,Costco,,Green,2,,Yogurt,Turkey w/ Rice,,,,FALSE,FALSE,FALSE,TRUE,FALSE,FALSE,,,,,,5,7,,Banana,,Turkey,,,didnt have any leftovers,Seasoned well,,,,,,,,0,TRUE,TRUE,Cold,FALSE,FALSE,0,FALSE,0,5245,2.3,2,48,110,2461,,,,FALSE,FALSE,,Jiwei,"Nextplay Nutrition, Tifle","python, R",TRUE,TRUE,2,3,TRUE,,,TRUE,1,Seltzer
2025-12-09,Tuesday,50,December,Partly Cloudy,35,32,33,Hoboken,New Jersey,USA,Hoboken,New Jersey,USA,Hoboken,New Jersey,USA,09:00,00:00,9,0,0,100,8,FALSE,13,T-Shirt,Blue,White,Zoom,Zoom,Blue,21,Sweatpants,Pastel Green,,H&M,,Green,7,Sneakers,Black,Kelly Green,Adidas,Lego,Black,Green,Blue,Boxers,Green,1,Lime Green,,Stance,Grinch,Green,Glasses,Green,FALSE,,,,,,,,TRUE,18,Light Blue,Lime Green,Windbreaker,Cotopaxi,Cotopaxi,Blue,2,,Sushi,Cranberry Sandwich,,Jalepeño Pita Chips,,FALSE,FALSE,FALSE,FALSE,FALSE,FALSE,,,,,,7,7,,Cranberry,,Salmon,,,V good sushi,Actually a very decent sandwich. Will try and buy this one again,,,,,,,,0,FALSE,FALSE,,FALSE,FALSE,0,FALSE,0,3035,1.45,0,50,95,2398,,,,FALSE,FALSE,,"Jiwei, Joe","Nextplay Nutrition, Tifle","python, R",TRUE,TRUE,2,3,TRUE,Marvel Rivals,,TRUE,1,Seltzer
2025-12-10,Wednesday,50,December,Rain,47,32,35,Hoboken,New Jersey,USA,Hoboken,New Jersey,USA,Hoboken,New Jersey,USA,08:00,01:00,8,1,1,68,6,FALSE,90,T-Shirt,Eucalyptus,White,Harvard,Harvard,Green,5,Sweatpants,Chartreuse,,Adidas,Emojis,Green,5,Sandals,Forest Green,Orange,Adidas,,Green,Blue,Green,Boxers,Blue,1,Lime Green,,Stance,Grinch,Green,Glasses,Green,FALSE,,,,,,,,TRUE,9,Pistachio,,Hoodie,Costco,,Green,2,,Turkey w/ Rice,Salmon w/ Veggies,,Jalepeño Pita Chips,Wintergreen Tic Tacs,FALSE,TRUE,TRUE,TRUE,FALSE,FALSE,,,,,,7,7,,Banana,"Broccoli, Cauliflour, Carrot","Salmon, Turkey",,,Good leftovers,I liked this. Very simple and good,,,,,,,,0,FALSE,FALSE,,TRUE,FALSE,0,TRUE,30,5905,2.74,3,50,102,2640,,,,FALSE,FALSE,,Jiwei,"Nextplay Nutrition, Tifle","python, R",TRUE,TRUE,2,3,TRUE,Marvel Rivals,,TRUE,2,"Seltzer, Seltzer"
2025-12-11,Thursday,50,December,Partly Cloudy,37,24,30,Hoboken,New Jersey,USA,Hoboken,New Jersey,USA,"Hoboken, Manhattan","New Jersey, New York",USA,09:00,00:00,8,0,0,25,8,FALSE,4,Long Sleeve,Forest Green,,Polo,,Green,52,Khakis,Brown,,,,Brown,7,Sneakers,Black,Kelly Green,Adidas,Lego,Black,Green,,Boxers,Green,52,Kelly Green,,Uniqlo,,Green,Glasses,Green,TRUE,1,Eucalyptus,,Beanie,Target,,Green,TRUE,50,Forest Green,,Pullover,,,Green,2,,Spinach and Chicken Empanadas,Smash Burger,,,,FALSE,FALSE,FALSE,FALSE,FALSE,FALSE,,AI Summit,Crossbar,,,9,8,,Banana,"Spinach, Mushrooms","Beef, Chicken",,,I love empanadas,Burger took a while since the chef had to go to the hospital but I did enjoy his burger,,,,,,,,0,FALSE,TRUE,Cold,FALSE,FALSE,0,FALSE,0,13870,6.2,35,55,113,3127,,,,FALSE,FALSE,,"Jiwei, Joe, Opara","Nextplay Nutrition, Tifle",python,TRUE,TRUE,2,3,TRUE,,,TRUE,1,Cider
2025-12-12,Friday,50,December,Sunny,38,25,20,Hoboken,New Jersey,USA,Hoboken,New Jersey,USA,Hoboken,New Jersey,USA,08:00,00:00,8,1,1,47,7,FALSE,85,T-Shirt,Dark Green,Electric Lime,American Eagle,American Eagle,Green,24,Joggers,White,Black,American Eagle,,White,7,Sneakers,Black,Kelly Green,Adidas,Lego,Black,Green,Blue,Boxers,Green,52,Kelly Green,,Uniqlo,,Green,Glasses,Green,FALSE,,,,,,,,FALSE,,,,,,,,1,,Salmon w/ Veggies,"Shrimp Ball, Salmon Ball, Tuna Ball",Peppermint Ice Cream,,Wintergreen Tic Tacs,FALSE,FALSE,FALSE,FALSE,FALSE,FALSE,,,,,,7,9,,"Cranberry, Banana","Broccoli, Cauliflour, Carrot","Salmon, Tuna, Shrimp",,,Good leftovers,My only gripe is that the packaging is really annoying but the ball itself is amazing,,,,,,,,0,TRUE,TRUE,Cold,TRUE,FALSE,0,TRUE,30,12329,5.72,4,53,140,3057,,,,FALSE,FALSE,,Jiwei,,,TRUE,TRUE,2,3,FALSE,,,TRUE,1,Seltzer
2025-12-13,Saturday,50,December,Cloudy,39,26,29,Hoboken,New Jersey,USA,Jersey City,New Jersey,USA,"Hoboken, Manhattan","New Jersey, New York",USA,09:00,01:00,9,0,0,13,9,FALSE,112,T-Shirt,Eucalyptus,Black,Louvre,Mona Lisa,Green,2,Joggers,Forest Green,,American Eagle,,Green,6,Sandals,Electric Lime,Black,Nike,,Green,Red,Green,Boxers,Red,69,Mint Green,,Amazon,,Green,Contacts,,TRUE,1,Eucalyptus,,Beanie,Target,,Green,TRUE,8,Forest Green,,Windbreaker,,Puffy,Green,2,,Roast Beef Sandwich,Roast Beef Sandwich,,,,FALSE,FALSE,FALSE,FALSE,FALSE,FALSE,,,,,,7,7,,,Lettuce,Beef,,,Good quick food,Good quick food,,,,,,,,0,TRUE,TRUE,Cold,TRUE,FALSE,0,TRUE,30,13919,6.5,13,,,3805,,,"NJTransit Bus, Subway",TRUE,FALSE,Lyft,"Jiwei, Jed, Opara",,,TRUE,TRUE,3,5,FALSE,"Oblivion Remake, Marvel Rivals",,TRUE,5,"Moscow Mule, Root Beer Float, Seltzer, Seltzer, Seltzer"
2025-12-14,Sunday,51,December,Snow,34,17,8,Jersey City,New Jersey,USA,Hoboken,New Jersey,USA,Hoboken,New Jersey,USA,09:00,01:00,8,0,0,20,8,FALSE,63,Button-Up Shirt,Jungle Green,White,H&M,Tropical Plants,Green,2,Joggers,Forest Green,,American Eagle,,Green,19,Sneakers,Neon Green,Black,Sketchers,,Green,Red,Green,Boxers,Red,69,Mint Green,,Amazon,,Green,Glasses,Green,TRUE,1,Eucalyptus,,Beanie,Target,,Green,TRUE,1,Hunter Green,,Winter Jacket,Costco,,Green,2,Chorize Burrito,Pepperoni Pretzel Nuggets,Chicken Sandwich,,Chips,,FALSE,FALSE,FALSE,FALSE,FALSE,FALSE,Alfalfa,Auntie Anne's,The Terrace,,9,7,9,,Banana,Lettuce,"Chorizo, Beef, Chicken",,Wow alfalfa needs to be in the rotation,Auntie Annie's real good,Great chicken sandwich wow,,,,,,,,0,FALSE,TRUE,Freezing,FALSE,FALSE,0,FALSE,0,16629,7.26,8,50,122,3367,,,,FALSE,FALSE,,"Jiwei, Jed","Nextplay Nutrition, Tifle",python,TRUE,TRUE,2,3,FALSE,Oblivion Remake,,FALSE,0,
2025-12-15,Monday,51,December,Cloudy,29,19,15,Hoboken,New Jersey,USA,Hoboken,New Jersey,USA,Hoboken,New Jersey,USA,10:00,00:00,9,1,1,93,8,FALSE,60,T-Shirt,Kelly Green,Light Blue,Hoboken,Hoboken,Green,40,Joggers,Black,Gray,Forever 21,,Black,5,Sandals,Forest Green,Orange,Adidas,,Green,Green,Blue,Boxers,Green,71,Pastel Green,Pink,Dick's,Christmas,Green,Glasses,Green,FALSE,,,,,,,,TRUE,9,Pistachio,,Hoodie,Costco,,Green,2,,Spinach Paneer,Stout Pie,,,TJ's Fruit Jellies,FALSE,TRUE,FALSE,TRUE,FALSE,FALSE,,,,,,8,8,,Banana,"Spinach, Carrot, Potato",Beef,,,TJ item,TJ item,,,Hulu,Hulu,,My Hero Academia,One Punch Man,0,FALSE,FALSE,,FALSE,FALSE,0,FALSE,0,6725,3.03,2,49,135,2791,,,,FALSE,FALSE,,Jiwei,"Nextplay Nutrition, Tifle",python,TRUE,TRUE,2,3,TRUE,Marvel Rivals,,FALSE,0,
2025-12-16,Tuesday,51,December,Partly Cloudy,33,27,30,Hoboken,New Jersey,USA,Jersey City,New Jersey,USA,"Hoboken, Manhattan","New Jersey, New York",USA,09:00,00:00,9,0,0,67,9,FALSE,37,T-Shirt,Blue,Turquoise,Adidas,,Blue,6,Sweatpants,Eucalyptus,,,,Green,19,Sneakers,Neon Green,Black,Sketchers,,Green,Green,,Boxers,Green,7,Kelly Green,,Nike,Santa,Green,Glasses,Green,TRUE,1,Eucalyptus,,Beanie,Target,,Green,TRUE,25,Emerald Green,,Turtleneck,Zara,,Green,2,,Stout Pie,Thanksgiving Turkey Wrap,,,TJ's Fruit Jellies,FALSE,TRUE,TRUE,FALSE,FALSE,FALSE,,,,,,8,8,,Cranberry,"Spinach, Carrot, Potato","Beef, Turkey",,,TJ item,Good wrap,,,,,,,,0,FALSE,FALSE,,FALSE,FALSE,0,FALSE,0,8737,4.03,10,51,109,2880,,,,FALSE,FALSE,,Jiwei,"Nextplay Nutrition, Tifle",python,TRUE,TRUE,2,3,FALSE,,,TRUE,1,
2025-12-17,Wednesday,51,December,Partly Cloudy,47,35,36,Hoboken,New Jersey,USA,Hoboken,New Jersey,USA,Hoboken,New Jersey,USA,09:00,00:00,9,0,0,30,9,FALSE,31,T-Shirt,Kelly Green,White,Olympics,Olympics,Green,6,Sweatpants,Eucalyptus,,,,Green,14,Boots,Army Green,,Timberland,,Green,Green,Red,Boxers,Green,71,Pastel Green,Pink,Dick's,Christmas,Green,Glasses,Green,TRUE,1,Eucalyptus,,Beanie,Target,,Green,TRUE,1,Hunter Green,,Winter Jacket,Costco,,Green,2,,Thanksgiving Turkey Wrap,Chicken Sandwich 3x,,,TJ's Fruit Jellies,FALSE,FALSE,FALSE,FALSE,FALSE,FALSE,,,Tiki Chick,,,8,10,,Cranberry,,Chicken. Turkey,,,Good wrap,Always been a big fan of tiki chick,,,,,,,,0,FALSE,TRUE,Cold,FALSE,FALSE,0,FALSE,0,12541,5.77,22,56,119,3212,,,"NJTransit Bus, NJTransit Bus, Subway, Subway",FALSE,FALSE,,"Joe, Claire, Jiwei","Nextplay Nutrition, Tifle",python,TRUE,TRUE,2,3,FALSE,,,FALSE,0,
2025-12-18,Thursday,51,December,Partly Cloudy,51,46,45,Hoboken,New Jersey,USA,Hoboken,New Jersey,USA,Hoboken,New Jersey,USA,09:00,01:00,9,1,1,21,10,FALSE,8,T-Shirt,Lime Green,Blue,Nike,Tribal,Green,12,Sweatpants,Aquamarine,,Old Navy,,Green,14,Boots,Army Green,,Timberland,,Green,Green,Blue,Boxers,Green,8,White,Green,Roots,Elk,White,Glasses,Green,TRUE,2,Dark Green,,Beanie,American Eagle,,Green,TRUE,22,Dark Green,Red,Hoodie,,Fuzzy,Green,2,,Turkey Apple Sandwich,"Eggplant, Fish, Chile Chicken Wings, Fries, Oyster",,,TJ's Fruit Jellies,FALSE,FALSE,FALSE,FALSE,FALSE,FALSE,,,"Wu Lieng Yen, The Long Room",,,8,10,,"Apple, Bell Pepper","Lettuce, Eggplant","Oyster, Chicken, Tilapia, Turkey",,,Good sandwich,Another great night at TLR,,,,,,,,0,FALSE,TRUE,Cold,FALSE,FALSE,0,FALSE,0,16357,7.54,8,61,150,3479,,,"NJTransit Bus, NJTransit Bus, Subway, Subway",FALSE,FALSE,,"Joe, Jiwei, Wilson, Kevin, Deezy, Weezy, Opara, Leo, Tharan","Nextplay Nutrition, Tifle",python,TRUE,TRUE,2,3,TRUE,Marvel Rivals,,TRUE,1,Beer
2025-12-19,Friday,51,December,Rain,56,29,41,Hoboken,New Jersey,USA,Norcross,Georgia,USA,"Hoboken, Atlanta, Norcross","New Jersey, Georgia",USA,05:30,00:00,4,1,1,33,8,FALSE,103,T-Shirt,Kelly Green,Yellow,Target,Grinch,Green,2,Joggers,Forest Green,,American Eagle,,Green,19,Sneakers,Neon Green,Black,Sketchers,,Green,Green,,Boxers,Green,67,Lime Green,,Amazon,,Green,Glasses,Green,TRUE,2,Dark Green,,Beanie,American Eagle,,Green,TRUE,1,Hunter Green,,Winter Jacket,Costco,,Green,2,Shake Shack Breakfast,Chicken Platter,Wings,,,,FALSE,FALSE,FALSE,FALSE,FALSE,FALSE,Shake Shack,Zaxby's,Nando's,,8,9,10,,"Avocado, Banana",Potato,Chicken,,Actually good shake shack,Tradition,Lil cheeky nando's howzit,,,,,,,,0,FALSE,TRUE,Cold,FALSE,FALSE,0,FALSE,0,8214,3.74,1,59,104,2517,,,,TRUE,FALSE,,"Joe, Jiwei, Kevin, Leo, Mom, Dad","Nextplay Nutrition, Tifle",python,TRUE,TRUE,2,3,TRUE,DaB,,FALSE,0,
2025-12-20,Saturday,51,December,Sunny,59,31,49,Norcross,Georgia,USA,Norcross,Georgia,USA,Norcross,Georgia,USA,09:00,00:00,9,0,0,61,8,FALSE,34,Polo,Cadmium Green,,Greg Norman,,Green,26,Khakis,Verdigris,,Docker,,Green,19,Sneakers,Neon Green,Black,Sketchers,,Green,Blue,White,Boxers,Blue,67,Lime Green,,Amazon,,Green,Glasses,Green,TRUE,2,Dark Green,,Beanie,American Eagle,,Green,TRUE,47,Pastel Green,,Hoodie,Greg Norman,,Green,2,,Blueberry Pancake and Bacon,Farm Burger Pork Chorizo Burger,,,Candy Jarrito,FALSE,FALSE,FALSE,FALSE,FALSE,FALSE,,,Farm Burger,,8,8,8,,"Blueberry, Pickle, Bell Pepper",Lettuce,"Bacon, Chorizo",,,Classic,Farm Burger is really good,,,,,,,,0,FALSE,TRUE,Chilly,FALSE,FALSE,0,FALSE,0,16194,7.24,22,58,132,3502,Golf,246,,TRUE,TRUE,,"Mom, Dad","Nextplay Nutrition, Tifle",python,TRUE,TRUE,3,4,TRUE,Marvel Rivals,,FALSE,0,
2025-12-21,Sunday,52,December,Cloudy,59,38,55,Norcross,Georgia,USA,Norcross,Georgia,USA,Norcross,Georgia,USA,10:00,00:00,10,0,0,53,8,FALSE,79,Athletic Shirt,Lime Green,,Nike,,Green,33,Joggers,Verdigris,,,,Green,19,Sneakers,Neon Green,Black,Sketchers,,Green,Green,White,Boxers,Green,1,Lime Green,,Stance,Grinch,Green,Glasses,Green,TRUE,2,Dark Green,,Beanie,American Eagle,,Green,TRUE,51,Olive Green,Pastel Green,Pullover,,,Green,2,,Blueberry Pancake and Bacon,Publix Sub,,French Toast Popcorn,Candy Jarrito,FALSE,FALSE,FALSE,FALSE,FALSE,FALSE,,,Publix,,,8,8,,"Blueberry, Pickle, Bell Pepper, Jalepeño",Lettuce,"Bacon, Turkey",,,Classic,Classic,,,,,,,,0,FALSE,TRUE,Warm,FALSE,FALSE,0,FALSE,0,12414,5.48,12,55,127,3421,Golf,120,,TRUE,TRUE,,"Mom, Dad","Nextplay Nutrition, Tifle",python,TRUE,TRUE,2,3,FALSE,,,FALSE,0,
2025-12-22,Monday,52,December,Partly Cloudy,61,48,50,Norcross,Georgia,USA,Norcross,Georgia,USA,Norcross,Georgia,USA,09:00,00:00,9,0,0,21,8,FALSE,35,Polo,Lime Green,,,Golf Clubs,Green,2,Joggers,Forest Green,,American Eagle,,Green,19,Sneakers,Neon Green,Black,Sketchers,,Green,Green,,Boxers,Green,1,Lime Green,,Stance,Grinch,Green,Glasses,Green,TRUE,2,Dark Green,,Beanie,American Eagle,,Green,TRUE,47,Pastel Green,,Hoodie,Greg Norman,,Green,2,,Publix Sub,Orange Chicken w/ Rice,,,,FALSE,FALSE,FALSE,FALSE,FALSE,FALSE,,Publix,,,,8,8,,"Pickle, Bell Pepper, Jalepeño",Lettuce,"Turkey, Chicken",,,Classic,Classic,,,,,,,,0,FALSE,TRUE,Warm,FALSE,FALSE,0,FALSE,0,11820,5.41,19,46,137,3256,Golf,207,,TRUE,TRUE,,"Mom, Dad","Nextplay Nutrition, Tifle",python,TRUE,TRUE,2,3,TRUE,,,FALSE,0,
2025-12-23,Tuesday,52,December,Sunny,66,50,62,Norcross,Georgia,USA,Norcross,Georgia,USA,Norcross,Georgia,USA,08:00,00:00,8,0,0,100,9,FALSE,113,T-Shirt,Cornflour Blue,White,,Cat in the Hat,Blue,26,Khakis,Verdigris,,Docker,,Green,19,Sneakers,Neon Green,Black,Sketchers,,Green,Red,Green,Boxers,Red,18,OIive Green,Black,Stance,Christmas,Green,Glasses,Green,TRUE,2,Dark Green,,Beanie,American Eagle,,Green,TRUE,47,Pastel Green,,Hoodie,Greg Norman,,Green,2,,Orange Chicken w/ Rice,Salmon w/ Carrot,,,,FALSE,FALSE,FALSE,FALSE,FALSE,FALSE,,,,,,8,8,,Banana,Carrot,"Salmon, Chicken",,,Classic,Classic,,,,,,,,0,FALSE,TRUE,Warm,FALSE,FALSE,0,FALSE,0,20751,9.27,36,57,125,4009,Golf,292,,TRUE,TRUE,,"Mom, Dad",,,TRUE,TRUE,2,3,FALSE,,,FALSE,0,
2025-12-24,Wednesday,52,December,Partly Cloudy,75,52,66,Norcross,Georgia,USA,Norcross,Georgia,USA,Norcross,Georgia,USA,10:00,00:00,10,0,0,97,8,FALSE,114,T-Shirt,Kelly Green,Red,,Elf,Green,1,Pajama Pants,Light Blue,White,Star Wars,Baby Yoda,Blue,19,Sneakers,Neon Green,Black,Sketchers,,Green,Green,White,Boxers,Green,44,Forest Green,Red,Roots,Bears,Green,Glasses,Green,FALSE,,,,,,,,FALSE,,,,,,,,1,Waffle and Bacon,Jalepeño Poppers,Sausage,,,,FALSE,FALSE,FALSE,FALSE,FALSE,FALSE,,,,,,8,8,,Jalepeño,,Beef,,,these were new and pretty good,wasn't super hungry so just had a bunch of cut sausages,,,,,,,,0,FALSE,TRUE,Hot,FALSE,FALSE,0,FALSE,0,13158,6.13,29,51,124,3133,,,,FALSE,FALSE,,"Mom, Dad, Matthew, Morgan",,,TRUE,TRUE,2,3,FALSE,,,FALSE,0,
2025-12-25,Thursday,52,December,Partly Cloudy,74,55,70,Norcross,Georgia,USA,Norcross,Georgia,USA,Norcross,Georgia,USA,09:00,00:00,9,1,1,100,10,FALSE,115,T-Shirt,Kelly Green,Red,Target,Grinch,Green,16,Pajama Pants,Forest Green,Red,Old Navy,Candy Canes,Green,19,Sneakers,Neon Green,Black,Sketchers,,Green,Green,,Boxers,Green,71,Pastel Green,Pink,Dick's,Christmas,Green,Glasses,Green,FALSE,,,,,,,,FALSE,,,,,,,,1,,Blueberry Pancake and Bacon,"Ham, Mac and Cheese, Candied Yams, Stuffing, Corn Muffin",,French Toast Popcorn,Sour Patch Watermelon,FALSE,FALSE,FALSE,FALSE,FALSE,FALSE,,,,,10,10,10,,Banana,"Corn, Onion, Yam",Pork,,,Classic,Classic,,,,,,,,0,FALSE,FALSE,,FALSE,FALSE,0,FALSE,0,5955,2.82,0,48,104,2732,,,,FALSE,FALSE,,"Mom, Dad, Matthew, Morgan",,,TRUE,TRUE,2,3,FALSE,Kirby Air Riders,,FALSE,0,
2025-12-26,Friday,52,December,Cloudy,71,62,66,Norcross,Georgia,USA,Norcross,Georgia,USA,Norcross,Georgia,USA,10:00,00:00,10,0,0,50,8,FALSE,116,T-Shirt,Lime Green,Red,Kaitenzushi,Sushi,Green,76,Sweatpants,Red,,GACS,,Red,19,Sneakers,Neon Green,Black,Sketchers,,Green,Green,Blue,Boxers,Green,40,White,Green,Dick's,Ski,White,Glasses,Green,FALSE,,,,,,,,FALSE,,,,,,,,1,,Waffle and Bacon,"Ham, Mac and Cheese, Candied Yams, Stuffing, Corn Muffin",,French Toast Popcorn,"Hot Tamales, Hot Tamales, Hot Tamales",FALSE,FALSE,FALSE,FALSE,FALSE,FALSE,,,,,,8,8,,Banana,"Corn, Onion, Yam","Pork, Turkey",,,Classic,Classic,,,,,,,,0,FALSE,TRUE,Warm,FALSE,FALSE,0,FALSE,0,2359,1.08,0,57,102,2192,,,,TRUE,FALSE,,"Mom, Dad, Matthew, Morgan",Nexplay Nutrition,python,TRUE,TRUE,2,3,FALSE,Kirby Air Riders,,FALSE,0,
2025-12-27,Saturday,52,December,Cloudy,74,58,65,Norcross,Georgia,USA,Norcross,Georgia,USA,Norcross,Georgia,USA,10:00,00:00,10,0,0,30,9,FALSE,117,Athletic Shirt,Forest Green,Red,Mexico,Soccer Jersey,Green,77,Shorts,Gray,Light Green,Nike,,Gray,19,Sneakers,Neon Green,Black,Sketchers,,Green,Green,,Boxers,Green,67,Lime Green,,Amazon,,Green,Glasses,Green,TRUE,30,Black,Neon Green,Cap,Sprints,Alien,Black,FALSE,,,,,,,,1,,Waffle and Bacon,Buffalo Chicken Pizza,,Skinny Pop,,FALSE,FALSE,FALSE,FALSE,FALSE,FALSE,,,,,,8,8,,,"Corn, Onion, Yam","Pork, Turkey",,,Classic,Classic,,,,,,,,0,FALSE,TRUE,Warm,FALSE,FALSE,0,FALSE,0,11230,5.2,9,57,128,3102,Golf,54,,TRUE,FALSE,,"Mom, Dad, Matthew, Morgan",,,TRUE,TRUE,3,4,FALSE,Kirby Air Riders,,FALSE,0,
2025-12-28,Sunday,53,December,Cloudy,67,58,63,Norcross,Georgia,USA,Norcross,Georgia,USA,Norcross,Georgia,USA,09:00,01:00,9,0,0,83,9,FALSE,35,Polo,Lime Green,,,Golf Clubs,Green,26,Khakis,Verdigris,,Docker,,Green,19,Sneakers,Neon Green,Black,Sketchers,,Green,Green,Blue,Boxers,Green,56,Dark Green,White,Roots,Beaver,Green,Glasses,Green,TRUE,30,Black,Neon Green,Cap,Sprints,Alien,Black,FALSE,,,,,,,,1,,Blueberry Pancake and Bacon,Steak and Carrot,,Skinny Pop,Sour Albanese Gummy Bears,FALSE,FALSE,FALSE,FALSE,FALSE,FALSE,,,,,,8,10,,Blueberry,Carrot,"Beef, Bacon",,,Classic,Great steak,,,,,,,,0,FALSE,TRUE,Warm,FALSE,FALSE,0,FALSE,0,13379,6.2,29,62,139,3707,Golf,257,,TRUE,TRUE,,"Mom, Dad, Matthew, Morgan",,,TRUE,TRUE,1,3,FALSE,Kirby Air Riders,,FALSE,0,
2025-12-29,Monday,53,December,Windy,63,29,33,Norcross,Georgia,USA,Norcross,Georgia,USA,Norcross,Georgia,USA,09:00,00:00,8,0,0,17,7,FALSE,115,T-Shirt,Kelly Green,Red,Target,Grinch,Green,16,Pajama Pants,Forest Green,Red,Old Navy,Candy Canes,Green,19,Sneakers,Neon Green,Black,Sketchers,,Green,Green,White,Boxers,Green,56,Dark Green,White,Roots,Beaver,Green,Glasses,Green,FALSE,,,,,,,,FALSE,,,,,,,,,,Blueberry Pancake and Bacon,Steak and Carrot,,Skinny Pop,,FALSE,FALSE,FALSE,FALSE,FALSE,FALSE,,,,,,8,8,,,Carrot,"Beef, Bacon",,,Classic,Classic,,,,,,,,0,FALSE,TRUE,Cold,TRUE,FALSE,0,TRUE,30,2637,1.21,4,55,112,2269,,,,TRUE,FALSE,,"Mom, Dad, Morgan",Nexplay Nutrition,"python, R",TRUE,TRUE,2,3,FALSE,Kirby Air Riders,,FALSE,0,
2025-12-30,Tuesday,53,December,Sunny,47,25,34,Norcross,Georgia,USA,Norcross,Georgia,USA,Norcross,Georgia,USA,10:00,00:00,10,0,0,21,8,FALSE,118,T-Shirt,Dark Blue,Brown,Target,Regular Show,Blue,2,Joggers,Forest Green,,American Eagle,,Green,19,Sneakers,Neon Green,Black,Sketchers,,Green,Blue,Green,Boxers,Blue,40,White,Green,Dick's,Ski,White,Glasses,Green,TRUE,30,Black,Neon Green,Cap,Sprints,Alien,Black,TRUE,51,Olive Green,Pastel Green,Pullover,,,Green,2,,Waflle and Bacon,Baked Spaghetti,,,"Hot Tamales, Hot Tamales, Hot Tamales",FALSE,FALSE,FALSE,FALSE,FALSE,FALSE,,,,,,8,8,,Banana,,Bacon,,,Classic,Classic,,,,,,,,0,FALSE,TRUE,Chilly,FALSE,FALSE,0,FALSE,0,6130,2.8,1,48,96,2638,,,,TRUE,FALSE,,"Mom, Dad, Morgan",Nexplay Nutrition,"python, R",TRUE,TRUE,2,3,FALSE,Kirby Air Riders,,FALSE,0,
2025-12-31,Wednesday,53,December,Sunny,49,29,46,Norcross,Georgia,USA,Norcross,Georgia,USA,Norcross,Georgia,USA,09:00,01:00,9,0,0,55,8,FALSE,115,T-Shirt,Kelly Green,Red,Target,Grinch,Green,33,Joggers,Verdigris,,,,Green,19,Sneakers,Neon Green,Black,Sketchers,,Green,Green,,Boxers,Green,1,Lime Green,,Stance,Grinch,Green,Glasses,Green,TRUE,30,Black,Neon Green,Cap,Sprints,Alien,Black,TRUE,12,Moss Green,,Sweater,Mango,,Green,2,,Chicken Wings,"Ribs, Brisket Quesadilla",,Chik-fil-a Chips,,FALSE,FALSE,FALSE,FALSE,FALSE,FALSE,,,,,,8,8,,,,"Chicken, Beef",,,Classic,Classic,,,,,,,,0,FALSE,TRUE,Chilly,FALSE,FALSE,0,FALSE,0,9281,4.23,10,56,100,2928,,,,TRUE,FALSE,,"Mom, Dad, Matthew, Morgan",Nexplay Nutrition,"python, R",TRUE,TRUE,2,3,FALSE,Kirby Air Riders,,FALSE,0,
